2026-07-01 12:44:55,031 - Drone1 - INFO - Logger initialized for drone 1
2026-07-01 12:44:55,032 - Drone1.Communication - INFO - Communication initialized on 0.0.0.0:14560
2026-07-01 12:44:55,033 - Drone1.StateMachine - INFO - StateMachine initialized
2026-07-01 12:44:55,033 - Drone1 - INFO - DroneAgent initialized
2026-07-01 12:44:55,033 - Drone1 - INFO - Starting DroneAgent...
2026-07-01 12:44:55,033 - Drone1.MAVSDKController - INFO - Starting MAVSDK controller...
2026-07-01 12:44:55,035 - Drone1.MAVSDKController - INFO - Connecting to drone via udp://:14540
2026-07-01 12:47:47,200 - Drone1 - INFO - Logger initialized for drone 1
2026-07-01 12:47:47,200 - Drone1.Communication - INFO - Communication initialized on 0.0.0.0:14560
2026-07-01 12:47:47,201 - Drone1.StateMachine - INFO - StateMachine initialized
2026-07-01 12:47:47,201 - Drone1 - INFO - DroneAgent initialized
2026-07-01 12:47:47,201 - Drone1 - INFO - Starting DroneAgent...
2026-07-01 12:47:47,202 - Drone1.MAVSDKController - INFO - Starting MAVSDK controller...
2026-07-01 12:47:47,203 - Drone1.MAVSDKController - INFO - Connecting to drone via udp://:14540
2026-07-01 12:47:49,203 - Drone1.Communication - INFO - Communication started
2026-07-01 12:47:49,204 - Drone1.Telemetry - INFO - Telemetry background tasks scheduled
2026-07-01 12:47:49,204 - Drone1.Telemetry - ERROR - GPS telemetry error: Telemetry plugin has not been initialized! Did you run `System.connect()`?
2026-07-01 12:47:49,206 - Drone1.Decision - INFO - Decision engine started
2026-07-01 12:47:49,207 - Drone1.Telemetry - ERROR - Position velocity NED telemetry error: Telemetry plugin has not been initialized! Did you run `System.connect()`?
2026-07-01 12:47:49,207 - Drone1.Telemetry - ERROR - Attitude telemetry error: Telemetry plugin has not been initialized! Did you run `System.connect()`?
2026-07-01 12:47:49,207 - Drone1.MovementController - INFO - Movement controller started
2026-07-01 12:47:49,207 - Drone1.Telemetry - ERROR - Battery telemetry error: Telemetry plugin has not been initialized! Did you run `System.connect()`?
2026-07-01 12:47:49,208 - Drone1.Heartbeat - INFO - Heartbeat started at 10.0 Hz
2026-07-01 12:47:49,208 - Drone1.Telemetry - ERROR - Health telemetry error: Telemetry plugin has not been initialized! Did you run `System.connect()`?
2026-07-01 12:47:49,209 - Drone1.Telemetry - ERROR - In-air telemetry error: Telemetry plugin has not been initialized! Did you run `System.connect()`?
2026-07-01 12:47:49,209 - Drone1.Telemetry - ERROR - Armed telemetry error: Telemetry plugin has not been initialized! Did you run `System.connect()`?
2026-07-01 12:47:49,209 - Drone1.Telemetry - ERROR - Home telemetry error: Telemetry plugin has not been initialized! Did you run `System.connect()`?
2026-07-01 12:47:49,210 - Drone1 - INFO - All subsystems started
2026-07-01 12:53:56,993 - Drone1 - INFO - Received signal 2, initiating shutdown...
2026-07-01 12:53:57,002 - Drone1 - INFO - Shutting down DroneAgent...
2026-07-01 12:53:57,003 - Drone1.Heartbeat - INFO - Heartbeat stopped
2026-07-01 12:53:57,006 - Drone1.MovementController - INFO - Movement controller stopped
2026-07-01 12:53:57,044 - Drone1.Decision - INFO - Decision engine stopped
2026-07-01 12:53:57,044 - Drone1.Telemetry - INFO - Telemetry stopped
2026-07-01 12:53:57,045 - Drone1.Communication - INFO - Communication stopped
2026-07-01 12:53:57,045 - Drone1.MAVSDKController - INFO - Stopping MAVSDK controller...
2026-07-01 12:53:59,230 - Drone1 - INFO - Received signal 2, initiating shutdown...
2026-07-01 12:53:59,231 - Drone1 - INFO - Shutting down DroneAgent...
2026-07-01 12:53:59,231 - Drone1.Heartbeat - INFO - Heartbeat stopped
2026-07-01 12:53:59,231 - Drone1.MovementController - INFO - Movement controller stopped
2026-07-01 12:53:59,231 - Drone1.Decision - INFO - Decision engine stopped
2026-07-01 12:53:59,232 - Drone1.Telemetry - INFO - Telemetry stopped
2026-07-01 12:53:59,232 - Drone1.Communication - INFO - Communication stopped
2026-07-01 12:53:59,232 - Drone1.MAVSDKController - INFO - Stopping MAVSDK controller...
2026-07-01 12:53:59,822 - Drone1 - INFO - Received signal 2, initiating shutdown...
2026-07-01 12:53:59,822 - Drone1 - INFO - Shutting down DroneAgent...
2026-07-01 12:53:59,823 - Drone1.Heartbeat - INFO - Heartbeat stopped
2026-07-01 12:53:59,823 - Drone1.MovementController - INFO - Movement controller stopped
2026-07-01 12:53:59,823 - Drone1.Decision - INFO - Decision engine stopped
2026-07-01 12:53:59,824 - Drone1.Telemetry - INFO - Telemetry stopped
2026-07-01 12:53:59,824 - Drone1.Communication - INFO - Communication stopped
2026-07-01 12:53:59,824 - Drone1.MAVSDKController - INFO - Stopping MAVSDK controller...
2026-07-01 12:54:00,152 - Drone1 - INFO - Received signal 2, initiating shutdown...
2026-07-01 12:54:00,152 - Drone1 - INFO - Shutting down DroneAgent...
2026-07-01 12:54:00,152 - Drone1.Heartbeat - INFO - Heartbeat stopped
2026-07-01 12:54:00,153 - Drone1.MovementController - INFO - Movement controller stopped
2026-07-01 12:54:00,153 - Drone1.Decision - INFO - Decision engine stopped
2026-07-01 12:54:00,153 - Drone1.Telemetry - INFO - Telemetry stopped
2026-07-01 12:54:00,154 - Drone1.Communication - INFO - Communication stopped
2026-07-01 12:54:00,154 - Drone1.MAVSDKController - INFO - Stopping MAVSDK controller...
2026-07-01 12:54:00,402 - Drone1 - INFO - Received signal 2, initiating shutdown...
2026-07-01 12:54:00,403 - Drone1 - INFO - Shutting down DroneAgent...
2026-07-01 12:54:00,403 - Drone1.Heartbeat - INFO - Heartbeat stopped
2026-07-01 12:54:00,403 - Drone1.MovementController - INFO - Movement controller stopped
2026-07-01 12:54:00,404 - Drone1.Decision - INFO - Decision engine stopped
2026-07-01 12:54:00,404 - Drone1.Telemetry - INFO - Telemetry stopped
2026-07-01 12:54:00,404 - Drone1.Communication - INFO - Communication stopped
2026-07-01 12:54:00,405 - Drone1.MAVSDKController - INFO - Stopping MAVSDK controller...
2026-07-01 12:54:00,634 - Drone1 - INFO - Received signal 2, initiating shutdown...
2026-07-01 12:54:00,635 - Drone1 - INFO - Shutting down DroneAgent...
2026-07-01 12:54:00,635 - Drone1.Heartbeat - INFO - Heartbeat stopped
2026-07-01 12:54:00,636 - Drone1.MovementController - INFO - Movement controller stopped
2026-07-01 12:54:00,636 - Drone1.Decision - INFO - Decision engine stopped
2026-07-01 12:54:00,636 - Drone1.Telemetry - INFO - Telemetry stopped
2026-07-01 12:54:00,637 - Drone1.Communication - INFO - Communication stopped
2026-07-01 12:54:00,637 - Drone1.MAVSDKController - INFO - Stopping MAVSDK controller...
2026-07-01 12:54:00,873 - Drone1 - INFO - Received signal 2, initiating shutdown...
2026-07-01 12:54:00,873 - Drone1 - INFO - Shutting down DroneAgent...
2026-07-01 12:54:00,873 - Drone1.Heartbeat - INFO - Heartbeat stopped
2026-07-01 12:54:00,874 - Drone1.MovementController - INFO - Movement controller stopped
2026-07-01 12:54:00,874 - Drone1.Decision - INFO - Decision engine stopped
2026-07-01 12:54:00,874 - Drone1.Telemetry - INFO - Telemetry stopped
2026-07-01 12:54:00,874 - Drone1.Communication - INFO - Communication stopped
2026-07-01 12:54:00,875 - Drone1.MAVSDKController - INFO - Stopping MAVSDK controller...
2026-07-01 12:54:01,128 - Drone1 - INFO - Received signal 2, initiating shutdown...
2026-07-01 12:54:01,131 - Drone1 - INFO - Shutting down DroneAgent...
2026-07-01 12:54:01,131 - Drone1.Heartbeat - INFO - Heartbeat stopped
2026-07-01 12:54:01,132 - Drone1.MovementController - INFO - Movement controller stopped
2026-07-01 12:54:01,132 - Drone1.Decision - INFO - Decision engine stopped
2026-07-01 12:54:01,132 - Drone1.Telemetry - INFO - Telemetry stopped
2026-07-01 12:54:01,133 - Drone1.Communication - INFO - Communication stopped
2026-07-01 12:54:01,133 - Drone1.MAVSDKController - INFO - Stopping MAVSDK controller...
2026-07-01 12:54:01,390 - Drone1 - INFO - Received signal 2, initiating shutdown...
2026-07-01 12:54:01,390 - Drone1 - INFO - Shutting down DroneAgent...
2026-07-01 12:54:01,390 - Drone1.Heartbeat - INFO - Heartbeat stopped
2026-07-01 12:54:01,391 - Drone1.MovementController - INFO - Movement controller stopped
2026-07-01 12:54:01,391 - Drone1.Decision - INFO - Decision engine stopped
2026-07-01 12:54:01,391 - Drone1.Telemetry - INFO - Telemetry stopped
2026-07-01 12:54:01,392 - Drone1.Communication - INFO - Communication stopped
2026-07-01 12:54:01,392 - Drone1.MAVSDKController - INFO - Stopping MAVSDK controller...
2026-07-01 12:54:01,612 - Drone1 - INFO - Received signal 2, initiating shutdown...
2026-07-01 12:54:01,613 - Drone1 - INFO - Shutting down DroneAgent...
2026-07-01 12:54:01,613 - Drone1.Heartbeat - INFO - Heartbeat stopped
2026-07-01 12:54:01,613 - Drone1.MovementController - INFO - Movement controller stopped
2026-07-01 12:54:01,613 - Drone1.Decision - INFO - Decision engine stopped
2026-07-01 12:54:01,614 - Drone1.Telemetry - INFO - Telemetry stopped
2026-07-01 12:54:01,614 - Drone1.Communication - INFO - Communication stopped
2026-07-01 12:54:01,615 - Drone1.MAVSDKController - INFO - Stopping MAVSDK controller...
2026-07-01 12:54:08,772 - Drone1 - INFO - Logger initialized for drone 1
2026-07-01 12:54:08,773 - Drone1.Communication - INFO - Communication initialized on 0.0.0.0:14560
2026-07-01 12:54:08,773 - Drone1.StateMachine - INFO - StateMachine initialized
2026-07-01 12:54:08,774 - Drone1 - INFO - DroneAgent initialized
2026-07-01 12:54:08,774 - Drone1 - INFO - Starting DroneAgent...
2026-07-01 12:54:08,775 - Drone1.MAVSDKController - INFO - Starting MAVSDK controller...
2026-07-01 12:54:08,776 - Drone1.MAVSDKController - INFO - Connecting to drone via udp://:14540
2026-07-01 12:54:09,984 - Drone1.MAVSDKController - INFO - Drone discovered!
2026-07-01 12:54:10,748 - Drone1.MAVSDKController - INFO - Global position estimate OK
2026-07-01 12:54:10,777 - Drone1.Communication - INFO - Communication started
2026-07-01 12:54:10,777 - Drone1.Telemetry - INFO - Telemetry background tasks scheduled
2026-07-01 12:54:10,779 - Drone1.Telemetry - ERROR - Attitude telemetry error: 'Telemetry' object has no attribute 'attitude_eulerian'
2026-07-01 12:54:10,779 - Drone1.Decision - INFO - Decision engine started
2026-07-01 12:54:10,780 - Drone1.MovementController - INFO - Movement controller started
2026-07-01 12:54:10,781 - Drone1.Heartbeat - INFO - Heartbeat started at 10.0 Hz
2026-07-01 12:54:10,782 - Drone1 - INFO - All subsystems started
2026-07-01 12:54:10,948 - Drone1.MAVSDKController - DEBUG - Battery: 10000.0%
2026-07-01 12:54:13,749 - Drone1.MAVSDKController - DEBUG - Battery: 10000.0%
2026-07-01 12:54:15,749 - Drone1.MAVSDKController - DEBUG - Battery: 10000.0%
2026-07-01 12:54:17,749 - Drone1.MAVSDKController - DEBUG - Battery: 10000.0%
2026-07-01 12:54:19,748 - Drone1.MAVSDKController - DEBUG - Battery: 10000.0%
2026-07-01 12:54:21,749 - Drone1.MAVSDKController - DEBUG - Battery: 10000.0%
2026-07-01 12:54:23,749 - Drone1.MAVSDKController - DEBUG - Battery: 10000.0%
2026-07-01 12:54:25,748 - Drone1.MAVSDKController - DEBUG - Battery: 10000.0%
2026-07-01 12:54:27,748 - Drone1.MAVSDKController - DEBUG - Battery: 10000.0%
2026-07-01 12:54:29,749 - Drone1.MAVSDKController - DEBUG - Battery: 10000.0%
2026-07-01 12:54:31,749 - Drone1.MAVSDKController - DEBUG - Battery: 10000.0%
2026-07-01 12:54:33,748 - Drone1.MAVSDKController - DEBUG - Battery: 10000.0%
2026-07-01 12:54:35,748 - Drone1.MAVSDKController - DEBUG - Battery: 10000.0%
2026-07-01 12:54:37,762 - Drone1.MAVSDKController - DEBUG - Battery: 10000.0%
2026-07-01 12:54:39,755 - Drone1.MAVSDKController - DEBUG - Battery: 10000.0%
2026-07-01 12:54:41,754 - Drone1.MAVSDKController - DEBUG - Battery: 10000.0%
2026-07-01 12:54:43,756 - Drone1.MAVSDKController - DEBUG - Battery: 10000.0%
2026-07-01 12:54:45,755 - Drone1.MAVSDKController - DEBUG - Battery: 10000.0%
2026-07-01 12:54:47,753 - Drone1.MAVSDKController - DEBUG - Battery: 10000.0%
2026-07-01 12:54:49,753 - Drone1.MAVSDKController - DEBUG - Battery: 10000.0%
2026-07-01 12:54:51,753 - Drone1.MAVSDKController - DEBUG - Battery: 10000.0%
2026-07-01 12:54:53,754 - Drone1.MAVSDKController - DEBUG - Battery: 10000.0%
2026-07-01 12:54:55,754 - Drone1.MAVSDKController - DEBUG - Battery: 10000.0%
2026-07-01 12:54:57,754 - Drone1.MAVSDKController - DEBUG - Battery: 10000.0%
2026-07-01 12:54:59,754 - Drone1.MAVSDKController - DEBUG - Battery: 10000.0%
2026-07-01 12:55:01,754 - Drone1.MAVSDKController - DEBUG - Battery: 10000.0%
2026-07-01 12:55:03,754 - Drone1.MAVSDKController - DEBUG - Battery: 10000.0%
2026-07-01 12:55:05,754 - Drone1.MAVSDKController - DEBUG - Battery: 10000.0%
2026-07-01 12:55:07,755 - Drone1.MAVSDKController - DEBUG - Battery: 10000.0%
2026-07-01 12:55:09,754 - Drone1.MAVSDKController - DEBUG - Battery: 10000.0%
2026-07-01 12:55:11,754 - Drone1.MAVSDKController - DEBUG - Battery: 10000.0%
2026-07-01 12:55:13,754 - Drone1.MAVSDKController - DEBUG - Battery: 10000.0%
2026-07-01 12:55:15,754 - Drone1.MAVSDKController - DEBUG - Battery: 10000.0%
2026-07-01 12:55:17,754 - Drone1.MAVSDKController - DEBUG - Battery: 10000.0%
2026-07-01 12:55:19,755 - Drone1.MAVSDKController - DEBUG - Battery: 10000.0%
2026-07-01 12:55:21,754 - Drone1.MAVSDKController - DEBUG - Battery: 10000.0%
2026-07-01 12:55:23,754 - Drone1.MAVSDKController - DEBUG - Battery: 10000.0%
2026-07-01 12:55:25,755 - Drone1.MAVSDKController - DEBUG - Battery: 10000.0%
2026-07-01 12:55:27,754 - Drone1.MAVSDKController - DEBUG - Battery: 10000.0%
2026-07-01 12:55:29,755 - Drone1.MAVSDKController - DEBUG - Battery: 10000.0%
2026-07-01 12:55:31,754 - Drone1.MAVSDKController - DEBUG - Battery: 10000.0%
2026-07-01 12:55:33,759 - Drone1.MAVSDKController - DEBUG - Battery: 10000.0%
2026-07-01 12:55:35,759 - Drone1.MAVSDKController - DEBUG - Battery: 10000.0%
2026-07-01 12:55:37,758 - Drone1.MAVSDKController - DEBUG - Battery: 10000.0%
2026-07-01 12:55:39,758 - Drone1.MAVSDKController - DEBUG - Battery: 10000.0%
2026-07-01 12:55:41,758 - Drone1.MAVSDKController - DEBUG - Battery: 10000.0%
2026-07-01 12:55:43,758 - Drone1.MAVSDKController - DEBUG - Battery: 10000.0%
2026-07-01 12:55:45,758 - Drone1.MAVSDKController - DEBUG - Battery: 10000.0%
2026-07-01 12:55:47,758 - Drone1.MAVSDKController - DEBUG - Battery: 10000.0%
2026-07-01 12:55:49,758 - Drone1.MAVSDKController - DEBUG - Battery: 10000.0%
2026-07-01 12:55:51,758 - Drone1.MAVSDKController - DEBUG - Battery: 10000.0%
2026-07-01 12:55:53,758 - Drone1.MAVSDKController - DEBUG - Battery: 10000.0%
2026-07-01 12:55:55,759 - Drone1.MAVSDKController - DEBUG - Battery: 10000.0%
2026-07-01 12:55:57,759 - Drone1.MAVSDKController - DEBUG - Battery: 10000.0%
2026-07-01 12:55:59,760 - Drone1.MAVSDKController - DEBUG - Battery: 10000.0%
2026-07-01 12:56:01,764 - Drone1.MAVSDKController - DEBUG - Battery: 10000.0%
2026-07-01 12:56:03,765 - Drone1.MAVSDKController - DEBUG - Battery: 10000.0%
2026-07-01 12:56:05,765 - Drone1.MAVSDKController - DEBUG - Battery: 10000.0%
2026-07-01 12:56:07,765 - Drone1.MAVSDKController - DEBUG - Battery: 10000.0%
2026-07-01 12:56:09,764 - Drone1.MAVSDKController - DEBUG - Battery: 10000.0%
2026-07-01 12:56:11,764 - Drone1.MAVSDKController - DEBUG - Battery: 10000.0%
2026-07-01 12:56:13,764 - Drone1.MAVSDKController - DEBUG - Battery: 10000.0%
2026-07-01 12:56:15,764 - Drone1.MAVSDKController - DEBUG - Battery: 10000.0%
2026-07-01 12:56:17,764 - Drone1.MAVSDKController - DEBUG - Battery: 10000.0%
2026-07-01 12:56:19,068 - Drone1 - INFO - Logger initialized for drone 1
2026-07-01 12:56:19,069 - Drone1.Communication - INFO - Communication initialized on 0.0.0.0:14560
2026-07-01 12:56:19,069 - Drone1.StateMachine - INFO - StateMachine initialized
2026-07-01 12:56:19,070 - Drone1 - INFO - DroneAgent initialized
2026-07-01 12:56:19,764 - Drone1.MAVSDKController - DEBUG - Battery: 10000.0%
2026-07-01 12:56:21,764 - Drone1.MAVSDKController - DEBUG - Battery: 10000.0%
2026-07-01 12:56:23,764 - Drone1.MAVSDKController - DEBUG - Battery: 10000.0%
2026-07-01 12:56:25,765 - Drone1.MAVSDKController - DEBUG - Battery: 10000.0%
2026-07-01 12:56:27,765 - Drone1.MAVSDKController - DEBUG - Battery: 10000.0%
2026-07-01 12:56:29,764 - Drone1.MAVSDKController - DEBUG - Battery: 10000.0%
2026-07-01 12:56:31,764 - Drone1.MAVSDKController - DEBUG - Battery: 10000.0%
2026-07-01 12:56:33,764 - Drone1.MAVSDKController - DEBUG - Battery: 10000.0%
2026-07-01 12:56:35,765 - Drone1.MAVSDKController - DEBUG - Battery: 10000.0%
2026-07-01 12:56:37,765 - Drone1.MAVSDKController - DEBUG - Battery: 10000.0%
2026-07-01 12:56:39,765 - Drone1.MAVSDKController - DEBUG - Battery: 10000.0%
2026-07-01 12:56:39,874 - Drone1 - INFO - Received signal 2, initiating shutdown...
2026-07-01 12:56:39,875 - Drone1 - INFO - Shutting down DroneAgent...
2026-07-01 12:56:39,875 - Drone1.Heartbeat - INFO - Heartbeat stopped
2026-07-01 12:56:39,877 - Drone1.Telemetry - ERROR - Home telemetry error: <AioRpcError of RPC that terminated with:
	status = StatusCode.UNAVAILABLE
	details = "Stream removed (Socket closed)"
	debug_error_string = "UNAVAILABLE:Stream removed (Socket closed)"
>
2026-07-01 12:56:39,878 - Drone1.Telemetry - ERROR - In-air telemetry error: <AioRpcError of RPC that terminated with:
	status = StatusCode.UNAVAILABLE
	details = "Stream removed (Socket closed)"
	debug_error_string = "UNAVAILABLE:Stream removed (Socket closed)"
>
2026-07-01 12:56:39,879 - Drone1.Telemetry - ERROR - Armed telemetry error: <AioRpcError of RPC that terminated with:
	status = StatusCode.UNAVAILABLE
	details = "Stream removed (Socket closed)"
	debug_error_string = "UNAVAILABLE:Stream removed (Socket closed)"
>
2026-07-01 12:56:39,890 - Drone1.Telemetry - ERROR - Position velocity NED telemetry error: <AioRpcError of RPC that terminated with:
	status = StatusCode.UNAVAILABLE
	details = "Stream removed (Socket closed)"
	debug_error_string = "UNAVAILABLE:Stream removed (Socket closed)"
>
2026-07-01 12:56:39,892 - Drone1.MovementController - INFO - Movement controller stopped
2026-07-01 12:56:39,957 - Drone1.Decision - INFO - Decision engine stopped
2026-07-01 12:56:39,957 - Drone1.Telemetry - INFO - Telemetry stopped
2026-07-01 12:56:39,958 - Drone1.Communication - INFO - Communication stopped
2026-07-01 12:56:39,959 - Drone1.MAVSDKController - INFO - Stopping MAVSDK controller...
2026-07-01 12:56:40,767 - Drone1 - INFO - DroneAgent shutdown complete
2026-07-01 12:56:40,775 - Drone1 - INFO - Shutting down DroneAgent...
2026-07-01 12:56:40,776 - Drone1.Heartbeat - INFO - Heartbeat stopped
2026-07-01 12:56:40,776 - Drone1.MovementController - INFO - Movement controller stopped
2026-07-01 12:56:40,776 - Drone1.Decision - INFO - Decision engine stopped
2026-07-01 12:56:40,776 - Drone1.Telemetry - INFO - Telemetry stopped
2026-07-01 12:56:40,777 - Drone1.Communication - INFO - Communication stopped
2026-07-01 12:56:40,777 - Drone1.MAVSDKController - INFO - Stopping MAVSDK controller...
2026-07-01 12:56:40,777 - Drone1 - INFO - DroneAgent shutdown complete
2026-07-01 12:56:43,686 - Drone1 - INFO - Logger initialized for drone 1
2026-07-01 12:56:43,686 - Drone1.Communication - INFO - Communication initialized on 0.0.0.0:14560
2026-07-01 12:56:43,687 - Drone1.StateMachine - INFO - StateMachine initialized
2026-07-01 12:56:43,687 - Drone1 - INFO - DroneAgent initialized
2026-07-01 12:56:43,688 - Drone1 - INFO - Starting DroneAgent...
2026-07-01 12:56:43,688 - Drone1.MAVSDKController - INFO - Starting MAVSDK controller...
2026-07-01 12:56:43,690 - Drone1.MAVSDKController - INFO - Connecting to drone via udp://:14540
2026-07-01 12:56:44,906 - Drone1.MAVSDKController - INFO - Drone discovered!
2026-07-01 12:56:45,690 - Drone1.Communication - INFO - Communication started
2026-07-01 12:56:45,691 - Drone1.Telemetry - INFO - Telemetry background tasks scheduled
2026-07-01 12:56:45,697 - Drone1.Decision - INFO - Decision engine started
2026-07-01 12:56:45,698 - Drone1.MovementController - INFO - Movement controller started
2026-07-01 12:56:45,698 - Drone1.Heartbeat - INFO - Heartbeat started at 10.0 Hz
2026-07-01 12:56:45,699 - Drone1 - INFO - All subsystems started
2026-07-01 12:56:45,764 - Drone1.MAVSDKController - INFO - Global position estimate OK
2026-07-01 12:56:47,764 - Drone1.MAVSDKController - DEBUG - Battery: 10000.0%
2026-07-01 12:56:49,765 - Drone1.MAVSDKController - DEBUG - Battery: 10000.0%
2026-07-01 12:56:51,765 - Drone1.MAVSDKController - DEBUG - Battery: 10000.0%
2026-07-01 12:56:53,765 - Drone1.MAVSDKController - DEBUG - Battery: 10000.0%
2026-07-01 12:56:55,764 - Drone1.MAVSDKController - DEBUG - Battery: 10000.0%
2026-07-01 12:56:57,765 - Drone1.MAVSDKController - DEBUG - Battery: 10000.0%
2026-07-01 12:56:59,765 - Drone1.MAVSDKController - DEBUG - Battery: 10000.0%
2026-07-01 12:57:01,764 - Drone1.MAVSDKController - DEBUG - Battery: 10000.0%
2026-07-01 12:57:03,765 - Drone1.MAVSDKController - DEBUG - Battery: 10000.0%
2026-07-01 12:57:05,764 - Drone1.MAVSDKController - DEBUG - Battery: 10000.0%
2026-07-01 12:57:07,765 - Drone1.MAVSDKController - DEBUG - Battery: 10000.0%
2026-07-01 12:57:09,765 - Drone1.MAVSDKController - DEBUG - Battery: 10000.0%
2026-07-01 12:57:11,764 - Drone1.MAVSDKController - DEBUG - Battery: 10000.0%
2026-07-01 12:57:13,764 - Drone1.MAVSDKController - DEBUG - Battery: 10000.0%
2026-07-01 12:57:15,765 - Drone1.MAVSDKController - DEBUG - Battery: 10000.0%
2026-07-01 12:57:17,764 - Drone1.MAVSDKController - DEBUG - Battery: 10000.0%
2026-07-01 12:57:19,764 - Drone1.MAVSDKController - DEBUG - Battery: 10000.0%
2026-07-01 12:57:21,769 - Drone1.MAVSDKController - DEBUG - Battery: 10000.0%
2026-07-01 12:57:23,771 - Drone1.MAVSDKController - DEBUG - Battery: 10000.0%
2026-07-01 12:57:25,770 - Drone1.MAVSDKController - DEBUG - Battery: 10000.0%
2026-07-01 12:57:27,769 - Drone1.MAVSDKController - DEBUG - Battery: 10000.0%
2026-07-01 12:57:29,769 - Drone1.MAVSDKController - DEBUG - Battery: 10000.0%
2026-07-01 12:57:31,768 - Drone1.MAVSDKController - DEBUG - Battery: 10000.0%
2026-07-01 12:57:33,770 - Drone1.MAVSDKController - DEBUG - Battery: 10000.0%
2026-07-01 12:57:35,769 - Drone1.MAVSDKController - DEBUG - Battery: 10000.0%
2026-07-01 12:57:37,769 - Drone1.MAVSDKController - DEBUG - Battery: 10000.0%
2026-07-01 12:57:39,769 - Drone1.MAVSDKController - DEBUG - Battery: 10000.0%
2026-07-01 12:57:41,769 - Drone1.MAVSDKController - DEBUG - Battery: 10000.0%
2026-07-01 12:57:43,768 - Drone1.MAVSDKController - DEBUG - Battery: 10000.0%
2026-07-01 12:57:45,769 - Drone1.MAVSDKController - DEBUG - Battery: 10000.0%
2026-07-01 12:57:47,769 - Drone1.MAVSDKController - DEBUG - Battery: 10000.0%
2026-07-01 12:57:49,768 - Drone1.MAVSDKController - DEBUG - Battery: 10000.0%
2026-07-01 12:57:51,769 - Drone1.MAVSDKController - DEBUG - Battery: 10000.0%
2026-07-01 12:57:53,769 - Drone1.MAVSDKController - DEBUG - Battery: 10000.0%
2026-07-01 12:57:55,769 - Drone1.MAVSDKController - DEBUG - Battery: 10000.0%
2026-07-01 12:57:57,768 - Drone1.MAVSDKController - DEBUG - Battery: 10000.0%
2026-07-01 12:57:59,768 - Drone1.MAVSDKController - DEBUG - Battery: 10000.0%
2026-07-01 12:58:01,768 - Drone1.MAVSDKController - DEBUG - Battery: 10000.0%
2026-07-01 12:58:03,769 - Drone1.MAVSDKController - DEBUG - Battery: 10000.0%
2026-07-01 12:58:05,768 - Drone1.MAVSDKController - DEBUG - Battery: 10000.0%
2026-07-01 12:58:07,769 - Drone1.MAVSDKController - DEBUG - Battery: 10000.0%
2026-07-01 12:58:09,769 - Drone1.MAVSDKController - DEBUG - Battery: 10000.0%
2026-07-01 12:58:11,773 - Drone1.MAVSDKController - DEBUG - Battery: 10000.0%
2026-07-01 12:58:13,773 - Drone1.MAVSDKController - DEBUG - Battery: 10000.0%
2026-07-01 12:58:15,773 - Drone1.MAVSDKController - DEBUG - Battery: 10000.0%
2026-07-01 12:58:17,773 - Drone1.MAVSDKController - DEBUG - Battery: 10000.0%
2026-07-01 12:58:19,773 - Drone1.MAVSDKController - DEBUG - Battery: 10000.0%
2026-07-01 12:58:21,773 - Drone1.MAVSDKController - DEBUG - Battery: 10000.0%
2026-07-01 12:58:23,773 - Drone1.MAVSDKController - DEBUG - Battery: 10000.0%
2026-07-01 12:58:25,773 - Drone1.MAVSDKController - DEBUG - Battery: 10000.0%
2026-07-01 12:58:27,774 - Drone1.MAVSDKController - DEBUG - Battery: 10000.0%
2026-07-01 12:58:29,773 - Drone1.MAVSDKController - DEBUG - Battery: 10000.0%
2026-07-01 12:58:31,773 - Drone1.MAVSDKController - DEBUG - Battery: 10000.0%
2026-07-01 12:58:33,773 - Drone1.MAVSDKController - DEBUG - Battery: 10000.0%
2026-07-01 12:58:35,773 - Drone1.MAVSDKController - DEBUG - Battery: 10000.0%
2026-07-01 12:58:37,773 - Drone1.MAVSDKController - DEBUG - Battery: 10000.0%
2026-07-01 12:58:39,773 - Drone1.MAVSDKController - DEBUG - Battery: 10000.0%
2026-07-01 12:58:41,773 - Drone1.MAVSDKController - DEBUG - Battery: 10000.0%
2026-07-01 12:58:43,773 - Drone1.MAVSDKController - DEBUG - Battery: 10000.0%
2026-07-01 12:58:45,773 - Drone1.MAVSDKController - DEBUG - Battery: 10000.0%
2026-07-01 12:58:47,773 - Drone1.MAVSDKController - DEBUG - Battery: 10000.0%
2026-07-01 12:58:49,773 - Drone1.MAVSDKController - DEBUG - Battery: 10000.0%
2026-07-01 12:58:51,772 - Drone1.MAVSDKController - DEBUG - Battery: 10000.0%
2026-07-01 12:58:53,772 - Drone1.MAVSDKController - DEBUG - Battery: 10000.0%
2026-07-01 12:58:55,773 - Drone1.MAVSDKController - DEBUG - Battery: 10000.0%
2026-07-01 12:58:57,773 - Drone1.MAVSDKController - DEBUG - Battery: 10000.0%
2026-07-01 12:58:59,773 - Drone1.MAVSDKController - DEBUG - Battery: 10000.0%
2026-07-01 12:59:01,773 - Drone1.MAVSDKController - DEBUG - Battery: 10000.0%
2026-07-01 12:59:03,773 - Drone1.MAVSDKController - DEBUG - Battery: 10000.0%
2026-07-01 12:59:05,773 - Drone1.MAVSDKController - DEBUG - Battery: 10000.0%
2026-07-01 12:59:07,773 - Drone1.MAVSDKController - DEBUG - Battery: 10000.0%
2026-07-01 12:59:09,773 - Drone1.MAVSDKController - DEBUG - Battery: 10000.0%
2026-07-01 12:59:11,773 - Drone1.MAVSDKController - DEBUG - Battery: 10000.0%
2026-07-01 12:59:13,773 - Drone1.MAVSDKController - DEBUG - Battery: 10000.0%
2026-07-01 12:59:15,773 - Drone1.MAVSDKController - DEBUG - Battery: 10000.0%
2026-07-01 12:59:17,773 - Drone1.MAVSDKController - DEBUG - Battery: 10000.0%
2026-07-01 12:59:19,773 - Drone1.MAVSDKController - DEBUG - Battery: 10000.0%
2026-07-01 12:59:21,773 - Drone1.MAVSDKController - DEBUG - Battery: 10000.0%
2026-07-01 12:59:23,773 - Drone1.MAVSDKController - DEBUG - Battery: 10000.0%
2026-07-01 12:59:25,774 - Drone1.MAVSDKController - DEBUG - Battery: 10000.0%
2026-07-01 12:59:27,773 - Drone1.MAVSDKController - DEBUG - Battery: 10000.0%
2026-07-01 12:59:29,773 - Drone1.MAVSDKController - DEBUG - Battery: 10000.0%
2026-07-01 12:59:31,773 - Drone1.MAVSDKController - DEBUG - Battery: 10000.0%
2026-07-01 12:59:33,773 - Drone1.MAVSDKController - DEBUG - Battery: 10000.0%
2026-07-01 12:59:35,773 - Drone1.MAVSDKController - DEBUG - Battery: 10000.0%
2026-07-01 12:59:37,773 - Drone1.MAVSDKController - DEBUG - Battery: 10000.0%
2026-07-01 12:59:39,774 - Drone1.MAVSDKController - DEBUG - Battery: 10000.0%
2026-07-01 12:59:41,773 - Drone1.MAVSDKController - DEBUG - Battery: 10000.0%
2026-07-01 12:59:43,773 - Drone1.MAVSDKController - DEBUG - Battery: 10000.0%
2026-07-01 12:59:45,773 - Drone1.MAVSDKController - DEBUG - Battery: 10000.0%
2026-07-01 12:59:47,773 - Drone1.MAVSDKController - DEBUG - Battery: 10000.0%
2026-07-01 12:59:49,773 - Drone1.MAVSDKController - DEBUG - Battery: 10000.0%
2026-07-01 12:59:51,773 - Drone1.MAVSDKController - DEBUG - Battery: 10000.0%
2026-07-01 12:59:53,773 - Drone1.MAVSDKController - DEBUG - Battery: 10000.0%
2026-07-01 12:59:55,773 - Drone1.MAVSDKController - DEBUG - Battery: 10000.0%
2026-07-01 12:59:57,773 - Drone1.MAVSDKController - DEBUG - Battery: 10000.0%
2026-07-01 12:59:59,773 - Drone1.MAVSDKController - DEBUG - Battery: 10000.0%
2026-07-01 13:00:01,773 - Drone1.MAVSDKController - DEBUG - Battery: 10000.0%
2026-07-01 13:00:03,773 - Drone1.MAVSDKController - DEBUG - Battery: 10000.0%
2026-07-01 13:00:05,772 - Drone1.MAVSDKController - DEBUG - Battery: 10000.0%
2026-07-01 13:00:07,773 - Drone1.MAVSDKController - DEBUG - Battery: 10000.0%
2026-07-01 13:00:09,772 - Drone1.MAVSDKController - DEBUG - Battery: 10000.0%
2026-07-01 13:00:11,773 - Drone1.MAVSDKController - DEBUG - Battery: 10000.0%
2026-07-01 13:00:13,773 - Drone1.MAVSDKController - DEBUG - Battery: 10000.0%
2026-07-01 13:00:15,774 - Drone1.MAVSDKController - DEBUG - Battery: 10000.0%
2026-07-01 13:00:17,773 - Drone1.MAVSDKController - DEBUG - Battery: 10000.0%
2026-07-01 13:00:19,773 - Drone1.MAVSDKController - DEBUG - Battery: 10000.0%
2026-07-01 13:00:21,773 - Drone1.MAVSDKController - DEBUG - Battery: 10000.0%
2026-07-01 13:00:23,773 - Drone1.MAVSDKController - DEBUG - Battery: 10000.0%
2026-07-01 13:00:25,773 - Drone1.MAVSDKController - DEBUG - Battery: 10000.0%
2026-07-01 13:00:27,776 - Drone1.MAVSDKController - DEBUG - Battery: 10000.0%
2026-07-01 13:00:29,773 - Drone1.MAVSDKController - DEBUG - Battery: 10000.0%
2026-07-01 13:00:31,773 - Drone1.MAVSDKController - DEBUG - Battery: 10000.0%
2026-07-01 13:00:33,773 - Drone1.MAVSDKController - DEBUG - Battery: 10000.0%
2026-07-01 13:00:35,772 - Drone1.MAVSDKController - DEBUG - Battery: 10000.0%
2026-07-01 13:00:37,772 - Drone1.MAVSDKController - DEBUG - Battery: 10000.0%
2026-07-01 13:00:39,773 - Drone1.MAVSDKController - DEBUG - Battery: 10000.0%
2026-07-01 13:00:41,773 - Drone1.MAVSDKController - DEBUG - Battery: 10000.0%
2026-07-01 13:00:43,773 - Drone1.MAVSDKController - DEBUG - Battery: 10000.0%
2026-07-01 13:00:45,773 - Drone1.MAVSDKController - DEBUG - Battery: 10000.0%
2026-07-01 13:00:47,773 - Drone1.MAVSDKController - DEBUG - Battery: 10000.0%
2026-07-01 13:00:49,773 - Drone1.MAVSDKController - DEBUG - Battery: 10000.0%
2026-07-01 13:00:51,773 - Drone1.MAVSDKController - DEBUG - Battery: 10000.0%
2026-07-01 13:00:53,773 - Drone1.MAVSDKController - DEBUG - Battery: 10000.0%
2026-07-01 13:00:55,773 - Drone1.MAVSDKController - DEBUG - Battery: 10000.0%
2026-07-01 13:00:57,773 - Drone1.MAVSDKController - DEBUG - Battery: 10000.0%
2026-07-01 13:00:59,773 - Drone1.MAVSDKController - DEBUG - Battery: 10000.0%
2026-07-01 13:01:01,773 - Drone1.MAVSDKController - DEBUG - Battery: 10000.0%
2026-07-01 13:01:03,774 - Drone1.MAVSDKController - DEBUG - Battery: 10000.0%
2026-07-01 13:01:05,774 - Drone1.MAVSDKController - DEBUG - Battery: 10000.0%
2026-07-01 13:01:07,773 - Drone1.MAVSDKController - DEBUG - Battery: 10000.0%
2026-07-01 13:01:09,773 - Drone1.MAVSDKController - DEBUG - Battery: 10000.0%
2026-07-01 13:01:11,772 - Drone1.MAVSDKController - DEBUG - Battery: 10000.0%
2026-07-01 13:01:13,773 - Drone1.MAVSDKController - DEBUG - Battery: 10000.0%
2026-07-01 13:01:15,773 - Drone1.MAVSDKController - DEBUG - Battery: 10000.0%
2026-07-01 13:01:17,773 - Drone1.MAVSDKController - DEBUG - Battery: 10000.0%
2026-07-01 13:01:19,772 - Drone1.MAVSDKController - DEBUG - Battery: 10000.0%
2026-07-01 13:01:21,773 - Drone1.MAVSDKController - DEBUG - Battery: 10000.0%
2026-07-01 13:01:23,773 - Drone1.MAVSDKController - DEBUG - Battery: 10000.0%
2026-07-01 13:01:25,773 - Drone1.MAVSDKController - DEBUG - Battery: 10000.0%
2026-07-01 13:01:27,773 - Drone1.MAVSDKController - DEBUG - Battery: 10000.0%
2026-07-01 13:01:29,773 - Drone1.MAVSDKController - DEBUG - Battery: 10000.0%
2026-07-01 13:01:31,773 - Drone1.MAVSDKController - DEBUG - Battery: 10000.0%
2026-07-01 13:01:33,773 - Drone1.MAVSDKController - DEBUG - Battery: 10000.0%
2026-07-01 13:01:35,773 - Drone1.MAVSDKController - DEBUG - Battery: 10000.0%
2026-07-01 13:01:37,773 - Drone1.MAVSDKController - DEBUG - Battery: 10000.0%
2026-07-01 13:01:39,773 - Drone1.MAVSDKController - DEBUG - Battery: 10000.0%
2026-07-01 13:01:41,773 - Drone1.MAVSDKController - DEBUG - Battery: 10000.0%
2026-07-01 13:01:43,773 - Drone1.MAVSDKController - DEBUG - Battery: 10000.0%
2026-07-01 13:01:45,773 - Drone1.MAVSDKController - DEBUG - Battery: 10000.0%
2026-07-01 13:01:47,773 - Drone1.MAVSDKController - DEBUG - Battery: 10000.0%
2026-07-01 13:01:49,773 - Drone1.MAVSDKController - DEBUG - Battery: 10000.0%
2026-07-01 13:01:51,772 - Drone1.MAVSDKController - DEBUG - Battery: 10000.0%
2026-07-01 13:01:53,774 - Drone1.MAVSDKController - DEBUG - Battery: 10000.0%
2026-07-01 13:01:55,773 - Drone1.MAVSDKController - DEBUG - Battery: 10000.0%
2026-07-01 13:01:57,773 - Drone1.MAVSDKController - DEBUG - Battery: 10000.0%
2026-07-01 13:01:59,773 - Drone1.MAVSDKController - DEBUG - Battery: 10000.0%
2026-07-01 13:02:01,773 - Drone1.MAVSDKController - DEBUG - Battery: 10000.0%
2026-07-01 13:02:03,773 - Drone1.MAVSDKController - DEBUG - Battery: 10000.0%
2026-07-01 13:02:05,773 - Drone1.MAVSDKController - DEBUG - Battery: 10000.0%
2026-07-01 13:02:07,773 - Drone1.MAVSDKController - DEBUG - Battery: 10000.0%
2026-07-01 13:02:09,773 - Drone1.MAVSDKController - DEBUG - Battery: 10000.0%
2026-07-01 13:02:11,774 - Drone1.MAVSDKController - DEBUG - Battery: 10000.0%
2026-07-01 13:02:13,773 - Drone1.MAVSDKController - DEBUG - Battery: 10000.0%
2026-07-01 13:02:15,774 - Drone1.MAVSDKController - DEBUG - Battery: 10000.0%
2026-07-01 13:02:17,773 - Drone1.MAVSDKController - DEBUG - Battery: 10000.0%
2026-07-01 13:02:19,773 - Drone1.MAVSDKController - DEBUG - Battery: 10000.0%
2026-07-01 13:02:21,772 - Drone1.MAVSDKController - DEBUG - Battery: 10000.0%
2026-07-01 13:02:23,772 - Drone1.MAVSDKController - DEBUG - Battery: 10000.0%
2026-07-01 13:02:25,772 - Drone1.MAVSDKController - DEBUG - Battery: 10000.0%
2026-07-01 13:02:27,772 - Drone1.MAVSDKController - DEBUG - Battery: 10000.0%
2026-07-01 13:02:29,772 - Drone1.MAVSDKController - DEBUG - Battery: 10000.0%
2026-07-01 13:02:31,774 - Drone1.MAVSDKController - DEBUG - Battery: 10000.0%
2026-07-01 13:02:33,774 - Drone1.MAVSDKController - DEBUG - Battery: 10000.0%
2026-07-01 13:02:35,773 - Drone1.MAVSDKController - DEBUG - Battery: 10000.0%
2026-07-01 13:02:37,773 - Drone1.MAVSDKController - DEBUG - Battery: 10000.0%
2026-07-01 13:02:39,773 - Drone1.MAVSDKController - DEBUG - Battery: 10000.0%
2026-07-01 13:02:41,774 - Drone1.MAVSDKController - DEBUG - Battery: 10000.0%
2026-07-01 13:02:43,773 - Drone1.MAVSDKController - DEBUG - Battery: 10000.0%
2026-07-01 13:02:45,772 - Drone1.MAVSDKController - DEBUG - Battery: 10000.0%
2026-07-01 13:02:47,772 - Drone1.MAVSDKController - DEBUG - Battery: 10000.0%
2026-07-01 13:02:49,781 - Drone1.MAVSDKController - DEBUG - Battery: 10000.0%
2026-07-01 13:02:51,783 - Drone1.MAVSDKController - DEBUG - Battery: 10000.0%
2026-07-01 13:02:53,781 - Drone1.MAVSDKController - DEBUG - Battery: 10000.0%
2026-07-01 13:02:55,783 - Drone1.MAVSDKController - DEBUG - Battery: 10000.0%
2026-07-01 13:02:57,781 - Drone1.MAVSDKController - DEBUG - Battery: 10000.0%
2026-07-01 13:02:59,781 - Drone1.MAVSDKController - DEBUG - Battery: 10000.0%
2026-07-01 13:03:01,781 - Drone1.MAVSDKController - DEBUG - Battery: 10000.0%
2026-07-01 13:03:03,781 - Drone1.MAVSDKController - DEBUG - Battery: 10000.0%
2026-07-01 13:03:05,781 - Drone1.MAVSDKController - DEBUG - Battery: 10000.0%
2026-07-01 13:03:07,781 - Drone1.MAVSDKController - DEBUG - Battery: 10000.0%
2026-07-01 13:03:09,781 - Drone1.MAVSDKController - DEBUG - Battery: 10000.0%
2026-07-01 13:03:11,786 - Drone1.MAVSDKController - DEBUG - Battery: 10000.0%
2026-07-01 13:03:13,785 - Drone1.MAVSDKController - DEBUG - Battery: 10000.0%
2026-07-01 13:03:15,787 - Drone1.MAVSDKController - DEBUG - Battery: 10000.0%
2026-07-01 13:03:17,786 - Drone1.MAVSDKController - DEBUG - Battery: 10000.0%
2026-07-01 13:03:19,786 - Drone1.MAVSDKController - DEBUG - Battery: 10000.0%
2026-07-01 13:03:21,786 - Drone1.MAVSDKController - DEBUG - Battery: 10000.0%
2026-07-01 13:03:23,785 - Drone1.MAVSDKController - DEBUG - Battery: 10000.0%
2026-07-01 13:03:25,786 - Drone1.MAVSDKController - DEBUG - Battery: 10000.0%
2026-07-01 13:03:27,786 - Drone1.MAVSDKController - DEBUG - Battery: 10000.0%
2026-07-01 13:03:29,787 - Drone1.MAVSDKController - DEBUG - Battery: 10000.0%
2026-07-01 13:03:31,786 - Drone1.MAVSDKController - DEBUG - Battery: 10000.0%
2026-07-01 13:03:33,786 - Drone1.MAVSDKController - DEBUG - Battery: 10000.0%
2026-07-01 13:03:35,786 - Drone1.MAVSDKController - DEBUG - Battery: 10000.0%
2026-07-01 13:03:37,786 - Drone1.MAVSDKController - DEBUG - Battery: 10000.0%
2026-07-01 13:03:39,786 - Drone1.MAVSDKController - DEBUG - Battery: 9800.0%
2026-07-01 13:03:41,786 - Drone1.MAVSDKController - DEBUG - Battery: 9500.0%
2026-07-01 13:03:43,786 - Drone1.MAVSDKController - DEBUG - Battery: 9200.0%
2026-07-01 13:03:45,786 - Drone1.MAVSDKController - DEBUG - Battery: 8800.0%
2026-07-01 13:03:47,786 - Drone1.MAVSDKController - DEBUG - Battery: 8500.0%
2026-07-01 13:03:49,786 - Drone1.MAVSDKController - DEBUG - Battery: 8200.0%
2026-07-01 13:03:51,786 - Drone1.MAVSDKController - DEBUG - Battery: 7800.0%
2026-07-01 13:03:53,786 - Drone1.MAVSDKController - DEBUG - Battery: 7500.0%
2026-07-01 13:03:55,786 - Drone1.MAVSDKController - DEBUG - Battery: 7200.0%
2026-07-01 13:03:57,786 - Drone1.MAVSDKController - DEBUG - Battery: 6800.0%
2026-07-01 13:03:59,786 - Drone1.MAVSDKController - DEBUG - Battery: 6500.0%
2026-07-01 13:04:01,786 - Drone1.MAVSDKController - DEBUG - Battery: 6200.0%
2026-07-01 13:04:03,786 - Drone1.MAVSDKController - DEBUG - Battery: 8700.0%
2026-07-01 13:04:05,786 - Drone1.MAVSDKController - DEBUG - Battery: 9800.0%
2026-07-01 13:04:07,787 - Drone1.MAVSDKController - DEBUG - Battery: 10000.0%
2026-07-01 13:04:09,786 - Drone1.MAVSDKController - DEBUG - Battery: 10000.0%
2026-07-01 13:04:11,786 - Drone1.MAVSDKController - DEBUG - Battery: 10000.0%
2026-07-01 13:04:13,785 - Drone1.MAVSDKController - DEBUG - Battery: 10000.0%
2026-07-01 13:04:15,786 - Drone1.MAVSDKController - DEBUG - Battery: 10000.0%
2026-07-01 13:04:17,785 - Drone1.MAVSDKController - DEBUG - Battery: 10000.0%
2026-07-01 13:04:19,786 - Drone1.MAVSDKController - DEBUG - Battery: 10000.0%
2026-07-01 13:04:21,786 - Drone1.MAVSDKController - DEBUG - Battery: 10000.0%
2026-07-01 13:04:23,786 - Drone1.MAVSDKController - DEBUG - Battery: 10000.0%
2026-07-01 13:04:25,786 - Drone1.MAVSDKController - DEBUG - Battery: 10000.0%
2026-07-01 13:04:27,786 - Drone1.MAVSDKController - DEBUG - Battery: 10000.0%
2026-07-01 13:04:29,790 - Drone1.MAVSDKController - DEBUG - Battery: 10000.0%
2026-07-01 13:04:31,790 - Drone1.MAVSDKController - DEBUG - Battery: 10000.0%
2026-07-01 13:04:33,790 - Drone1.MAVSDKController - DEBUG - Battery: 10000.0%
2026-07-01 13:04:35,790 - Drone1.MAVSDKController - DEBUG - Battery: 10000.0%
2026-07-01 13:04:37,791 - Drone1.MAVSDKController - DEBUG - Battery: 10000.0%
2026-07-01 13:04:39,791 - Drone1.MAVSDKController - DEBUG - Battery: 10000.0%
2026-07-01 13:04:41,790 - Drone1.MAVSDKController - DEBUG - Battery: 10000.0%
2026-07-01 13:04:43,790 - Drone1.MAVSDKController - DEBUG - Battery: 10000.0%
2026-07-01 13:04:45,790 - Drone1.MAVSDKController - DEBUG - Battery: 10000.0%
2026-07-01 13:04:47,790 - Drone1.MAVSDKController - DEBUG - Battery: 10000.0%
2026-07-01 13:04:49,790 - Drone1.MAVSDKController - DEBUG - Battery: 10000.0%
2026-07-01 13:04:51,792 - Drone1.MAVSDKController - DEBUG - Battery: 10000.0%
2026-07-01 13:04:53,834 - Drone1.MAVSDKController - DEBUG - Battery: 10000.0%
2026-07-01 13:04:55,839 - Drone1.MAVSDKController - DEBUG - Battery: 10000.0%
2026-07-01 13:04:57,833 - Drone1.MAVSDKController - DEBUG - Battery: 10000.0%
2026-07-01 13:04:59,833 - Drone1.MAVSDKController - DEBUG - Battery: 10000.0%
2026-07-01 13:05:01,832 - Drone1.MAVSDKController - DEBUG - Battery: 10000.0%
2026-07-01 13:05:03,833 - Drone1.MAVSDKController - DEBUG - Battery: 10000.0%
2026-07-01 13:05:05,833 - Drone1.MAVSDKController - DEBUG - Battery: 10000.0%
2026-07-01 13:05:07,833 - Drone1.MAVSDKController - DEBUG - Battery: 10000.0%
2026-07-01 13:05:09,833 - Drone1.MAVSDKController - DEBUG - Battery: 10000.0%
2026-07-01 13:05:11,833 - Drone1.MAVSDKController - DEBUG - Battery: 10000.0%
2026-07-01 13:05:13,833 - Drone1.MAVSDKController - DEBUG - Battery: 10000.0%
2026-07-01 13:05:15,833 - Drone1.MAVSDKController - DEBUG - Battery: 10000.0%
2026-07-01 13:05:17,833 - Drone1.MAVSDKController - DEBUG - Battery: 10000.0%
2026-07-01 13:05:19,834 - Drone1.MAVSDKController - DEBUG - Battery: 10000.0%
2026-07-01 13:05:21,833 - Drone1.MAVSDKController - DEBUG - Battery: 10000.0%
2026-07-01 13:05:23,833 - Drone1.MAVSDKController - DEBUG - Battery: 10000.0%
2026-07-01 13:05:25,833 - Drone1.MAVSDKController - DEBUG - Battery: 10000.0%
2026-07-01 13:05:27,833 - Drone1.MAVSDKController - DEBUG - Battery: 10000.0%
2026-07-01 13:05:29,833 - Drone1.MAVSDKController - DEBUG - Battery: 10000.0%
2026-07-01 13:05:31,833 - Drone1.MAVSDKController - DEBUG - Battery: 10000.0%
2026-07-01 13:05:33,833 - Drone1.MAVSDKController - DEBUG - Battery: 10000.0%
2026-07-01 13:05:35,833 - Drone1.MAVSDKController - DEBUG - Battery: 10000.0%
2026-07-01 13:05:37,833 - Drone1.MAVSDKController - DEBUG - Battery: 10000.0%
2026-07-01 13:05:39,833 - Drone1.MAVSDKController - DEBUG - Battery: 10000.0%
2026-07-01 13:05:41,834 - Drone1.MAVSDKController - DEBUG - Battery: 10000.0%
2026-07-01 13:05:43,833 - Drone1.MAVSDKController - DEBUG - Battery: 10000.0%
2026-07-01 13:05:45,835 - Drone1.MAVSDKController - DEBUG - Battery: 10000.0%
2026-07-01 13:05:47,833 - Drone1.MAVSDKController - DEBUG - Battery: 10000.0%
2026-07-01 13:05:49,833 - Drone1.MAVSDKController - DEBUG - Battery: 10000.0%
2026-07-01 13:05:51,833 - Drone1.MAVSDKController - DEBUG - Battery: 10000.0%
2026-07-01 13:05:53,833 - Drone1.MAVSDKController - DEBUG - Battery: 10000.0%
2026-07-01 13:05:55,833 - Drone1.MAVSDKController - DEBUG - Battery: 10000.0%
2026-07-01 13:05:57,833 - Drone1.MAVSDKController - DEBUG - Battery: 10000.0%
2026-07-01 13:05:59,833 - Drone1.MAVSDKController - DEBUG - Battery: 10000.0%
2026-07-01 13:06:01,834 - Drone1.MAVSDKController - DEBUG - Battery: 10000.0%
2026-07-01 13:06:03,833 - Drone1.MAVSDKController - DEBUG - Battery: 10000.0%
2026-07-01 13:06:05,833 - Drone1.MAVSDKController - DEBUG - Battery: 10000.0%
2026-07-01 13:06:07,834 - Drone1.MAVSDKController - DEBUG - Battery: 10000.0%
2026-07-01 13:06:09,833 - Drone1.MAVSDKController - DEBUG - Battery: 10000.0%
2026-07-01 13:06:11,833 - Drone1.MAVSDKController - DEBUG - Battery: 10000.0%
2026-07-01 13:06:13,835 - Drone1.MAVSDKController - DEBUG - Battery: 10000.0%
2026-07-01 13:06:15,833 - Drone1.MAVSDKController - DEBUG - Battery: 10000.0%
2026-07-01 13:06:17,833 - Drone1.MAVSDKController - DEBUG - Battery: 10000.0%
2026-07-01 13:06:19,833 - Drone1.MAVSDKController - DEBUG - Battery: 10000.0%
2026-07-01 13:06:21,834 - Drone1.MAVSDKController - DEBUG - Battery: 10000.0%
2026-07-01 13:06:23,833 - Drone1.MAVSDKController - DEBUG - Battery: 10000.0%
2026-07-01 13:06:25,834 - Drone1.MAVSDKController - DEBUG - Battery: 10000.0%
2026-07-01 13:06:27,833 - Drone1.MAVSDKController - DEBUG - Battery: 10000.0%
2026-07-01 13:06:29,833 - Drone1.MAVSDKController - DEBUG - Battery: 10000.0%
2026-07-01 13:06:31,834 - Drone1.MAVSDKController - DEBUG - Battery: 10000.0%
2026-07-01 13:06:33,834 - Drone1.MAVSDKController - DEBUG - Battery: 10000.0%
2026-07-01 13:06:35,833 - Drone1.MAVSDKController - DEBUG - Battery: 10000.0%
2026-07-01 13:06:37,834 - Drone1.MAVSDKController - DEBUG - Battery: 10000.0%
2026-07-01 13:06:39,833 - Drone1.MAVSDKController - DEBUG - Battery: 10000.0%
2026-07-01 13:06:41,834 - Drone1.MAVSDKController - DEBUG - Battery: 10000.0%
2026-07-01 13:06:43,839 - Drone1.MAVSDKController - DEBUG - Battery: 10000.0%
2026-07-01 13:06:45,833 - Drone1.MAVSDKController - DEBUG - Battery: 10000.0%
2026-07-01 13:06:47,833 - Drone1.MAVSDKController - DEBUG - Battery: 10000.0%
2026-07-01 13:06:49,833 - Drone1.MAVSDKController - DEBUG - Battery: 10000.0%
2026-07-01 13:06:51,833 - Drone1.MAVSDKController - DEBUG - Battery: 10000.0%
2026-07-01 13:06:53,833 - Drone1.MAVSDKController - DEBUG - Battery: 10000.0%
2026-07-01 13:06:55,833 - Drone1.MAVSDKController - DEBUG - Battery: 10000.0%
2026-07-01 13:06:57,833 - Drone1.MAVSDKController - DEBUG - Battery: 10000.0%
2026-07-01 13:06:59,833 - Drone1.MAVSDKController - DEBUG - Battery: 10000.0%
2026-07-01 13:07:01,838 - Drone1.MAVSDKController - DEBUG - Battery: 10000.0%
2026-07-01 13:07:03,838 - Drone1.MAVSDKController - DEBUG - Battery: 10000.0%
2026-07-01 13:07:05,837 - Drone1.MAVSDKController - DEBUG - Battery: 10000.0%
2026-07-01 13:07:07,837 - Drone1.MAVSDKController - DEBUG - Battery: 10000.0%
2026-07-01 13:07:09,843 - Drone1.MAVSDKController - DEBUG - Battery: 10000.0%
2026-07-01 13:07:11,843 - Drone1.MAVSDKController - DEBUG - Battery: 10000.0%
2026-07-01 13:07:13,843 - Drone1.MAVSDKController - DEBUG - Battery: 10000.0%
2026-07-01 13:07:15,843 - Drone1.MAVSDKController - DEBUG - Battery: 10000.0%
2026-07-01 13:07:17,843 - Drone1.MAVSDKController - DEBUG - Battery: 10000.0%
2026-07-01 13:07:19,843 - Drone1.MAVSDKController - DEBUG - Battery: 10000.0%
2026-07-01 13:07:21,844 - Drone1.MAVSDKController - DEBUG - Battery: 10000.0%
2026-07-01 13:07:23,843 - Drone1.MAVSDKController - DEBUG - Battery: 10000.0%
2026-07-01 13:07:25,843 - Drone1.MAVSDKController - DEBUG - Battery: 10000.0%
2026-07-01 13:07:27,844 - Drone1.MAVSDKController - DEBUG - Battery: 10000.0%
2026-07-01 13:07:29,843 - Drone1.MAVSDKController - DEBUG - Battery: 10000.0%
2026-07-01 13:07:31,843 - Drone1.MAVSDKController - DEBUG - Battery: 10000.0%
2026-07-01 13:07:33,844 - Drone1.MAVSDKController - DEBUG - Battery: 10000.0%
2026-07-01 13:07:35,843 - Drone1.MAVSDKController - DEBUG - Battery: 10000.0%
2026-07-01 13:07:37,844 - Drone1.MAVSDKController - DEBUG - Battery: 10000.0%
2026-07-01 13:07:39,843 - Drone1.MAVSDKController - DEBUG - Battery: 10000.0%
2026-07-01 13:07:41,844 - Drone1.MAVSDKController - DEBUG - Battery: 10000.0%
2026-07-01 13:07:43,843 - Drone1.MAVSDKController - DEBUG - Battery: 10000.0%
2026-07-01 13:07:45,844 - Drone1.MAVSDKController - DEBUG - Battery: 10000.0%
2026-07-01 13:07:47,844 - Drone1.MAVSDKController - DEBUG - Battery: 10000.0%
2026-07-01 13:07:49,843 - Drone1.MAVSDKController - DEBUG - Battery: 10000.0%
2026-07-01 13:07:51,843 - Drone1.MAVSDKController - DEBUG - Battery: 10000.0%
2026-07-01 13:07:53,843 - Drone1.MAVSDKController - DEBUG - Battery: 10000.0%
2026-07-01 13:07:55,844 - Drone1.MAVSDKController - DEBUG - Battery: 10000.0%
2026-07-01 13:07:57,844 - Drone1.MAVSDKController - DEBUG - Battery: 10000.0%
2026-07-01 13:07:59,843 - Drone1.MAVSDKController - DEBUG - Battery: 10000.0%
2026-07-01 13:08:01,843 - Drone1.MAVSDKController - DEBUG - Battery: 10000.0%
2026-07-01 13:08:03,843 - Drone1.MAVSDKController - DEBUG - Battery: 10000.0%
2026-07-01 13:08:05,843 - Drone1.MAVSDKController - DEBUG - Battery: 10000.0%
2026-07-01 13:08:07,843 - Drone1.MAVSDKController - DEBUG - Battery: 10000.0%
2026-07-01 13:08:09,843 - Drone1.MAVSDKController - DEBUG - Battery: 10000.0%
2026-07-01 13:08:11,843 - Drone1.MAVSDKController - DEBUG - Battery: 10000.0%
2026-07-01 13:08:13,843 - Drone1.MAVSDKController - DEBUG - Battery: 10000.0%
2026-07-01 13:08:15,843 - Drone1.MAVSDKController - DEBUG - Battery: 10000.0%
2026-07-01 13:08:17,843 - Drone1.MAVSDKController - DEBUG - Battery: 10000.0%
2026-07-01 13:08:19,843 - Drone1.MAVSDKController - DEBUG - Battery: 10000.0%
2026-07-01 13:08:21,843 - Drone1.MAVSDKController - DEBUG - Battery: 10000.0%
2026-07-01 13:08:23,843 - Drone1.MAVSDKController - DEBUG - Battery: 10000.0%
2026-07-01 13:08:25,843 - Drone1.MAVSDKController - DEBUG - Battery: 10000.0%
2026-07-01 13:08:27,843 - Drone1.MAVSDKController - DEBUG - Battery: 10000.0%
2026-07-01 13:08:29,843 - Drone1.MAVSDKController - DEBUG - Battery: 10000.0%
2026-07-01 13:08:31,843 - Drone1.MAVSDKController - DEBUG - Battery: 10000.0%
2026-07-01 13:08:33,843 - Drone1.MAVSDKController - DEBUG - Battery: 10000.0%
2026-07-01 13:08:35,843 - Drone1.MAVSDKController - DEBUG - Battery: 10000.0%
2026-07-01 13:08:37,843 - Drone1.MAVSDKController - DEBUG - Battery: 10000.0%
2026-07-01 13:08:39,843 - Drone1.MAVSDKController - DEBUG - Battery: 10000.0%
2026-07-01 13:08:41,843 - Drone1.MAVSDKController - DEBUG - Battery: 10000.0%
2026-07-01 13:08:43,843 - Drone1.MAVSDKController - DEBUG - Battery: 10000.0%
2026-07-01 13:08:45,843 - Drone1.MAVSDKController - DEBUG - Battery: 10000.0%
2026-07-01 13:08:47,843 - Drone1.MAVSDKController - DEBUG - Battery: 10000.0%
2026-07-01 13:08:49,843 - Drone1.MAVSDKController - DEBUG - Battery: 10000.0%
2026-07-01 13:08:51,843 - Drone1.MAVSDKController - DEBUG - Battery: 10000.0%
2026-07-01 13:08:53,845 - Drone1.MAVSDKController - DEBUG - Battery: 10000.0%
2026-07-01 13:08:55,843 - Drone1.MAVSDKController - DEBUG - Battery: 10000.0%
2026-07-01 13:08:57,843 - Drone1.MAVSDKController - DEBUG - Battery: 10000.0%
2026-07-01 13:08:59,843 - Drone1.MAVSDKController - DEBUG - Battery: 10000.0%
2026-07-01 13:09:01,843 - Drone1.MAVSDKController - DEBUG - Battery: 10000.0%
2026-07-01 13:09:03,843 - Drone1.MAVSDKController - DEBUG - Battery: 10000.0%
2026-07-01 13:09:05,843 - Drone1.MAVSDKController - DEBUG - Battery: 10000.0%
2026-07-01 13:09:07,843 - Drone1.MAVSDKController - DEBUG - Battery: 10000.0%
2026-07-01 13:09:09,843 - Drone1.MAVSDKController - DEBUG - Battery: 10000.0%
2026-07-01 13:09:11,843 - Drone1.MAVSDKController - DEBUG - Battery: 10000.0%
2026-07-01 13:09:13,843 - Drone1.MAVSDKController - DEBUG - Battery: 10000.0%
2026-07-01 13:09:15,843 - Drone1.MAVSDKController - DEBUG - Battery: 10000.0%
2026-07-01 13:09:17,843 - Drone1.MAVSDKController - DEBUG - Battery: 10000.0%
2026-07-01 13:09:19,843 - Drone1.MAVSDKController - DEBUG - Battery: 10000.0%
2026-07-01 13:09:21,843 - Drone1.MAVSDKController - DEBUG - Battery: 10000.0%
2026-07-01 13:09:23,843 - Drone1.MAVSDKController - DEBUG - Battery: 10000.0%
2026-07-01 13:09:25,843 - Drone1.MAVSDKController - DEBUG - Battery: 10000.0%
2026-07-01 13:09:27,843 - Drone1.MAVSDKController - DEBUG - Battery: 10000.0%
2026-07-01 13:09:29,843 - Drone1.MAVSDKController - DEBUG - Battery: 10000.0%
2026-07-01 13:09:31,843 - Drone1.MAVSDKController - DEBUG - Battery: 10000.0%
2026-07-01 13:09:33,843 - Drone1.MAVSDKController - DEBUG - Battery: 10000.0%
2026-07-01 13:09:35,843 - Drone1.MAVSDKController - DEBUG - Battery: 10000.0%
2026-07-01 13:09:37,843 - Drone1.MAVSDKController - DEBUG - Battery: 10000.0%
2026-07-01 13:09:39,843 - Drone1.MAVSDKController - DEBUG - Battery: 10000.0%
2026-07-01 13:09:41,843 - Drone1.MAVSDKController - DEBUG - Battery: 10000.0%
2026-07-01 13:09:43,843 - Drone1.MAVSDKController - DEBUG - Battery: 10000.0%
2026-07-01 13:09:45,843 - Drone1.MAVSDKController - DEBUG - Battery: 10000.0%
2026-07-01 13:09:47,843 - Drone1.MAVSDKController - DEBUG - Battery: 10000.0%
2026-07-01 13:09:49,843 - Drone1.MAVSDKController - DEBUG - Battery: 10000.0%
2026-07-01 13:09:51,843 - Drone1.MAVSDKController - DEBUG - Battery: 10000.0%
2026-07-01 13:09:53,843 - Drone1.MAVSDKController - DEBUG - Battery: 10000.0%
2026-07-01 13:09:55,843 - Drone1.MAVSDKController - DEBUG - Battery: 10000.0%
2026-07-01 13:09:57,843 - Drone1.MAVSDKController - DEBUG - Battery: 10000.0%
2026-07-01 13:09:59,843 - Drone1.MAVSDKController - DEBUG - Battery: 10000.0%
2026-07-01 13:10:01,843 - Drone1.MAVSDKController - DEBUG - Battery: 10000.0%
2026-07-01 13:10:03,843 - Drone1.MAVSDKController - DEBUG - Battery: 10000.0%
2026-07-01 13:10:05,843 - Drone1.MAVSDKController - DEBUG - Battery: 10000.0%
2026-07-01 13:10:07,843 - Drone1.MAVSDKController - DEBUG - Battery: 10000.0%
2026-07-01 13:10:09,843 - Drone1.MAVSDKController - DEBUG - Battery: 10000.0%
2026-07-01 13:10:11,843 - Drone1.MAVSDKController - DEBUG - Battery: 10000.0%
2026-07-01 13:10:13,843 - Drone1.MAVSDKController - DEBUG - Battery: 10000.0%
2026-07-01 13:10:15,843 - Drone1.MAVSDKController - DEBUG - Battery: 10000.0%
2026-07-01 13:10:17,843 - Drone1.MAVSDKController - DEBUG - Battery: 10000.0%
2026-07-01 13:10:19,843 - Drone1.MAVSDKController - DEBUG - Battery: 10000.0%
2026-07-01 13:10:21,843 - Drone1.MAVSDKController - DEBUG - Battery: 10000.0%
2026-07-01 13:10:23,843 - Drone1.MAVSDKController - DEBUG - Battery: 10000.0%
2026-07-01 13:10:25,843 - Drone1.MAVSDKController - DEBUG - Battery: 10000.0%
2026-07-01 13:10:27,843 - Drone1.MAVSDKController - DEBUG - Battery: 10000.0%
2026-07-01 13:10:29,843 - Drone1.MAVSDKController - DEBUG - Battery: 10000.0%
2026-07-01 13:10:31,843 - Drone1.MAVSDKController - DEBUG - Battery: 10000.0%
2026-07-01 13:10:33,843 - Drone1.MAVSDKController - DEBUG - Battery: 10000.0%
2026-07-01 13:10:35,843 - Drone1.MAVSDKController - DEBUG - Battery: 10000.0%
2026-07-01 13:10:37,843 - Drone1.MAVSDKController - DEBUG - Battery: 10000.0%
2026-07-01 13:10:39,843 - Drone1.MAVSDKController - DEBUG - Battery: 10000.0%
2026-07-01 13:10:41,843 - Drone1.MAVSDKController - DEBUG - Battery: 10000.0%
2026-07-01 13:10:43,843 - Drone1.MAVSDKController - DEBUG - Battery: 10000.0%
2026-07-01 13:10:45,843 - Drone1.MAVSDKController - DEBUG - Battery: 10000.0%
2026-07-01 13:10:47,843 - Drone1.MAVSDKController - DEBUG - Battery: 10000.0%
2026-07-01 13:10:49,843 - Drone1.MAVSDKController - DEBUG - Battery: 10000.0%
2026-07-01 13:10:51,843 - Drone1.MAVSDKController - DEBUG - Battery: 10000.0%
2026-07-01 13:10:53,843 - Drone1.MAVSDKController - DEBUG - Battery: 10000.0%
2026-07-01 13:10:55,843 - Drone1.MAVSDKController - DEBUG - Battery: 10000.0%
2026-07-01 13:10:57,843 - Drone1.MAVSDKController - DEBUG - Battery: 10000.0%
2026-07-01 13:10:59,843 - Drone1.MAVSDKController - DEBUG - Battery: 10000.0%
2026-07-01 13:11:01,843 - Drone1.MAVSDKController - DEBUG - Battery: 10000.0%
2026-07-01 13:11:03,843 - Drone1.MAVSDKController - DEBUG - Battery: 10000.0%
2026-07-01 13:11:05,843 - Drone1.MAVSDKController - DEBUG - Battery: 10000.0%
2026-07-01 13:11:07,843 - Drone1.MAVSDKController - DEBUG - Battery: 10000.0%
2026-07-01 13:11:09,843 - Drone1.MAVSDKController - DEBUG - Battery: 10000.0%
2026-07-01 13:11:11,843 - Drone1.MAVSDKController - DEBUG - Battery: 10000.0%
2026-07-01 13:11:13,843 - Drone1.MAVSDKController - DEBUG - Battery: 10000.0%
2026-07-01 13:11:15,843 - Drone1.MAVSDKController - DEBUG - Battery: 10000.0%
2026-07-01 13:11:17,843 - Drone1.MAVSDKController - DEBUG - Battery: 10000.0%
2026-07-01 13:11:19,843 - Drone1.MAVSDKController - DEBUG - Battery: 10000.0%
2026-07-01 13:11:21,843 - Drone1.MAVSDKController - DEBUG - Battery: 10000.0%
2026-07-01 13:11:23,843 - Drone1.MAVSDKController - DEBUG - Battery: 10000.0%
2026-07-01 13:11:25,843 - Drone1.MAVSDKController - DEBUG - Battery: 10000.0%
2026-07-01 13:11:27,843 - Drone1.MAVSDKController - DEBUG - Battery: 10000.0%
2026-07-01 13:11:29,843 - Drone1.MAVSDKController - DEBUG - Battery: 10000.0%
2026-07-01 13:11:31,843 - Drone1.MAVSDKController - DEBUG - Battery: 10000.0%
2026-07-01 13:11:33,843 - Drone1.MAVSDKController - DEBUG - Battery: 10000.0%
2026-07-01 13:11:35,843 - Drone1.MAVSDKController - DEBUG - Battery: 10000.0%
2026-07-01 13:11:37,843 - Drone1.MAVSDKController - DEBUG - Battery: 10000.0%
2026-07-01 13:11:39,843 - Drone1.MAVSDKController - DEBUG - Battery: 10000.0%
2026-07-01 13:11:41,843 - Drone1.MAVSDKController - DEBUG - Battery: 10000.0%
2026-07-01 13:11:43,843 - Drone1.MAVSDKController - DEBUG - Battery: 10000.0%
2026-07-01 13:11:45,843 - Drone1.MAVSDKController - DEBUG - Battery: 10000.0%
2026-07-01 13:11:47,843 - Drone1.MAVSDKController - DEBUG - Battery: 10000.0%
2026-07-01 13:11:49,843 - Drone1.MAVSDKController - DEBUG - Battery: 10000.0%
2026-07-01 13:11:51,843 - Drone1.MAVSDKController - DEBUG - Battery: 10000.0%
2026-07-01 13:11:53,843 - Drone1.MAVSDKController - DEBUG - Battery: 10000.0%
2026-07-01 13:11:55,843 - Drone1.MAVSDKController - DEBUG - Battery: 10000.0%
2026-07-01 13:11:57,843 - Drone1.MAVSDKController - DEBUG - Battery: 10000.0%
2026-07-01 13:11:59,843 - Drone1.MAVSDKController - DEBUG - Battery: 10000.0%
2026-07-01 13:12:01,843 - Drone1.MAVSDKController - DEBUG - Battery: 10000.0%
2026-07-01 13:12:03,843 - Drone1.MAVSDKController - DEBUG - Battery: 10000.0%
2026-07-01 13:12:05,843 - Drone1.MAVSDKController - DEBUG - Battery: 10000.0%
2026-07-01 13:12:07,843 - Drone1.MAVSDKController - DEBUG - Battery: 10000.0%
2026-07-01 13:12:09,843 - Drone1.MAVSDKController - DEBUG - Battery: 10000.0%
2026-07-01 13:12:11,843 - Drone1.MAVSDKController - DEBUG - Battery: 10000.0%
2026-07-01 13:12:13,843 - Drone1.MAVSDKController - DEBUG - Battery: 10000.0%
2026-07-01 13:12:15,843 - Drone1.MAVSDKController - DEBUG - Battery: 10000.0%
2026-07-01 13:12:17,843 - Drone1.MAVSDKController - DEBUG - Battery: 10000.0%
2026-07-01 13:12:19,843 - Drone1.MAVSDKController - DEBUG - Battery: 10000.0%
2026-07-01 13:12:21,843 - Drone1.MAVSDKController - DEBUG - Battery: 10000.0%
2026-07-01 13:12:23,843 - Drone1.MAVSDKController - DEBUG - Battery: 10000.0%
2026-07-01 13:12:25,843 - Drone1.MAVSDKController - DEBUG - Battery: 10000.0%
2026-07-01 13:12:27,843 - Drone1.MAVSDKController - DEBUG - Battery: 10000.0%
2026-07-01 13:12:29,843 - Drone1.MAVSDKController - DEBUG - Battery: 10000.0%
2026-07-01 13:12:31,843 - Drone1.MAVSDKController - DEBUG - Battery: 10000.0%
2026-07-01 13:12:33,843 - Drone1.MAVSDKController - DEBUG - Battery: 10000.0%
2026-07-01 13:12:35,843 - Drone1.MAVSDKController - DEBUG - Battery: 10000.0%
2026-07-01 13:12:37,843 - Drone1.MAVSDKController - DEBUG - Battery: 10000.0%
2026-07-01 13:12:39,843 - Drone1.MAVSDKController - DEBUG - Battery: 10000.0%
2026-07-01 13:12:41,843 - Drone1.MAVSDKController - DEBUG - Battery: 10000.0%
2026-07-01 13:12:43,843 - Drone1.MAVSDKController - DEBUG - Battery: 10000.0%
2026-07-01 13:12:45,843 - Drone1.MAVSDKController - DEBUG - Battery: 10000.0%
2026-07-01 13:12:47,843 - Drone1.MAVSDKController - DEBUG - Battery: 10000.0%
2026-07-01 13:12:49,843 - Drone1.MAVSDKController - DEBUG - Battery: 10000.0%
2026-07-01 13:12:51,843 - Drone1.MAVSDKController - DEBUG - Battery: 10000.0%
2026-07-01 13:12:53,843 - Drone1.MAVSDKController - DEBUG - Battery: 10000.0%
2026-07-01 13:12:55,843 - Drone1.MAVSDKController - DEBUG - Battery: 10000.0%
2026-07-01 13:12:57,843 - Drone1.MAVSDKController - DEBUG - Battery: 10000.0%
2026-07-01 13:12:59,843 - Drone1.MAVSDKController - DEBUG - Battery: 10000.0%
2026-07-01 13:13:01,843 - Drone1.MAVSDKController - DEBUG - Battery: 10000.0%
2026-07-01 13:13:03,843 - Drone1.MAVSDKController - DEBUG - Battery: 10000.0%
2026-07-01 13:13:05,843 - Drone1.MAVSDKController - DEBUG - Battery: 10000.0%
2026-07-01 13:13:07,843 - Drone1.MAVSDKController - DEBUG - Battery: 10000.0%
2026-07-01 13:13:09,843 - Drone1.MAVSDKController - DEBUG - Battery: 10000.0%
2026-07-01 13:13:11,843 - Drone1.MAVSDKController - DEBUG - Battery: 10000.0%
2026-07-01 13:13:13,843 - Drone1.MAVSDKController - DEBUG - Battery: 10000.0%
2026-07-01 13:13:15,843 - Drone1.MAVSDKController - DEBUG - Battery: 10000.0%
2026-07-01 13:13:17,843 - Drone1.MAVSDKController - DEBUG - Battery: 10000.0%
2026-07-01 13:13:19,843 - Drone1.MAVSDKController - DEBUG - Battery: 10000.0%
2026-07-01 13:13:21,843 - Drone1.MAVSDKController - DEBUG - Battery: 10000.0%
2026-07-01 13:13:23,843 - Drone1.MAVSDKController - DEBUG - Battery: 10000.0%
2026-07-01 13:13:25,843 - Drone1.MAVSDKController - DEBUG - Battery: 10000.0%
2026-07-01 13:13:27,843 - Drone1.MAVSDKController - DEBUG - Battery: 10000.0%
2026-07-01 13:13:29,843 - Drone1.MAVSDKController - DEBUG - Battery: 10000.0%
2026-07-01 13:13:31,843 - Drone1.MAVSDKController - DEBUG - Battery: 10000.0%
2026-07-01 13:13:33,843 - Drone1.MAVSDKController - DEBUG - Battery: 10000.0%
2026-07-01 13:13:35,843 - Drone1.MAVSDKController - DEBUG - Battery: 10000.0%
2026-07-01 13:13:37,843 - Drone1.MAVSDKController - DEBUG - Battery: 10000.0%
2026-07-01 13:13:39,843 - Drone1.MAVSDKController - DEBUG - Battery: 10000.0%
2026-07-01 13:13:41,843 - Drone1.MAVSDKController - DEBUG - Battery: 10000.0%
2026-07-01 13:13:43,843 - Drone1.MAVSDKController - DEBUG - Battery: 10000.0%
2026-07-01 13:13:45,843 - Drone1.MAVSDKController - DEBUG - Battery: 10000.0%
2026-07-01 13:13:47,843 - Drone1.MAVSDKController - DEBUG - Battery: 10000.0%
2026-07-01 13:13:49,843 - Drone1.MAVSDKController - DEBUG - Battery: 10000.0%
2026-07-01 13:13:51,843 - Drone1.MAVSDKController - DEBUG - Battery: 10000.0%
2026-07-01 13:13:53,843 - Drone1.MAVSDKController - DEBUG - Battery: 10000.0%
2026-07-01 13:13:55,843 - Drone1.MAVSDKController - DEBUG - Battery: 10000.0%
2026-07-01 13:13:57,843 - Drone1.MAVSDKController - DEBUG - Battery: 10000.0%
2026-07-01 13:13:59,843 - Drone1.MAVSDKController - DEBUG - Battery: 10000.0%
2026-07-01 13:14:01,843 - Drone1.MAVSDKController - DEBUG - Battery: 10000.0%
2026-07-01 13:14:03,843 - Drone1.MAVSDKController - DEBUG - Battery: 10000.0%
2026-07-01 13:14:05,843 - Drone1.MAVSDKController - DEBUG - Battery: 10000.0%
2026-07-01 13:14:07,843 - Drone1.MAVSDKController - DEBUG - Battery: 10000.0%
2026-07-01 13:14:09,843 - Drone1.MAVSDKController - DEBUG - Battery: 10000.0%
2026-07-01 13:14:11,843 - Drone1.MAVSDKController - DEBUG - Battery: 10000.0%
2026-07-01 13:14:13,843 - Drone1.MAVSDKController - DEBUG - Battery: 10000.0%
2026-07-01 13:14:15,843 - Drone1.MAVSDKController - DEBUG - Battery: 10000.0%
2026-07-01 13:14:17,843 - Drone1.MAVSDKController - DEBUG - Battery: 10000.0%
2026-07-01 13:14:19,843 - Drone1.MAVSDKController - DEBUG - Battery: 10000.0%
2026-07-01 13:14:21,843 - Drone1.MAVSDKController - DEBUG - Battery: 10000.0%
2026-07-01 13:14:23,843 - Drone1.MAVSDKController - DEBUG - Battery: 10000.0%
2026-07-01 13:14:25,843 - Drone1.MAVSDKController - DEBUG - Battery: 10000.0%
2026-07-01 13:14:27,843 - Drone1.MAVSDKController - DEBUG - Battery: 10000.0%
2026-07-01 13:14:29,843 - Drone1.MAVSDKController - DEBUG - Battery: 10000.0%
2026-07-01 13:14:31,843 - Drone1.MAVSDKController - DEBUG - Battery: 10000.0%
2026-07-01 13:14:33,843 - Drone1.MAVSDKController - DEBUG - Battery: 10000.0%
2026-07-01 13:14:35,843 - Drone1.MAVSDKController - DEBUG - Battery: 10000.0%
2026-07-01 13:14:37,843 - Drone1.MAVSDKController - DEBUG - Battery: 10000.0%
2026-07-01 13:14:39,843 - Drone1.MAVSDKController - DEBUG - Battery: 10000.0%
2026-07-01 13:14:41,843 - Drone1.MAVSDKController - DEBUG - Battery: 10000.0%
2026-07-01 13:14:43,843 - Drone1.MAVSDKController - DEBUG - Battery: 10000.0%
2026-07-01 13:14:45,843 - Drone1.MAVSDKController - DEBUG - Battery: 10000.0%
2026-07-01 13:14:47,843 - Drone1.MAVSDKController - DEBUG - Battery: 10000.0%
2026-07-01 13:14:49,843 - Drone1.MAVSDKController - DEBUG - Battery: 10000.0%
2026-07-01 13:14:51,843 - Drone1.MAVSDKController - DEBUG - Battery: 10000.0%
2026-07-01 13:14:53,843 - Drone1.MAVSDKController - DEBUG - Battery: 10000.0%
2026-07-01 13:14:55,843 - Drone1.MAVSDKController - DEBUG - Battery: 10000.0%
2026-07-01 13:14:57,843 - Drone1.MAVSDKController - DEBUG - Battery: 10000.0%
2026-07-01 13:14:59,843 - Drone1.MAVSDKController - DEBUG - Battery: 10000.0%
2026-07-01 13:15:01,843 - Drone1.MAVSDKController - DEBUG - Battery: 10000.0%
2026-07-01 13:15:03,843 - Drone1.MAVSDKController - DEBUG - Battery: 10000.0%
2026-07-01 13:15:05,843 - Drone1.MAVSDKController - DEBUG - Battery: 10000.0%
2026-07-01 13:15:07,843 - Drone1.MAVSDKController - DEBUG - Battery: 10000.0%
2026-07-01 13:15:09,843 - Drone1.MAVSDKController - DEBUG - Battery: 10000.0%
2026-07-01 13:15:11,843 - Drone1.MAVSDKController - DEBUG - Battery: 10000.0%
2026-07-01 13:15:13,843 - Drone1.MAVSDKController - DEBUG - Battery: 10000.0%
2026-07-01 13:15:15,843 - Drone1.MAVSDKController - DEBUG - Battery: 10000.0%
2026-07-01 13:15:17,843 - Drone1.MAVSDKController - DEBUG - Battery: 10000.0%
2026-07-01 13:15:19,843 - Drone1.MAVSDKController - DEBUG - Battery: 10000.0%
2026-07-01 13:15:21,843 - Drone1.MAVSDKController - DEBUG - Battery: 10000.0%
2026-07-01 13:15:23,843 - Drone1.MAVSDKController - DEBUG - Battery: 10000.0%
2026-07-01 13:15:25,843 - Drone1.MAVSDKController - DEBUG - Battery: 10000.0%
2026-07-01 13:15:27,843 - Drone1.MAVSDKController - DEBUG - Battery: 10000.0%
2026-07-01 13:15:29,843 - Drone1.MAVSDKController - DEBUG - Battery: 10000.0%
2026-07-01 13:15:31,843 - Drone1.MAVSDKController - DEBUG - Battery: 10000.0%
2026-07-01 13:15:33,843 - Drone1.MAVSDKController - DEBUG - Battery: 10000.0%
2026-07-01 13:15:35,843 - Drone1.MAVSDKController - DEBUG - Battery: 10000.0%
2026-07-01 13:15:37,843 - Drone1.MAVSDKController - DEBUG - Battery: 10000.0%
2026-07-01 13:15:39,843 - Drone1.MAVSDKController - DEBUG - Battery: 10000.0%
2026-07-01 13:15:41,843 - Drone1.MAVSDKController - DEBUG - Battery: 10000.0%
2026-07-01 13:15:43,843 - Drone1.MAVSDKController - DEBUG - Battery: 10000.0%
2026-07-01 13:15:45,843 - Drone1.MAVSDKController - DEBUG - Battery: 10000.0%
2026-07-01 13:15:47,843 - Drone1.MAVSDKController - DEBUG - Battery: 10000.0%
2026-07-01 13:15:49,843 - Drone1.MAVSDKController - DEBUG - Battery: 10000.0%
2026-07-01 13:15:51,843 - Drone1.MAVSDKController - DEBUG - Battery: 10000.0%
2026-07-01 13:15:53,843 - Drone1.MAVSDKController - DEBUG - Battery: 10000.0%
2026-07-01 13:15:55,843 - Drone1.MAVSDKController - DEBUG - Battery: 10000.0%
2026-07-01 13:15:57,843 - Drone1.MAVSDKController - DEBUG - Battery: 10000.0%
2026-07-01 13:15:59,843 - Drone1.MAVSDKController - DEBUG - Battery: 10000.0%
2026-07-01 13:16:01,843 - Drone1.MAVSDKController - DEBUG - Battery: 10000.0%
2026-07-01 13:16:03,843 - Drone1.MAVSDKController - DEBUG - Battery: 10000.0%
2026-07-01 13:16:05,843 - Drone1.MAVSDKController - DEBUG - Battery: 10000.0%
2026-07-01 13:16:07,843 - Drone1.MAVSDKController - DEBUG - Battery: 10000.0%
2026-07-01 13:16:09,843 - Drone1.MAVSDKController - DEBUG - Battery: 10000.0%
2026-07-01 13:16:11,843 - Drone1.MAVSDKController - DEBUG - Battery: 10000.0%
2026-07-01 13:16:13,843 - Drone1.MAVSDKController - DEBUG - Battery: 10000.0%
2026-07-01 13:16:15,843 - Drone1.MAVSDKController - DEBUG - Battery: 10000.0%
2026-07-01 13:16:17,843 - Drone1.MAVSDKController - DEBUG - Battery: 10000.0%
2026-07-01 13:16:19,843 - Drone1.MAVSDKController - DEBUG - Battery: 10000.0%
2026-07-01 13:16:21,843 - Drone1.MAVSDKController - DEBUG - Battery: 10000.0%
2026-07-01 13:16:23,843 - Drone1.MAVSDKController - DEBUG - Battery: 10000.0%
2026-07-01 13:16:25,843 - Drone1.MAVSDKController - DEBUG - Battery: 10000.0%
2026-07-01 13:16:27,843 - Drone1.MAVSDKController - DEBUG - Battery: 10000.0%
2026-07-01 13:16:29,843 - Drone1.MAVSDKController - DEBUG - Battery: 10000.0%
2026-07-01 13:16:31,843 - Drone1.MAVSDKController - DEBUG - Battery: 10000.0%
2026-07-01 13:16:33,843 - Drone1.MAVSDKController - DEBUG - Battery: 10000.0%
2026-07-01 13:16:35,843 - Drone1.MAVSDKController - DEBUG - Battery: 10000.0%
2026-07-01 13:16:37,843 - Drone1.MAVSDKController - DEBUG - Battery: 10000.0%
2026-07-01 13:16:39,843 - Drone1.MAVSDKController - DEBUG - Battery: 10000.0%
2026-07-01 13:16:41,843 - Drone1.MAVSDKController - DEBUG - Battery: 10000.0%
2026-07-01 13:16:43,843 - Drone1.MAVSDKController - DEBUG - Battery: 10000.0%
2026-07-01 13:16:45,843 - Drone1.MAVSDKController - DEBUG - Battery: 10000.0%
2026-07-01 13:16:47,843 - Drone1.MAVSDKController - DEBUG - Battery: 10000.0%
2026-07-01 13:16:49,843 - Drone1.MAVSDKController - DEBUG - Battery: 10000.0%
2026-07-01 13:16:51,843 - Drone1.MAVSDKController - DEBUG - Battery: 10000.0%
2026-07-01 13:16:53,843 - Drone1.MAVSDKController - DEBUG - Battery: 10000.0%
2026-07-01 13:16:55,843 - Drone1.MAVSDKController - DEBUG - Battery: 10000.0%
2026-07-01 13:16:57,843 - Drone1.MAVSDKController - DEBUG - Battery: 10000.0%
2026-07-01 13:16:59,843 - Drone1.MAVSDKController - DEBUG - Battery: 10000.0%
2026-07-01 13:17:01,843 - Drone1.MAVSDKController - DEBUG - Battery: 10000.0%
2026-07-01 13:17:03,843 - Drone1.MAVSDKController - DEBUG - Battery: 10000.0%
2026-07-01 13:17:05,843 - Drone1.MAVSDKController - DEBUG - Battery: 10000.0%
2026-07-01 13:17:07,843 - Drone1.MAVSDKController - DEBUG - Battery: 10000.0%
2026-07-01 13:17:09,843 - Drone1.MAVSDKController - DEBUG - Battery: 10000.0%
2026-07-01 13:17:11,843 - Drone1.MAVSDKController - DEBUG - Battery: 10000.0%
2026-07-01 13:17:13,843 - Drone1.MAVSDKController - DEBUG - Battery: 10000.0%
2026-07-01 13:17:15,843 - Drone1.MAVSDKController - DEBUG - Battery: 10000.0%
2026-07-01 13:17:17,843 - Drone1.MAVSDKController - DEBUG - Battery: 10000.0%
2026-07-01 13:17:19,843 - Drone1.MAVSDKController - DEBUG - Battery: 10000.0%
2026-07-01 13:17:21,843 - Drone1.MAVSDKController - DEBUG - Battery: 10000.0%
2026-07-01 13:17:23,843 - Drone1.MAVSDKController - DEBUG - Battery: 10000.0%
2026-07-01 13:17:25,843 - Drone1.MAVSDKController - DEBUG - Battery: 10000.0%
2026-07-01 13:17:27,843 - Drone1.MAVSDKController - DEBUG - Battery: 10000.0%
2026-07-01 13:17:29,843 - Drone1.MAVSDKController - DEBUG - Battery: 10000.0%
2026-07-01 13:17:31,843 - Drone1.MAVSDKController - DEBUG - Battery: 10000.0%
2026-07-01 13:17:33,843 - Drone1.MAVSDKController - DEBUG - Battery: 10000.0%
2026-07-01 13:17:35,843 - Drone1.MAVSDKController - DEBUG - Battery: 10000.0%
2026-07-01 13:17:37,843 - Drone1.MAVSDKController - DEBUG - Battery: 10000.0%
2026-07-01 13:17:39,843 - Drone1.MAVSDKController - DEBUG - Battery: 10000.0%
2026-07-01 13:17:41,843 - Drone1.MAVSDKController - DEBUG - Battery: 10000.0%
2026-07-01 13:17:43,843 - Drone1.MAVSDKController - DEBUG - Battery: 10000.0%
2026-07-01 13:17:45,843 - Drone1.MAVSDKController - DEBUG - Battery: 10000.0%
2026-07-01 13:17:47,843 - Drone1.MAVSDKController - DEBUG - Battery: 10000.0%
2026-07-01 13:17:49,843 - Drone1.MAVSDKController - DEBUG - Battery: 10000.0%
2026-07-01 13:17:51,843 - Drone1.MAVSDKController - DEBUG - Battery: 10000.0%
2026-07-01 13:17:53,843 - Drone1.MAVSDKController - DEBUG - Battery: 10000.0%
2026-07-01 13:17:55,843 - Drone1.MAVSDKController - DEBUG - Battery: 10000.0%
2026-07-01 13:17:57,843 - Drone1.MAVSDKController - DEBUG - Battery: 10000.0%
2026-07-01 13:17:59,843 - Drone1.MAVSDKController - DEBUG - Battery: 10000.0%
2026-07-01 13:18:01,843 - Drone1.MAVSDKController - DEBUG - Battery: 10000.0%
2026-07-01 13:18:03,843 - Drone1.MAVSDKController - DEBUG - Battery: 10000.0%
2026-07-01 13:18:05,843 - Drone1.MAVSDKController - DEBUG - Battery: 10000.0%
2026-07-01 13:18:07,843 - Drone1.MAVSDKController - DEBUG - Battery: 10000.0%
2026-07-01 13:18:09,843 - Drone1.MAVSDKController - DEBUG - Battery: 10000.0%
2026-07-01 13:18:11,843 - Drone1.MAVSDKController - DEBUG - Battery: 10000.0%
2026-07-01 13:18:13,843 - Drone1.MAVSDKController - DEBUG - Battery: 10000.0%
2026-07-01 13:18:15,843 - Drone1.MAVSDKController - DEBUG - Battery: 10000.0%
2026-07-01 13:18:17,843 - Drone1.MAVSDKController - DEBUG - Battery: 10000.0%
2026-07-01 13:18:19,843 - Drone1.MAVSDKController - DEBUG - Battery: 10000.0%
2026-07-01 13:18:21,843 - Drone1.MAVSDKController - DEBUG - Battery: 10000.0%
2026-07-01 13:18:23,843 - Drone1.MAVSDKController - DEBUG - Battery: 10000.0%
2026-07-01 13:18:25,843 - Drone1.MAVSDKController - DEBUG - Battery: 10000.0%
2026-07-01 13:18:27,843 - Drone1.MAVSDKController - DEBUG - Battery: 10000.0%
2026-07-01 13:18:29,843 - Drone1.MAVSDKController - DEBUG - Battery: 10000.0%
2026-07-01 13:18:31,843 - Drone1.MAVSDKController - DEBUG - Battery: 10000.0%
2026-07-01 13:18:33,843 - Drone1.MAVSDKController - DEBUG - Battery: 10000.0%
2026-07-01 13:18:35,843 - Drone1.MAVSDKController - DEBUG - Battery: 10000.0%
2026-07-01 13:18:37,843 - Drone1.MAVSDKController - DEBUG - Battery: 10000.0%
2026-07-01 13:18:39,843 - Drone1.MAVSDKController - DEBUG - Battery: 10000.0%
2026-07-01 13:18:41,843 - Drone1.MAVSDKController - DEBUG - Battery: 10000.0%
2026-07-01 13:18:43,843 - Drone1.MAVSDKController - DEBUG - Battery: 10000.0%
2026-07-01 13:18:45,843 - Drone1.MAVSDKController - DEBUG - Battery: 10000.0%
2026-07-01 13:18:47,843 - Drone1.MAVSDKController - DEBUG - Battery: 10000.0%
2026-07-01 13:18:49,843 - Drone1.MAVSDKController - DEBUG - Battery: 10000.0%
2026-07-01 13:18:51,843 - Drone1.MAVSDKController - DEBUG - Battery: 10000.0%
2026-07-01 13:18:53,843 - Drone1.MAVSDKController - DEBUG - Battery: 10000.0%
2026-07-01 13:18:55,843 - Drone1.MAVSDKController - DEBUG - Battery: 10000.0%
2026-07-01 13:18:57,843 - Drone1.MAVSDKController - DEBUG - Battery: 10000.0%
2026-07-01 13:18:59,843 - Drone1.MAVSDKController - DEBUG - Battery: 10000.0%
2026-07-01 13:19:01,843 - Drone1.MAVSDKController - DEBUG - Battery: 10000.0%
2026-07-01 13:19:03,843 - Drone1.MAVSDKController - DEBUG - Battery: 10000.0%
2026-07-01 13:19:05,843 - Drone1.MAVSDKController - DEBUG - Battery: 10000.0%
2026-07-01 13:19:07,843 - Drone1.MAVSDKController - DEBUG - Battery: 10000.0%
2026-07-01 13:19:09,843 - Drone1.MAVSDKController - DEBUG - Battery: 10000.0%
2026-07-01 13:19:11,843 - Drone1.MAVSDKController - DEBUG - Battery: 10000.0%
2026-07-01 13:19:13,843 - Drone1.MAVSDKController - DEBUG - Battery: 10000.0%
2026-07-01 13:19:15,843 - Drone1.MAVSDKController - DEBUG - Battery: 10000.0%
2026-07-01 13:19:17,843 - Drone1.MAVSDKController - DEBUG - Battery: 10000.0%
2026-07-01 13:19:19,843 - Drone1.MAVSDKController - DEBUG - Battery: 10000.0%
2026-07-01 13:19:21,843 - Drone1.MAVSDKController - DEBUG - Battery: 10000.0%
2026-07-01 13:19:23,843 - Drone1.MAVSDKController - DEBUG - Battery: 10000.0%
2026-07-01 13:19:25,843 - Drone1.MAVSDKController - DEBUG - Battery: 10000.0%
2026-07-01 13:19:27,843 - Drone1.MAVSDKController - DEBUG - Battery: 10000.0%
2026-07-01 13:19:29,843 - Drone1.MAVSDKController - DEBUG - Battery: 10000.0%
2026-07-01 13:19:31,843 - Drone1.MAVSDKController - DEBUG - Battery: 10000.0%
2026-07-01 13:19:33,843 - Drone1.MAVSDKController - DEBUG - Battery: 10000.0%
2026-07-01 13:19:35,843 - Drone1.MAVSDKController - DEBUG - Battery: 10000.0%
2026-07-01 13:19:37,843 - Drone1.MAVSDKController - DEBUG - Battery: 10000.0%
2026-07-01 13:19:39,843 - Drone1.MAVSDKController - DEBUG - Battery: 10000.0%
2026-07-01 13:19:41,843 - Drone1.MAVSDKController - DEBUG - Battery: 10000.0%
2026-07-01 13:19:43,843 - Drone1.MAVSDKController - DEBUG - Battery: 10000.0%
2026-07-01 13:19:45,843 - Drone1.MAVSDKController - DEBUG - Battery: 10000.0%
2026-07-01 13:19:47,843 - Drone1.MAVSDKController - DEBUG - Battery: 10000.0%
2026-07-01 13:19:49,843 - Drone1.MAVSDKController - DEBUG - Battery: 10000.0%
2026-07-01 13:19:51,843 - Drone1.MAVSDKController - DEBUG - Battery: 10000.0%
2026-07-01 13:19:53,843 - Drone1.MAVSDKController - DEBUG - Battery: 10000.0%
2026-07-01 13:19:55,843 - Drone1.MAVSDKController - DEBUG - Battery: 10000.0%
2026-07-01 13:19:57,843 - Drone1.MAVSDKController - DEBUG - Battery: 10000.0%
2026-07-01 13:19:59,843 - Drone1.MAVSDKController - DEBUG - Battery: 10000.0%
2026-07-01 13:20:01,843 - Drone1.MAVSDKController - DEBUG - Battery: 10000.0%
2026-07-01 13:20:03,843 - Drone1.MAVSDKController - DEBUG - Battery: 10000.0%
2026-07-01 13:20:05,843 - Drone1.MAVSDKController - DEBUG - Battery: 10000.0%
2026-07-01 13:20:07,843 - Drone1.MAVSDKController - DEBUG - Battery: 10000.0%
2026-07-01 13:20:09,843 - Drone1.MAVSDKController - DEBUG - Battery: 10000.0%
2026-07-01 13:20:11,843 - Drone1.MAVSDKController - DEBUG - Battery: 10000.0%
2026-07-01 13:20:13,843 - Drone1.MAVSDKController - DEBUG - Battery: 10000.0%
2026-07-01 13:20:15,843 - Drone1.MAVSDKController - DEBUG - Battery: 10000.0%
2026-07-01 13:20:17,843 - Drone1.MAVSDKController - DEBUG - Battery: 10000.0%
2026-07-01 13:20:19,843 - Drone1.MAVSDKController - DEBUG - Battery: 10000.0%
2026-07-01 13:20:21,843 - Drone1.MAVSDKController - DEBUG - Battery: 10000.0%
2026-07-01 13:20:23,843 - Drone1.MAVSDKController - DEBUG - Battery: 10000.0%
2026-07-01 13:20:25,843 - Drone1.MAVSDKController - DEBUG - Battery: 10000.0%
2026-07-01 13:20:27,843 - Drone1.MAVSDKController - DEBUG - Battery: 10000.0%
2026-07-01 13:20:29,843 - Drone1.MAVSDKController - DEBUG - Battery: 10000.0%
2026-07-01 13:20:31,843 - Drone1.MAVSDKController - DEBUG - Battery: 10000.0%
2026-07-01 13:20:33,843 - Drone1.MAVSDKController - DEBUG - Battery: 10000.0%
2026-07-01 13:20:35,843 - Drone1.MAVSDKController - DEBUG - Battery: 10000.0%
2026-07-01 13:20:37,843 - Drone1.MAVSDKController - DEBUG - Battery: 10000.0%
2026-07-01 13:20:39,843 - Drone1.MAVSDKController - DEBUG - Battery: 10000.0%
2026-07-01 13:20:41,843 - Drone1.MAVSDKController - DEBUG - Battery: 10000.0%
2026-07-01 13:20:43,843 - Drone1.MAVSDKController - DEBUG - Battery: 10000.0%
2026-07-01 13:20:45,843 - Drone1.MAVSDKController - DEBUG - Battery: 10000.0%
2026-07-01 13:20:47,843 - Drone1.MAVSDKController - DEBUG - Battery: 10000.0%
2026-07-01 13:20:49,843 - Drone1.MAVSDKController - DEBUG - Battery: 10000.0%
2026-07-01 13:20:51,843 - Drone1.MAVSDKController - DEBUG - Battery: 10000.0%
2026-07-01 13:20:53,843 - Drone1.MAVSDKController - DEBUG - Battery: 10000.0%
2026-07-01 13:20:55,843 - Drone1.MAVSDKController - DEBUG - Battery: 10000.0%
2026-07-01 13:20:57,843 - Drone1.MAVSDKController - DEBUG - Battery: 10000.0%
2026-07-01 13:20:59,843 - Drone1.MAVSDKController - DEBUG - Battery: 10000.0%
2026-07-01 13:21:01,843 - Drone1.MAVSDKController - DEBUG - Battery: 10000.0%
2026-07-01 13:21:03,843 - Drone1.MAVSDKController - DEBUG - Battery: 10000.0%
2026-07-01 13:21:05,843 - Drone1.MAVSDKController - DEBUG - Battery: 10000.0%
2026-07-01 13:21:07,843 - Drone1.MAVSDKController - DEBUG - Battery: 10000.0%
2026-07-01 13:21:09,843 - Drone1.MAVSDKController - DEBUG - Battery: 10000.0%
2026-07-01 13:21:11,843 - Drone1.MAVSDKController - DEBUG - Battery: 10000.0%
2026-07-01 13:21:13,843 - Drone1.MAVSDKController - DEBUG - Battery: 10000.0%
2026-07-01 13:21:15,843 - Drone1.MAVSDKController - DEBUG - Battery: 10000.0%
2026-07-01 13:21:17,843 - Drone1.MAVSDKController - DEBUG - Battery: 10000.0%
2026-07-01 13:21:19,843 - Drone1.MAVSDKController - DEBUG - Battery: 10000.0%
2026-07-01 13:21:21,843 - Drone1.MAVSDKController - DEBUG - Battery: 10000.0%
2026-07-01 13:21:23,843 - Drone1.MAVSDKController - DEBUG - Battery: 10000.0%
2026-07-01 13:21:25,843 - Drone1.MAVSDKController - DEBUG - Battery: 10000.0%
2026-07-01 13:21:27,843 - Drone1.MAVSDKController - DEBUG - Battery: 10000.0%
2026-07-01 13:21:29,843 - Drone1.MAVSDKController - DEBUG - Battery: 10000.0%
2026-07-01 13:21:31,843 - Drone1.MAVSDKController - DEBUG - Battery: 10000.0%
2026-07-01 13:21:33,843 - Drone1.MAVSDKController - DEBUG - Battery: 10000.0%
2026-07-01 13:21:35,843 - Drone1.MAVSDKController - DEBUG - Battery: 10000.0%
2026-07-01 13:21:37,843 - Drone1.MAVSDKController - DEBUG - Battery: 10000.0%
2026-07-01 13:21:39,843 - Drone1.MAVSDKController - DEBUG - Battery: 10000.0%
2026-07-01 13:21:41,843 - Drone1.MAVSDKController - DEBUG - Battery: 10000.0%
2026-07-01 13:21:43,843 - Drone1.MAVSDKController - DEBUG - Battery: 10000.0%
2026-07-01 13:21:45,843 - Drone1.MAVSDKController - DEBUG - Battery: 10000.0%
2026-07-01 13:21:47,843 - Drone1.MAVSDKController - DEBUG - Battery: 10000.0%
2026-07-01 13:21:49,843 - Drone1.MAVSDKController - DEBUG - Battery: 10000.0%
2026-07-01 13:21:51,843 - Drone1.MAVSDKController - DEBUG - Battery: 10000.0%
2026-07-01 13:21:53,843 - Drone1.MAVSDKController - DEBUG - Battery: 10000.0%
2026-07-01 13:21:55,843 - Drone1.MAVSDKController - DEBUG - Battery: 10000.0%
2026-07-01 13:21:57,843 - Drone1.MAVSDKController - DEBUG - Battery: 10000.0%
2026-07-01 13:21:59,843 - Drone1.MAVSDKController - DEBUG - Battery: 10000.0%
2026-07-01 13:22:01,843 - Drone1.MAVSDKController - DEBUG - Battery: 10000.0%
2026-07-01 13:22:03,843 - Drone1.MAVSDKController - DEBUG - Battery: 10000.0%
2026-07-01 13:22:05,843 - Drone1.MAVSDKController - DEBUG - Battery: 10000.0%
2026-07-01 13:22:07,843 - Drone1.MAVSDKController - DEBUG - Battery: 10000.0%
2026-07-01 13:22:09,843 - Drone1.MAVSDKController - DEBUG - Battery: 10000.0%
2026-07-01 13:22:11,843 - Drone1.MAVSDKController - DEBUG - Battery: 10000.0%
2026-07-01 13:22:13,843 - Drone1.MAVSDKController - DEBUG - Battery: 10000.0%
2026-07-01 13:22:15,843 - Drone1.MAVSDKController - DEBUG - Battery: 10000.0%
2026-07-01 13:22:17,843 - Drone1.MAVSDKController - DEBUG - Battery: 10000.0%
2026-07-01 13:22:19,843 - Drone1.MAVSDKController - DEBUG - Battery: 10000.0%
2026-07-01 13:22:21,843 - Drone1.MAVSDKController - DEBUG - Battery: 10000.0%
2026-07-01 13:22:23,843 - Drone1.MAVSDKController - DEBUG - Battery: 10000.0%
2026-07-01 13:22:25,843 - Drone1.MAVSDKController - DEBUG - Battery: 10000.0%
2026-07-01 13:22:27,843 - Drone1.MAVSDKController - DEBUG - Battery: 10000.0%
2026-07-01 13:22:29,843 - Drone1.MAVSDKController - DEBUG - Battery: 10000.0%
2026-07-01 13:22:31,843 - Drone1.MAVSDKController - DEBUG - Battery: 10000.0%
2026-07-01 13:22:33,843 - Drone1.MAVSDKController - DEBUG - Battery: 10000.0%
2026-07-01 13:22:35,843 - Drone1.MAVSDKController - DEBUG - Battery: 10000.0%
2026-07-01 13:22:37,843 - Drone1.MAVSDKController - DEBUG - Battery: 10000.0%
2026-07-01 13:22:39,843 - Drone1.MAVSDKController - DEBUG - Battery: 10000.0%
2026-07-01 13:22:41,843 - Drone1.MAVSDKController - DEBUG - Battery: 10000.0%
2026-07-01 13:22:43,843 - Drone1.MAVSDKController - DEBUG - Battery: 10000.0%
2026-07-01 13:22:45,843 - Drone1.MAVSDKController - DEBUG - Battery: 10000.0%
2026-07-01 13:22:47,843 - Drone1.MAVSDKController - DEBUG - Battery: 10000.0%
2026-07-01 13:22:49,843 - Drone1.MAVSDKController - DEBUG - Battery: 10000.0%
2026-07-01 13:22:51,843 - Drone1.MAVSDKController - DEBUG - Battery: 10000.0%
2026-07-01 13:22:53,843 - Drone1.MAVSDKController - DEBUG - Battery: 10000.0%
2026-07-01 13:22:55,843 - Drone1.MAVSDKController - DEBUG - Battery: 10000.0%
2026-07-01 13:22:57,843 - Drone1.MAVSDKController - DEBUG - Battery: 10000.0%
2026-07-01 13:22:59,843 - Drone1.MAVSDKController - DEBUG - Battery: 10000.0%
2026-07-01 13:23:01,843 - Drone1.MAVSDKController - DEBUG - Battery: 10000.0%
2026-07-01 13:23:03,843 - Drone1.MAVSDKController - DEBUG - Battery: 10000.0%
2026-07-01 13:23:05,843 - Drone1.MAVSDKController - DEBUG - Battery: 10000.0%
2026-07-01 13:23:07,843 - Drone1.MAVSDKController - DEBUG - Battery: 10000.0%
2026-07-01 13:23:09,843 - Drone1.MAVSDKController - DEBUG - Battery: 10000.0%
2026-07-01 13:23:11,843 - Drone1.MAVSDKController - DEBUG - Battery: 10000.0%
2026-07-01 13:23:13,843 - Drone1.MAVSDKController - DEBUG - Battery: 10000.0%
2026-07-01 13:23:15,843 - Drone1.MAVSDKController - DEBUG - Battery: 10000.0%
2026-07-01 13:23:17,843 - Drone1.MAVSDKController - DEBUG - Battery: 10000.0%
2026-07-01 13:23:19,843 - Drone1.MAVSDKController - DEBUG - Battery: 10000.0%
2026-07-01 13:23:21,843 - Drone1.MAVSDKController - DEBUG - Battery: 10000.0%
2026-07-01 13:23:23,843 - Drone1.MAVSDKController - DEBUG - Battery: 10000.0%
2026-07-01 13:23:25,843 - Drone1.MAVSDKController - DEBUG - Battery: 10000.0%
2026-07-01 13:23:27,843 - Drone1.MAVSDKController - DEBUG - Battery: 10000.0%
2026-07-01 13:23:29,843 - Drone1.MAVSDKController - DEBUG - Battery: 10000.0%
2026-07-01 13:23:31,843 - Drone1.MAVSDKController - DEBUG - Battery: 10000.0%
2026-07-01 13:23:33,843 - Drone1.MAVSDKController - DEBUG - Battery: 10000.0%
2026-07-01 13:23:35,843 - Drone1.MAVSDKController - DEBUG - Battery: 10000.0%
2026-07-01 13:23:37,844 - Drone1.MAVSDKController - DEBUG - Battery: 10000.0%
2026-07-01 13:23:39,843 - Drone1.MAVSDKController - DEBUG - Battery: 10000.0%
2026-07-01 13:23:41,843 - Drone1.MAVSDKController - DEBUG - Battery: 10000.0%
2026-07-01 13:23:43,843 - Drone1.MAVSDKController - DEBUG - Battery: 10000.0%
2026-07-01 13:23:45,843 - Drone1.MAVSDKController - DEBUG - Battery: 10000.0%
2026-07-01 13:23:47,843 - Drone1.MAVSDKController - DEBUG - Battery: 10000.0%
2026-07-01 13:23:49,843 - Drone1.MAVSDKController - DEBUG - Battery: 10000.0%
2026-07-01 13:23:51,843 - Drone1.MAVSDKController - DEBUG - Battery: 10000.0%
2026-07-01 13:23:53,843 - Drone1.MAVSDKController - DEBUG - Battery: 10000.0%
2026-07-01 13:23:55,843 - Drone1.MAVSDKController - DEBUG - Battery: 10000.0%
2026-07-01 13:23:57,843 - Drone1.MAVSDKController - DEBUG - Battery: 10000.0%
2026-07-01 13:23:59,844 - Drone1.MAVSDKController - DEBUG - Battery: 10000.0%
2026-07-01 13:24:01,843 - Drone1.MAVSDKController - DEBUG - Battery: 10000.0%
2026-07-01 13:24:03,843 - Drone1.MAVSDKController - DEBUG - Battery: 10000.0%
2026-07-01 13:24:05,843 - Drone1.MAVSDKController - DEBUG - Battery: 10000.0%
2026-07-01 13:24:07,844 - Drone1.MAVSDKController - DEBUG - Battery: 10000.0%
2026-07-01 13:24:09,843 - Drone1.MAVSDKController - DEBUG - Battery: 10000.0%
2026-07-01 13:24:11,843 - Drone1.MAVSDKController - DEBUG - Battery: 10000.0%
2026-07-01 13:24:13,843 - Drone1.MAVSDKController - DEBUG - Battery: 10000.0%
2026-07-01 13:24:15,843 - Drone1.MAVSDKController - DEBUG - Battery: 10000.0%
2026-07-01 13:24:17,843 - Drone1.MAVSDKController - DEBUG - Battery: 10000.0%
2026-07-01 13:24:19,843 - Drone1.MAVSDKController - DEBUG - Battery: 10000.0%
2026-07-01 13:24:21,843 - Drone1.MAVSDKController - DEBUG - Battery: 10000.0%
2026-07-01 13:24:23,843 - Drone1.MAVSDKController - DEBUG - Battery: 10000.0%
2026-07-01 13:24:25,843 - Drone1.MAVSDKController - DEBUG - Battery: 10000.0%
2026-07-01 13:24:27,843 - Drone1.MAVSDKController - DEBUG - Battery: 10000.0%
2026-07-01 13:24:47,818 - Drone1.MAVSDKController - DEBUG - Battery: 10000.0%
2026-07-01 13:29:18,912 - Drone1.MAVSDKController - DEBUG - Battery: 10000.0%
2026-07-01 13:29:38,993 - Drone1.MAVSDKController - DEBUG - Battery: 10000.0%
2026-07-01 13:29:59,074 - Drone1.MAVSDKController - DEBUG - Battery: 10000.0%
2026-07-01 13:30:19,154 - Drone1.MAVSDKController - DEBUG - Battery: 10000.0%
2026-07-01 13:30:39,234 - Drone1.MAVSDKController - DEBUG - Battery: 10000.0%
2026-07-01 13:30:59,315 - Drone1.MAVSDKController - DEBUG - Battery: 10000.0%
2026-07-01 13:31:19,398 - Drone1.MAVSDKController - DEBUG - Battery: 10000.0%
2026-07-01 13:31:39,476 - Drone1.MAVSDKController - DEBUG - Battery: 10000.0%
2026-07-01 13:31:49,843 - Drone1.MAVSDKController - DEBUG - Battery: 10000.0%
2026-07-01 13:31:59,843 - Drone1.MAVSDKController - DEBUG - Battery: 10000.0%
2026-07-01 13:32:09,843 - Drone1.MAVSDKController - DEBUG - Battery: 10000.0%
2026-07-01 13:32:19,842 - Drone1.MAVSDKController - DEBUG - Battery: 10000.0%
2026-07-01 13:32:29,843 - Drone1.MAVSDKController - DEBUG - Battery: 10000.0%
2026-07-01 13:32:39,843 - Drone1.MAVSDKController - DEBUG - Battery: 10000.0%
2026-07-01 13:32:49,843 - Drone1.MAVSDKController - DEBUG - Battery: 10000.0%
2026-07-01 13:32:59,843 - Drone1.MAVSDKController - DEBUG - Battery: 10000.0%
2026-07-01 13:33:09,843 - Drone1.MAVSDKController - DEBUG - Battery: 10000.0%
2026-07-01 13:33:19,882 - Drone1.MAVSDKController - DEBUG - Battery: 10000.0%
2026-07-01 13:37:40,936 - Drone1.MAVSDKController - DEBUG - Battery: 10000.0%
2026-07-01 13:38:01,015 - Drone1.MAVSDKController - DEBUG - Battery: 10000.0%
2026-07-01 13:38:21,095 - Drone1.MAVSDKController - DEBUG - Battery: 10000.0%
2026-07-01 13:38:41,175 - Drone1.MAVSDKController - DEBUG - Battery: 10000.0%
2026-07-01 13:39:01,255 - Drone1.MAVSDKController - DEBUG - Battery: 10000.0%
2026-07-01 13:39:21,336 - Drone1.MAVSDKController - DEBUG - Battery: 10000.0%
2026-07-01 13:39:41,417 - Drone1.MAVSDKController - DEBUG - Battery: 10000.0%
2026-07-01 13:40:01,496 - Drone1.MAVSDKController - DEBUG - Battery: 10000.0%
2026-07-01 13:40:11,843 - Drone1.MAVSDKController - DEBUG - Battery: 10000.0%
2026-07-01 13:40:21,843 - Drone1.MAVSDKController - DEBUG - Battery: 10000.0%
2026-07-01 13:40:31,843 - Drone1.MAVSDKController - DEBUG - Battery: 10000.0%
2026-07-01 13:40:41,843 - Drone1.MAVSDKController - DEBUG - Battery: 10000.0%
2026-07-01 13:40:51,843 - Drone1.MAVSDKController - DEBUG - Battery: 10000.0%
2026-07-01 13:41:01,843 - Drone1.MAVSDKController - DEBUG - Battery: 10000.0%
2026-07-01 13:41:11,843 - Drone1.MAVSDKController - DEBUG - Battery: 10000.0%
2026-07-01 13:41:21,843 - Drone1.MAVSDKController - DEBUG - Battery: 10000.0%
2026-07-01 13:45:52,923 - Drone1.MAVSDKController - DEBUG - Battery: 10000.0%
2026-07-01 13:46:13,005 - Drone1.MAVSDKController - DEBUG - Battery: 10000.0%
2026-07-01 13:46:33,085 - Drone1.MAVSDKController - DEBUG - Battery: 10000.0%
2026-07-01 13:46:53,166 - Drone1.MAVSDKController - DEBUG - Battery: 10000.0%
2026-07-01 13:47:13,246 - Drone1.MAVSDKController - DEBUG - Battery: 10000.0%
2026-07-01 13:47:33,326 - Drone1.MAVSDKController - DEBUG - Battery: 10000.0%
2026-07-01 13:47:53,406 - Drone1.MAVSDKController - DEBUG - Battery: 10000.0%
2026-07-01 13:48:13,485 - Drone1.MAVSDKController - DEBUG - Battery: 10000.0%
2026-07-01 13:48:23,843 - Drone1.MAVSDKController - DEBUG - Battery: 10000.0%
2026-07-01 13:48:33,843 - Drone1.MAVSDKController - DEBUG - Battery: 10000.0%
2026-07-01 13:48:43,843 - Drone1.MAVSDKController - DEBUG - Battery: 10000.0%
2026-07-01 13:48:53,843 - Drone1.MAVSDKController - DEBUG - Battery: 10000.0%
2026-07-01 13:49:03,843 - Drone1.MAVSDKController - DEBUG - Battery: 10000.0%
2026-07-01 13:49:13,843 - Drone1.MAVSDKController - DEBUG - Battery: 10000.0%
2026-07-01 13:49:23,843 - Drone1.MAVSDKController - DEBUG - Battery: 10000.0%
2026-07-01 13:49:33,843 - Drone1.MAVSDKController - DEBUG - Battery: 10000.0%
2026-07-01 13:54:14,947 - Drone1.MAVSDKController - DEBUG - Battery: 10000.0%
2026-07-01 13:54:35,029 - Drone1.MAVSDKController - DEBUG - Battery: 10000.0%
2026-07-01 13:54:55,110 - Drone1.MAVSDKController - DEBUG - Battery: 10000.0%
2026-07-01 13:55:15,190 - Drone1.MAVSDKController - DEBUG - Battery: 10000.0%
2026-07-01 13:55:35,270 - Drone1.MAVSDKController - DEBUG - Battery: 10000.0%
2026-07-01 13:55:55,350 - Drone1.MAVSDKController - DEBUG - Battery: 10000.0%
2026-07-01 13:56:15,431 - Drone1.MAVSDKController - DEBUG - Battery: 10000.0%
2026-07-01 13:56:35,510 - Drone1.MAVSDKController - DEBUG - Battery: 10000.0%
2026-07-01 13:56:45,843 - Drone1.MAVSDKController - DEBUG - Battery: 10000.0%
2026-07-01 13:56:55,843 - Drone1.MAVSDKController - DEBUG - Battery: 10000.0%
2026-07-01 13:57:05,843 - Drone1.MAVSDKController - DEBUG - Battery: 10000.0%
2026-07-01 13:57:15,843 - Drone1.MAVSDKController - DEBUG - Battery: 10000.0%
2026-07-01 13:57:25,843 - Drone1.MAVSDKController - DEBUG - Battery: 10000.0%
2026-07-01 13:57:35,843 - Drone1.MAVSDKController - DEBUG - Battery: 10000.0%
2026-07-01 13:57:45,843 - Drone1.MAVSDKController - DEBUG - Battery: 10000.0%
2026-07-01 13:57:55,843 - Drone1.MAVSDKController - DEBUG - Battery: 10000.0%
2026-07-01 14:02:26,929 - Drone1.MAVSDKController - DEBUG - Battery: 10000.0%
2026-07-01 14:02:47,010 - Drone1.MAVSDKController - DEBUG - Battery: 10000.0%
2026-07-01 14:03:07,091 - Drone1.MAVSDKController - DEBUG - Battery: 10000.0%
2026-07-01 14:03:27,173 - Drone1.MAVSDKController - DEBUG - Battery: 10000.0%
2026-07-01 14:03:47,253 - Drone1.MAVSDKController - DEBUG - Battery: 10000.0%
2026-07-01 14:04:07,332 - Drone1.MAVSDKController - DEBUG - Battery: 10000.0%
2026-07-01 14:04:27,412 - Drone1.MAVSDKController - DEBUG - Battery: 10000.0%
2026-07-01 14:04:47,493 - Drone1.MAVSDKController - DEBUG - Battery: 10000.0%
2026-07-01 14:04:57,843 - Drone1.MAVSDKController - DEBUG - Battery: 10000.0%
2026-07-01 14:05:07,843 - Drone1.MAVSDKController - DEBUG - Battery: 10000.0%
2026-07-01 14:05:17,843 - Drone1.MAVSDKController - DEBUG - Battery: 10000.0%
2026-07-01 14:05:27,843 - Drone1.MAVSDKController - DEBUG - Battery: 10000.0%
2026-07-01 14:05:37,843 - Drone1.MAVSDKController - DEBUG - Battery: 10000.0%
2026-07-01 14:05:47,843 - Drone1.MAVSDKController - DEBUG - Battery: 10000.0%
2026-07-01 14:05:57,843 - Drone1.MAVSDKController - DEBUG - Battery: 10000.0%
2026-07-01 14:06:17,859 - Drone1.MAVSDKController - DEBUG - Battery: 10000.0%
                                                                              2026-07-01 15:15:21,091 - Drone1 - INFO - Logger initialized for drone 1
2026-07-01 15:15:21,094 - Drone1 - INFO - BackendFactory: Creating SimulationBackend
2026-07-01 15:15:21,094 - Drone1.Communication - INFO - Communication initialized on 0.0.0.0:14560
2026-07-01 15:15:21,095 - Drone1.StateMachine - INFO - StateMachine initialized
2026-07-01 15:15:21,095 - Drone1 - INFO - DroneAgent initialized
2026-07-01 15:15:21,095 - Drone1 - INFO - Starting DroneAgent...
2026-07-01 15:15:21,096 - Drone1.SimulationBackend - INFO - Starting SimulationBackend...
2026-07-01 15:15:21,097 - Drone1.SimulationBackend - INFO - Connecting to SITL simulation via udpin://0.0.0.0:14540
2026-07-01 15:15:23,098 - Drone1.Communication - INFO - Communication started
2026-07-01 15:15:23,098 - Drone1.Telemetry - INFO - Telemetry background tasks scheduled
2026-07-01 15:15:23,100 - Drone1.Telemetry - ERROR - GPS telemetry error: Telemetry plugin has not been initialized! Did you run `System.connect()`?
2026-07-01 15:15:23,101 - Drone1.Decision - INFO - Decision engine started
2026-07-01 15:15:23,101 - Drone1.MovementController - INFO - Movement controller started
2026-07-01 15:15:23,102 - Drone1.Heartbeat - INFO - Heartbeat started at 10.0 Hz
2026-07-01 15:15:23,102 - Drone1 - INFO - All subsystems started
2026-07-01 15:15:23,108 - Drone1.Telemetry - ERROR - Position velocity NED telemetry error: Telemetry plugin has not been initialized! Did you run `System.connect()`?
2026-07-01 15:15:23,108 - Drone1.Telemetry - ERROR - Attitude telemetry error: Telemetry plugin has not been initialized! Did you run `System.connect()`?
2026-07-01 15:15:23,109 - Drone1.Telemetry - ERROR - Battery telemetry error: Telemetry plugin has not been initialized! Did you run `System.connect()`?
2026-07-01 15:15:23,109 - Drone1.Telemetry - ERROR - Health telemetry error: Telemetry plugin has not been initialized! Did you run `System.connect()`?
2026-07-01 15:15:23,109 - Drone1.Telemetry - ERROR - In-air telemetry error: Telemetry plugin has not been initialized! Did you run `System.connect()`?
2026-07-01 15:15:23,110 - Drone1.Telemetry - ERROR - Armed telemetry error: Telemetry plugin has not been initialized! Did you run `System.connect()`?
2026-07-01 15:15:23,110 - Drone1.Telemetry - ERROR - Home telemetry error: Telemetry plugin has not been initialized! Did you run `System.connect()`?
2026-07-01 15:15:25,650 - Drone1 - INFO - Received signal 15, initiating shutdown...
2026-07-01 15:15:25,651 - Drone1 - INFO - Shutting down DroneAgent...
2026-07-01 15:15:25,651 - Drone1.Heartbeat - INFO - Heartbeat stopped
2026-07-01 15:15:25,660 - Drone1.MovementController - INFO - Movement controller stopped
2026-07-01 15:15:25,705 - Drone1.Decision - INFO - Decision engine stopped
2026-07-01 15:15:25,705 - Drone1.Telemetry - INFO - Telemetry stopped
2026-07-01 15:15:25,706 - Drone1.Communication - INFO - Communication stopped
2026-07-01 15:15:25,706 - Drone1.SimulationBackend - INFO - Stopping SimulationBackend...
2026-07-01 15:15:30,706 - Drone1 - INFO - DroneAgent shutdown complete
2026-07-01 15:15:30,707 - Drone1 - INFO - Shutting down DroneAgent...
2026-07-01 15:15:30,707 - Drone1.Heartbeat - INFO - Heartbeat stopped
2026-07-01 15:15:30,707 - Drone1.MovementController - INFO - Movement controller stopped
2026-07-01 15:15:30,708 - Drone1.Decision - INFO - Decision engine stopped
2026-07-01 15:15:30,708 - Drone1.Telemetry - INFO - Telemetry stopped
2026-07-01 15:15:30,709 - Drone1.Communication - INFO - Communication stopped
2026-07-01 15:15:30,709 - Drone1.SimulationBackend - INFO - Stopping SimulationBackend...
2026-07-01 15:15:35,709 - Drone1 - INFO - DroneAgent shutdown complete
2026-07-01 15:53:05,949 - Drone1 - INFO - Logger initialized for drone 1
2026-07-01 15:53:05,950 - Drone1 - INFO - BackendFactory: Creating SimulationBackend
2026-07-01 15:53:05,951 - Drone1.Communication - INFO - Communication initialized on 0.0.0.0:14560
2026-07-01 15:53:05,951 - Drone1.StateMachine - INFO - StateMachine initialized
2026-07-01 15:53:05,951 - Drone1 - INFO - DroneAgent initialized
2026-07-01 15:53:05,951 - Drone1 - INFO - Starting DroneAgent...
2026-07-01 15:53:05,951 - Drone1.SimulationBackend - INFO - Starting SimulationBackend...
2026-07-01 15:53:05,952 - Drone1.SimulationBackend - INFO - Connecting to SITL simulation via udpin://0.0.0.0:14540
2026-07-01 15:53:08,208 - Drone1 - INFO - GUI Server started on port 8000
2026-07-01 15:53:08,209 - Drone1.Telemetry - INFO - Telemetry background tasks scheduled
2026-07-01 15:53:08,210 - Drone1.Telemetry - ERROR - GPS telemetry error: Telemetry plugin has not been initialized! Did you run `System.connect()`?
2026-07-01 15:53:08,210 - Drone1.Communication - INFO - Communication started
2026-07-01 15:53:08,211 - Drone1.Decision - INFO - Decision engine started
2026-07-01 15:53:08,212 - Drone1.Telemetry - ERROR - Position velocity NED telemetry error: Telemetry plugin has not been initialized! Did you run `System.connect()`?
2026-07-01 15:53:08,212 - Drone1.Telemetry - ERROR - Attitude telemetry error: Telemetry plugin has not been initialized! Did you run `System.connect()`?
2026-07-01 15:53:08,212 - Drone1.Telemetry - ERROR - Battery telemetry error: Telemetry plugin has not been initialized! Did you run `System.connect()`?
2026-07-01 15:53:08,213 - Drone1.Telemetry - ERROR - Health telemetry error: Telemetry plugin has not been initialized! Did you run `System.connect()`?
2026-07-01 15:53:08,213 - Drone1.Telemetry - ERROR - In-air telemetry error: Telemetry plugin has not been initialized! Did you run `System.connect()`?
2026-07-01 15:53:08,213 - Drone1.Telemetry - ERROR - Armed telemetry error: Telemetry plugin has not been initialized! Did you run `System.connect()`?
2026-07-01 15:53:08,213 - Drone1.Telemetry - ERROR - Home telemetry error: Telemetry plugin has not been initialized! Did you run `System.connect()`?
2026-07-01 15:53:08,213 - Drone1.MovementController - INFO - Movement controller started
2026-07-01 15:53:08,213 - Drone1.Heartbeat - INFO - Heartbeat started at 10.0 Hz
2026-07-01 15:53:08,214 - Drone1 - INFO - All subsystems started
2026-07-01 15:53:15,760 - Drone1 - INFO - Received signal 15, initiating shutdown...
2026-07-01 15:53:15,760 - Drone1 - INFO - Shutting down DroneAgent...
2026-07-01 15:53:15,761 - Drone1.Heartbeat - INFO - Heartbeat stopped
2026-07-01 15:53:15,774 - Drone1.MovementController - INFO - Movement controller stopped
2026-07-01 15:53:15,822 - Drone1.Decision - INFO - Decision engine stopped
2026-07-01 15:53:15,823 - Drone1.Telemetry - INFO - Telemetry stopped
2026-07-01 15:53:15,823 - Drone1.Communication - INFO - Communication stopped
2026-07-01 15:53:15,823 - Drone1.SimulationBackend - INFO - Stopping SimulationBackend...
2026-07-01 15:53:20,824 - Drone1 - INFO - DroneAgent shutdown complete
2026-07-01 15:53:20,824 - Drone1 - INFO - Shutting down DroneAgent...
2026-07-01 15:53:20,824 - Drone1.Heartbeat - INFO - Heartbeat stopped
2026-07-01 15:53:20,825 - Drone1.MovementController - INFO - Movement controller stopped
2026-07-01 15:53:20,825 - Drone1.Decision - INFO - Decision engine stopped
2026-07-01 15:53:20,825 - Drone1.Telemetry - INFO - Telemetry stopped
2026-07-01 15:53:20,825 - Drone1.Communication - INFO - Communication stopped
2026-07-01 15:53:20,825 - Drone1.SimulationBackend - INFO - Stopping SimulationBackend...
2026-07-01 15:53:25,825 - Drone1 - INFO - DroneAgent shutdown complete
2026-07-01 16:00:50,574 - Drone1 - INFO - Logger initialized for drone 1
2026-07-01 16:00:50,575 - Drone1 - INFO - BackendFactory: Creating SimulationBackend
2026-07-01 16:01:50,880 - Drone1 - INFO - Logger initialized for drone 1
2026-07-01 16:01:50,881 - Drone1 - INFO - BackendFactory: Creating SimulationBackend
2026-07-01 16:01:56,543 - Drone1 - INFO - Logger initialized for drone 1
2026-07-01 16:01:56,543 - Drone1 - INFO - BackendFactory: Creating SimulationBackend
2026-07-01 16:06:26,633 - Drone1 - INFO - Logger initialized for drone 1
2026-07-01 16:06:26,633 - Drone1 - INFO - BackendFactory: Creating SimulationBackend
2026-07-01 16:06:26,633 - Drone1.Communication - INFO - Communication initialized on 0.0.0.0:14560
2026-07-01 16:06:26,634 - Drone1.StateMachine - INFO - StateMachine initialized
2026-07-01 16:06:26,634 - Drone1 - INFO - DroneAgent initialized
2026-07-01 16:06:26,634 - Drone1 - INFO - Starting DroneAgent...
2026-07-01 16:06:26,634 - Drone1.SimulationBackend - INFO - Starting SimulationBackend...
2026-07-01 16:06:26,635 - Drone1.SimulationBackend - INFO - Connecting to SITL simulation via udpin://0.0.0.0:14540
2026-07-01 16:06:31,458 - Drone1 - INFO - Received signal 15, initiating shutdown...
2026-07-01 16:06:31,458 - Drone1 - INFO - Shutting down DroneAgent...
2026-07-01 16:06:31,459 - Drone1.Heartbeat - INFO - Heartbeat stopped
2026-07-01 16:06:31,459 - Drone1.MovementController - INFO - Movement controller stopped
2026-07-01 16:06:31,459 - Drone1.Decision - INFO - Decision engine stopped
2026-07-01 16:06:31,459 - Drone1.Telemetry - INFO - Telemetry stopped
2026-07-01 16:06:31,459 - Drone1.Communication - INFO - Communication stopped
2026-07-01 16:06:31,459 - Drone1.SimulationBackend - INFO - Stopping SimulationBackend...
2026-07-01 16:06:36,460 - Drone1 - INFO - DroneAgent shutdown complete
2026-07-01 16:08:07,043 - Drone1 - INFO - Logger initialized for drone 1
2026-07-01 16:08:07,044 - Drone1 - INFO - BackendFactory: Creating SimulationBackend
2026-07-01 16:08:07,044 - Drone1.Communication - INFO - Communication initialized on 0.0.0.0:14560
2026-07-01 16:08:07,044 - Drone1.StateMachine - INFO - StateMachine initialized
2026-07-01 16:08:07,044 - Drone1 - INFO - DroneAgent initialized
2026-07-01 16:08:07,045 - Drone1 - INFO - Starting DroneAgent...
2026-07-01 16:08:07,045 - Drone1.SimulationBackend - INFO - Starting SimulationBackend...
2026-07-01 16:08:07,045 - Drone1.SimulationBackend - INFO - Connecting to SITL simulation via udpin://0.0.0.0:14540
2026-07-01 16:08:09,875 - Drone1 - INFO - Received signal 15, initiating shutdown...
2026-07-01 16:08:09,876 - Drone1 - INFO - Shutting down DroneAgent...
2026-07-01 16:08:09,876 - Drone1.Heartbeat - INFO - Heartbeat stopped
2026-07-01 16:08:09,876 - Drone1.MovementController - INFO - Movement controller stopped
2026-07-01 16:08:09,876 - Drone1.Decision - INFO - Decision engine stopped
2026-07-01 16:08:09,876 - Drone1.Telemetry - INFO - Telemetry stopped
2026-07-01 16:08:09,876 - Drone1.Communication - INFO - Communication stopped
2026-07-01 16:08:09,876 - Drone1.SimulationBackend - INFO - Stopping SimulationBackend...
2026-07-01 16:08:14,877 - Drone1 - INFO - DroneAgent shutdown complete
2026-07-01 16:11:01,939 - Drone1 - INFO - Logger initialized for drone 1
2026-07-01 16:11:01,940 - Drone1 - INFO - BackendFactory: Creating SimulationBackend
2026-07-01 16:11:01,940 - Drone1.Communication - INFO - Communication initialized on 0.0.0.0:14560
2026-07-01 16:11:01,940 - Drone1.StateMachine - INFO - StateMachine initialized
2026-07-01 16:11:01,940 - Drone1 - INFO - DroneAgent initialized
2026-07-01 16:11:01,940 - Drone1 - INFO - Starting DroneAgent...
2026-07-01 16:11:01,940 - Drone1.SimulationBackend - INFO - Starting SimulationBackend...
2026-07-01 16:11:01,941 - Drone1.SimulationBackend - INFO - Connecting to SITL simulation via udpin://0.0.0.0:14540
2026-07-01 16:11:03,327 - Drone1 - INFO - Received signal 2, initiating shutdown...
2026-07-01 16:11:03,327 - Drone1 - INFO - Shutting down DroneAgent...
2026-07-01 16:11:03,328 - Drone1.Heartbeat - INFO - Heartbeat stopped
2026-07-01 16:11:03,328 - Drone1.MovementController - INFO - Movement controller stopped
2026-07-01 16:11:03,328 - Drone1.Decision - INFO - Decision engine stopped
2026-07-01 16:11:03,328 - Drone1.Telemetry - INFO - Telemetry stopped
2026-07-01 16:11:03,329 - Drone1.Communication - INFO - Communication stopped
2026-07-01 16:11:03,329 - Drone1.SimulationBackend - INFO - Stopping SimulationBackend...
2026-07-01 16:11:03,822 - Drone1 - INFO - Received signal 2, initiating shutdown...
2026-07-01 16:11:03,822 - Drone1 - INFO - Shutting down DroneAgent...
2026-07-01 16:11:03,822 - Drone1.Heartbeat - INFO - Heartbeat stopped
2026-07-01 16:11:03,823 - Drone1.MovementController - INFO - Movement controller stopped
2026-07-01 16:11:03,823 - Drone1.Decision - INFO - Decision engine stopped
2026-07-01 16:11:03,823 - Drone1.Telemetry - INFO - Telemetry stopped
2026-07-01 16:11:03,823 - Drone1.Communication - INFO - Communication stopped
2026-07-01 16:11:03,823 - Drone1.SimulationBackend - INFO - Stopping SimulationBackend...
2026-07-01 16:11:04,151 - Drone1 - INFO - Received signal 2, initiating shutdown...
2026-07-01 16:11:04,152 - Drone1 - INFO - Shutting down DroneAgent...
2026-07-01 16:11:04,152 - Drone1.Heartbeat - INFO - Heartbeat stopped
2026-07-01 16:11:04,152 - Drone1.MovementController - INFO - Movement controller stopped
2026-07-01 16:11:04,152 - Drone1.Decision - INFO - Decision engine stopped
2026-07-01 16:11:04,153 - Drone1.Telemetry - INFO - Telemetry stopped
2026-07-01 16:11:04,153 - Drone1.Communication - INFO - Communication stopped
2026-07-01 16:11:04,153 - Drone1.SimulationBackend - INFO - Stopping SimulationBackend...
2026-07-01 16:11:04,373 - Drone1 - INFO - Received signal 2, initiating shutdown...
2026-07-01 16:11:04,373 - Drone1 - INFO - Shutting down DroneAgent...
2026-07-01 16:11:04,373 - Drone1.Heartbeat - INFO - Heartbeat stopped
2026-07-01 16:11:04,373 - Drone1.MovementController - INFO - Movement controller stopped
2026-07-01 16:11:04,374 - Drone1.Decision - INFO - Decision engine stopped
2026-07-01 16:11:04,374 - Drone1.Telemetry - INFO - Telemetry stopped
2026-07-01 16:11:04,374 - Drone1.Communication - INFO - Communication stopped
2026-07-01 16:11:04,374 - Drone1.SimulationBackend - INFO - Stopping SimulationBackend...
2026-07-01 16:11:04,618 - Drone1 - INFO - Received signal 2, initiating shutdown...
2026-07-01 16:11:04,618 - Drone1 - INFO - Shutting down DroneAgent...
2026-07-01 16:11:04,619 - Drone1.Heartbeat - INFO - Heartbeat stopped
2026-07-01 16:11:04,619 - Drone1.MovementController - INFO - Movement controller stopped
2026-07-01 16:11:04,619 - Drone1.Decision - INFO - Decision engine stopped
2026-07-01 16:11:04,619 - Drone1.Telemetry - INFO - Telemetry stopped
2026-07-01 16:11:04,620 - Drone1.Communication - INFO - Communication stopped
2026-07-01 16:11:04,620 - Drone1.SimulationBackend - INFO - Stopping SimulationBackend...
2026-07-01 16:11:04,815 - Drone1 - INFO - Received signal 2, initiating shutdown...
2026-07-01 16:11:04,815 - Drone1 - INFO - Shutting down DroneAgent...
2026-07-01 16:11:04,816 - Drone1.Heartbeat - INFO - Heartbeat stopped
2026-07-01 16:11:04,816 - Drone1.MovementController - INFO - Movement controller stopped
2026-07-01 16:11:04,816 - Drone1.Decision - INFO - Decision engine stopped
2026-07-01 16:11:04,816 - Drone1.Telemetry - INFO - Telemetry stopped
2026-07-01 16:11:04,816 - Drone1.Communication - INFO - Communication stopped
2026-07-01 16:11:04,817 - Drone1.SimulationBackend - INFO - Stopping SimulationBackend...
2026-07-01 16:11:05,062 - Drone1 - INFO - Received signal 2, initiating shutdown...
2026-07-01 16:11:05,062 - Drone1 - INFO - Shutting down DroneAgent...
2026-07-01 16:11:05,062 - Drone1.Heartbeat - INFO - Heartbeat stopped
2026-07-01 16:11:05,062 - Drone1.MovementController - INFO - Movement controller stopped
2026-07-01 16:11:05,063 - Drone1.Decision - INFO - Decision engine stopped
2026-07-01 16:11:05,063 - Drone1.Telemetry - INFO - Telemetry stopped
2026-07-01 16:11:05,063 - Drone1.Communication - INFO - Communication stopped
2026-07-01 16:11:05,063 - Drone1.SimulationBackend - INFO - Stopping SimulationBackend...
2026-07-01 16:13:51,025 - Drone1 - INFO - Logger initialized for drone 1
2026-07-01 16:13:51,025 - Drone1 - INFO - BackendFactory: Creating SimulationBackend
2026-07-01 16:13:51,026 - Drone1.Communication - INFO - Communication initialized on 0.0.0.0:14560
2026-07-01 16:13:51,026 - Drone1.StateMachine - INFO - StateMachine initialized
2026-07-01 16:13:51,026 - Drone1 - INFO - DroneAgent initialized
2026-07-01 16:13:51,026 - Drone1 - INFO - Starting DroneAgent...
2026-07-01 16:13:51,026 - Drone1.SimulationBackend - INFO - Starting SimulationBackend...
2026-07-01 16:13:51,027 - Drone1.SimulationBackend - INFO - Connecting to SITL simulation via udpin://0.0.0.0:14540
2026-07-01 16:14:06,056 - Drone1.SimulationBackend - WARNING - SimulationBackend connection timed out (simulator might not be running).
2026-07-01 16:14:06,304 - Drone1 - INFO - GUI Server started on port 8000
2026-07-01 16:14:06,305 - Drone1.Telemetry - INFO - Telemetry background tasks scheduled
2026-07-01 16:14:06,306 - Drone1.Telemetry - ERROR - GPS telemetry error: Telemetry plugin has not been initialized! Did you run `System.connect()`?
2026-07-01 16:14:06,306 - Drone1.Communication - INFO - Communication started
2026-07-01 16:14:06,308 - Drone1.Telemetry - ERROR - Position velocity NED telemetry error: Telemetry plugin has not been initialized! Did you run `System.connect()`?
2026-07-01 16:14:06,308 - Drone1.Decision - INFO - Decision engine started
2026-07-01 16:14:06,308 - Drone1.Telemetry - ERROR - Attitude telemetry error: Telemetry plugin has not been initialized! Did you run `System.connect()`?
2026-07-01 16:14:06,309 - Drone1.Telemetry - ERROR - Battery telemetry error: Telemetry plugin has not been initialized! Did you run `System.connect()`?
2026-07-01 16:14:06,309 - Drone1.Telemetry - ERROR - Health telemetry error: Telemetry plugin has not been initialized! Did you run `System.connect()`?
2026-07-01 16:14:06,309 - Drone1.Telemetry - ERROR - In-air telemetry error: Telemetry plugin has not been initialized! Did you run `System.connect()`?
2026-07-01 16:14:06,309 - Drone1.Telemetry - ERROR - Armed telemetry error: Telemetry plugin has not been initialized! Did you run `System.connect()`?
2026-07-01 16:14:06,309 - Drone1.Telemetry - ERROR - Home telemetry error: Telemetry plugin has not been initialized! Did you run `System.connect()`?
2026-07-01 16:14:06,310 - Drone1.MovementController - INFO - Movement controller started
2026-07-01 16:14:06,310 - Drone1.Heartbeat - INFO - Heartbeat started at 10.0 Hz
2026-07-01 16:14:06,310 - Drone1 - INFO - All subsystems started
2026-07-01 16:16:57,610 - Drone1.SimulationBackend - INFO - Simulation Drone discovered!
2026-07-01 16:16:58,173 - Drone1.SimulationBackend - INFO - Simulation Global position estimate OK
2026-07-01 16:16:58,373 - Drone1.SimulationBackend - DEBUG - Sim Battery: 10000.0%
2026-07-01 16:17:01,173 - Drone1.SimulationBackend - DEBUG - Sim Battery: 10000.0%
2026-07-01 16:17:03,174 - Drone1.SimulationBackend - DEBUG - Sim Battery: 10000.0%
2026-07-01 16:17:05,173 - Drone1.SimulationBackend - DEBUG - Sim Battery: 10000.0%
2026-07-01 16:17:07,174 - Drone1.SimulationBackend - DEBUG - Sim Battery: 10000.0%
2026-07-01 16:17:09,174 - Drone1.SimulationBackend - DEBUG - Sim Battery: 10000.0%
2026-07-01 16:17:11,174 - Drone1.SimulationBackend - DEBUG - Sim Battery: 10000.0%
2026-07-01 16:17:13,174 - Drone1.SimulationBackend - DEBUG - Sim Battery: 10000.0%
2026-07-01 16:17:15,173 - Drone1.SimulationBackend - DEBUG - Sim Battery: 10000.0%
2026-07-01 16:17:17,174 - Drone1.SimulationBackend - DEBUG - Sim Battery: 10000.0%
2026-07-01 16:17:19,174 - Drone1.SimulationBackend - DEBUG - Sim Battery: 10000.0%
2026-07-01 16:17:21,173 - Drone1.SimulationBackend - DEBUG - Sim Battery: 10000.0%
2026-07-01 16:17:23,173 - Drone1.SimulationBackend - DEBUG - Sim Battery: 10000.0%
2026-07-01 16:17:25,174 - Drone1.SimulationBackend - DEBUG - Sim Battery: 10000.0%
2026-07-01 16:17:27,173 - Drone1.SimulationBackend - DEBUG - Sim Battery: 10000.0%
2026-07-01 16:17:29,175 - Drone1.SimulationBackend - DEBUG - Sim Battery: 10000.0%
2026-07-01 16:17:31,174 - Drone1.SimulationBackend - DEBUG - Sim Battery: 10000.0%
2026-07-01 16:17:33,173 - Drone1.SimulationBackend - DEBUG - Sim Battery: 10000.0%
2026-07-01 16:17:35,174 - Drone1.SimulationBackend - DEBUG - Sim Battery: 10000.0%
2026-07-01 16:17:37,173 - Drone1.SimulationBackend - DEBUG - Sim Battery: 10000.0%
2026-07-01 16:17:39,173 - Drone1.SimulationBackend - DEBUG - Sim Battery: 10000.0%
2026-07-01 16:17:41,176 - Drone1.SimulationBackend - DEBUG - Sim Battery: 10000.0%
2026-07-01 16:17:43,173 - Drone1.SimulationBackend - DEBUG - Sim Battery: 10000.0%
2026-07-01 16:17:45,173 - Drone1.SimulationBackend - DEBUG - Sim Battery: 10000.0%
2026-07-01 16:17:47,173 - Drone1.SimulationBackend - DEBUG - Sim Battery: 10000.0%
2026-07-01 16:17:49,173 - Drone1.SimulationBackend - DEBUG - Sim Battery: 10000.0%
2026-07-01 16:17:51,173 - Drone1.SimulationBackend - DEBUG - Sim Battery: 10000.0%
2026-07-01 16:17:53,173 - Drone1.SimulationBackend - DEBUG - Sim Battery: 10000.0%
2026-07-01 16:17:55,174 - Drone1.SimulationBackend - DEBUG - Sim Battery: 10000.0%
2026-07-01 16:17:57,174 - Drone1.SimulationBackend - DEBUG - Sim Battery: 10000.0%
2026-07-01 16:17:59,173 - Drone1.SimulationBackend - DEBUG - Sim Battery: 10000.0%
2026-07-01 16:18:01,174 - Drone1.SimulationBackend - DEBUG - Sim Battery: 10000.0%
2026-07-01 16:18:03,173 - Drone1.SimulationBackend - DEBUG - Sim Battery: 10000.0%
2026-07-01 16:18:05,174 - Drone1.SimulationBackend - DEBUG - Sim Battery: 10000.0%
2026-07-01 16:18:07,174 - Drone1.SimulationBackend - DEBUG - Sim Battery: 10000.0%
2026-07-01 16:18:09,173 - Drone1.SimulationBackend - DEBUG - Sim Battery: 10000.0%
2026-07-01 16:18:11,173 - Drone1.SimulationBackend - DEBUG - Sim Battery: 10000.0%
2026-07-01 16:18:13,173 - Drone1.SimulationBackend - DEBUG - Sim Battery: 10000.0%
2026-07-01 16:18:15,173 - Drone1.SimulationBackend - DEBUG - Sim Battery: 10000.0%
2026-07-01 16:18:17,173 - Drone1.SimulationBackend - DEBUG - Sim Battery: 10000.0%
2026-07-01 16:18:19,174 - Drone1.SimulationBackend - DEBUG - Sim Battery: 10000.0%
2026-07-01 16:18:21,174 - Drone1.SimulationBackend - DEBUG - Sim Battery: 10000.0%
2026-07-01 16:18:23,173 - Drone1.SimulationBackend - DEBUG - Sim Battery: 10000.0%
2026-07-01 16:18:25,176 - Drone1.SimulationBackend - DEBUG - Sim Battery: 10000.0%
2026-07-01 16:18:27,173 - Drone1.SimulationBackend - DEBUG - Sim Battery: 10000.0%
2026-07-01 16:18:29,173 - Drone1.SimulationBackend - DEBUG - Sim Battery: 10000.0%
2026-07-01 16:18:31,173 - Drone1.SimulationBackend - DEBUG - Sim Battery: 10000.0%
2026-07-01 16:18:33,173 - Drone1.SimulationBackend - DEBUG - Sim Battery: 10000.0%
2026-07-01 16:18:35,173 - Drone1.SimulationBackend - DEBUG - Sim Battery: 10000.0%
2026-07-01 16:18:37,173 - Drone1.SimulationBackend - DEBUG - Sim Battery: 10000.0%
2026-07-01 16:18:39,173 - Drone1.SimulationBackend - DEBUG - Sim Battery: 10000.0%
2026-07-01 16:18:41,173 - Drone1.SimulationBackend - DEBUG - Sim Battery: 10000.0%
2026-07-01 16:18:43,173 - Drone1.SimulationBackend - DEBUG - Sim Battery: 10000.0%
2026-07-01 16:18:45,174 - Drone1.SimulationBackend - DEBUG - Sim Battery: 10000.0%
2026-07-01 16:18:47,174 - Drone1.SimulationBackend - DEBUG - Sim Battery: 10000.0%
2026-07-01 16:18:49,173 - Drone1.SimulationBackend - DEBUG - Sim Battery: 10000.0%
2026-07-01 16:18:51,173 - Drone1.SimulationBackend - DEBUG - Sim Battery: 10000.0%
2026-07-01 16:18:53,173 - Drone1.SimulationBackend - DEBUG - Sim Battery: 10000.0%
2026-07-01 16:18:55,173 - Drone1.SimulationBackend - DEBUG - Sim Battery: 10000.0%
2026-07-01 16:18:57,173 - Drone1.SimulationBackend - DEBUG - Sim Battery: 10000.0%
2026-07-01 16:18:59,173 - Drone1.SimulationBackend - DEBUG - Sim Battery: 10000.0%
2026-07-01 16:19:01,173 - Drone1.SimulationBackend - DEBUG - Sim Battery: 10000.0%
2026-07-01 16:19:03,173 - Drone1.SimulationBackend - DEBUG - Sim Battery: 10000.0%
2026-07-01 16:19:05,173 - Drone1.SimulationBackend - DEBUG - Sim Battery: 10000.0%
2026-07-01 16:19:07,177 - Drone1.SimulationBackend - DEBUG - Sim Battery: 10000.0%
2026-07-01 16:19:09,173 - Drone1.SimulationBackend - DEBUG - Sim Battery: 10000.0%
2026-07-01 16:19:11,173 - Drone1.SimulationBackend - DEBUG - Sim Battery: 10000.0%
2026-07-01 16:19:13,173 - Drone1.SimulationBackend - DEBUG - Sim Battery: 10000.0%
2026-07-01 16:19:15,174 - Drone1.SimulationBackend - DEBUG - Sim Battery: 10000.0%
2026-07-01 16:19:17,174 - Drone1.SimulationBackend - DEBUG - Sim Battery: 10000.0%
2026-07-01 16:19:19,173 - Drone1.SimulationBackend - DEBUG - Sim Battery: 10000.0%
2026-07-01 16:19:21,173 - Drone1.SimulationBackend - DEBUG - Sim Battery: 10000.0%
2026-07-01 16:19:23,174 - Drone1.SimulationBackend - DEBUG - Sim Battery: 10000.0%
2026-07-01 16:19:25,173 - Drone1.SimulationBackend - DEBUG - Sim Battery: 10000.0%
2026-07-01 16:19:27,173 - Drone1.SimulationBackend - DEBUG - Sim Battery: 10000.0%
2026-07-01 16:19:29,173 - Drone1.SimulationBackend - DEBUG - Sim Battery: 10000.0%
2026-07-01 16:19:31,173 - Drone1.SimulationBackend - DEBUG - Sim Battery: 10000.0%
2026-07-01 16:19:33,173 - Drone1.SimulationBackend - DEBUG - Sim Battery: 10000.0%
2026-07-01 16:19:35,174 - Drone1.SimulationBackend - DEBUG - Sim Battery: 10000.0%
2026-07-01 16:19:37,174 - Drone1.SimulationBackend - DEBUG - Sim Battery: 10000.0%
2026-07-01 16:19:39,173 - Drone1.SimulationBackend - DEBUG - Sim Battery: 10000.0%
2026-07-01 16:19:41,173 - Drone1.SimulationBackend - DEBUG - Sim Battery: 10000.0%
2026-07-01 16:19:43,173 - Drone1.SimulationBackend - DEBUG - Sim Battery: 10000.0%
2026-07-01 16:19:45,178 - Drone1.SimulationBackend - DEBUG - Sim Battery: 10000.0%
2026-07-01 16:19:47,178 - Drone1.SimulationBackend - DEBUG - Sim Battery: 10000.0%
2026-07-01 16:19:49,179 - Drone1.SimulationBackend - DEBUG - Sim Battery: 10000.0%
2026-07-01 16:19:51,179 - Drone1.SimulationBackend - DEBUG - Sim Battery: 10000.0%
2026-07-01 16:19:53,178 - Drone1.SimulationBackend - DEBUG - Sim Battery: 10000.0%
2026-07-01 16:19:55,178 - Drone1.SimulationBackend - DEBUG - Sim Battery: 10000.0%
2026-07-01 16:19:57,178 - Drone1.SimulationBackend - DEBUG - Sim Battery: 10000.0%
2026-07-01 16:19:59,179 - Drone1.SimulationBackend - DEBUG - Sim Battery: 10000.0%
2026-07-01 16:20:01,179 - Drone1.SimulationBackend - DEBUG - Sim Battery: 10000.0%
2026-07-01 16:20:03,178 - Drone1.SimulationBackend - DEBUG - Sim Battery: 10000.0%
2026-07-01 16:20:05,179 - Drone1.SimulationBackend - DEBUG - Sim Battery: 10000.0%
2026-07-01 16:20:07,178 - Drone1.SimulationBackend - DEBUG - Sim Battery: 10000.0%
2026-07-01 16:20:09,179 - Drone1.SimulationBackend - DEBUG - Sim Battery: 10000.0%
2026-07-01 16:20:11,178 - Drone1.SimulationBackend - DEBUG - Sim Battery: 10000.0%
2026-07-01 16:23:09,525 - Drone1.SimulationBackend - DEBUG - Sim Battery: 9900.0%
2026-07-01 16:23:11,525 - Drone1.SimulationBackend - DEBUG - Sim Battery: 10000.0%
2026-07-01 16:23:13,524 - Drone1.SimulationBackend - DEBUG - Sim Battery: 10000.0%
2026-07-01 16:23:15,525 - Drone1.SimulationBackend - DEBUG - Sim Battery: 10000.0%
2026-07-01 16:23:17,525 - Drone1.SimulationBackend - DEBUG - Sim Battery: 10000.0%
2026-07-01 16:23:19,525 - Drone1.SimulationBackend - DEBUG - Sim Battery: 10000.0%
2026-07-01 16:23:21,525 - Drone1.SimulationBackend - DEBUG - Sim Battery: 10000.0%
2026-07-01 16:23:23,524 - Drone1.SimulationBackend - DEBUG - Sim Battery: 10000.0%
2026-07-01 16:23:25,525 - Drone1.SimulationBackend - DEBUG - Sim Battery: 10000.0%
2026-07-01 16:23:27,524 - Drone1.SimulationBackend - DEBUG - Sim Battery: 10000.0%
2026-07-01 16:23:29,525 - Drone1.SimulationBackend - DEBUG - Sim Battery: 10000.0%
2026-07-01 16:23:31,525 - Drone1.SimulationBackend - DEBUG - Sim Battery: 10000.0%
2026-07-01 16:23:33,525 - Drone1.SimulationBackend - DEBUG - Sim Battery: 10000.0%
2026-07-01 16:23:35,524 - Drone1.SimulationBackend - DEBUG - Sim Battery: 10000.0%
2026-07-01 16:23:37,525 - Drone1.SimulationBackend - DEBUG - Sim Battery: 10000.0%
2026-07-01 16:23:39,524 - Drone1.SimulationBackend - DEBUG - Sim Battery: 10000.0%
2026-07-01 16:23:41,524 - Drone1.SimulationBackend - DEBUG - Sim Battery: 10000.0%
2026-07-01 16:23:43,524 - Drone1.SimulationBackend - DEBUG - Sim Battery: 10000.0%
2026-07-01 16:23:45,524 - Drone1.SimulationBackend - DEBUG - Sim Battery: 10000.0%
2026-07-01 16:23:47,524 - Drone1.SimulationBackend - DEBUG - Sim Battery: 10000.0%
2026-07-01 16:23:49,524 - Drone1.SimulationBackend - DEBUG - Sim Battery: 10000.0%
2026-07-01 16:23:51,525 - Drone1.SimulationBackend - DEBUG - Sim Battery: 10000.0%
2026-07-01 16:23:53,524 - Drone1.SimulationBackend - DEBUG - Sim Battery: 10000.0%
2026-07-01 16:23:55,524 - Drone1.SimulationBackend - DEBUG - Sim Battery: 10000.0%
2026-07-01 16:23:57,525 - Drone1.SimulationBackend - DEBUG - Sim Battery: 10000.0%
2026-07-01 16:23:59,524 - Drone1.SimulationBackend - DEBUG - Sim Battery: 10000.0%
2026-07-01 16:24:01,524 - Drone1.SimulationBackend - DEBUG - Sim Battery: 10000.0%
2026-07-01 16:24:03,524 - Drone1.SimulationBackend - DEBUG - Sim Battery: 10000.0%
2026-07-01 16:24:05,524 - Drone1.SimulationBackend - DEBUG - Sim Battery: 10000.0%
2026-07-01 16:24:07,525 - Drone1.SimulationBackend - DEBUG - Sim Battery: 10000.0%
2026-07-01 16:24:09,525 - Drone1.SimulationBackend - DEBUG - Sim Battery: 10000.0%
2026-07-01 16:24:11,524 - Drone1.SimulationBackend - DEBUG - Sim Battery: 10000.0%
2026-07-01 16:24:13,525 - Drone1.SimulationBackend - DEBUG - Sim Battery: 10000.0%
2026-07-01 16:24:15,525 - Drone1.SimulationBackend - DEBUG - Sim Battery: 10000.0%
2026-07-01 16:24:17,525 - Drone1.SimulationBackend - DEBUG - Sim Battery: 10000.0%
2026-07-01 16:24:19,525 - Drone1.SimulationBackend - DEBUG - Sim Battery: 10000.0%
2026-07-01 16:24:21,525 - Drone1.SimulationBackend - DEBUG - Sim Battery: 10000.0%
2026-07-01 16:24:23,525 - Drone1.SimulationBackend - DEBUG - Sim Battery: 10000.0%
2026-07-01 16:24:25,525 - Drone1.SimulationBackend - DEBUG - Sim Battery: 10000.0%
2026-07-01 16:24:27,525 - Drone1.SimulationBackend - DEBUG - Sim Battery: 10000.0%
2026-07-01 16:24:29,525 - Drone1.SimulationBackend - DEBUG - Sim Battery: 10000.0%
2026-07-01 16:24:31,524 - Drone1.SimulationBackend - DEBUG - Sim Battery: 10000.0%
2026-07-01 16:24:33,525 - Drone1.SimulationBackend - DEBUG - Sim Battery: 10000.0%
2026-07-01 16:24:35,524 - Drone1.SimulationBackend - DEBUG - Sim Battery: 10000.0%
2026-07-01 16:24:37,524 - Drone1.SimulationBackend - DEBUG - Sim Battery: 10000.0%
2026-07-01 16:24:39,524 - Drone1.SimulationBackend - DEBUG - Sim Battery: 10000.0%
2026-07-01 16:24:41,525 - Drone1.SimulationBackend - DEBUG - Sim Battery: 10000.0%
2026-07-01 16:24:43,526 - Drone1.SimulationBackend - DEBUG - Sim Battery: 10000.0%
2026-07-01 16:24:45,524 - Drone1.SimulationBackend - DEBUG - Sim Battery: 10000.0%
2026-07-01 16:24:47,524 - Drone1.SimulationBackend - DEBUG - Sim Battery: 10000.0%
2026-07-01 16:24:49,524 - Drone1.SimulationBackend - DEBUG - Sim Battery: 10000.0%
2026-07-01 16:24:51,524 - Drone1.SimulationBackend - DEBUG - Sim Battery: 10000.0%
2026-07-01 16:24:53,525 - Drone1.SimulationBackend - DEBUG - Sim Battery: 10000.0%
2026-07-01 16:24:55,525 - Drone1.SimulationBackend - DEBUG - Sim Battery: 10000.0%
2026-07-01 16:24:57,525 - Drone1.SimulationBackend - DEBUG - Sim Battery: 10000.0%
2026-07-01 16:24:59,525 - Drone1.SimulationBackend - DEBUG - Sim Battery: 10000.0%
2026-07-01 16:25:01,524 - Drone1.SimulationBackend - DEBUG - Sim Battery: 10000.0%
2026-07-01 16:25:03,529 - Drone1.SimulationBackend - DEBUG - Sim Battery: 10000.0%
2026-07-01 16:25:05,529 - Drone1.SimulationBackend - DEBUG - Sim Battery: 10000.0%
2026-07-01 16:25:07,529 - Drone1.SimulationBackend - DEBUG - Sim Battery: 10000.0%
2026-07-01 16:25:09,528 - Drone1.SimulationBackend - DEBUG - Sim Battery: 10000.0%
2026-07-01 16:25:11,528 - Drone1.SimulationBackend - DEBUG - Sim Battery: 10000.0%
2026-07-01 16:25:13,529 - Drone1.SimulationBackend - DEBUG - Sim Battery: 10000.0%
2026-07-01 16:25:15,529 - Drone1.SimulationBackend - DEBUG - Sim Battery: 10000.0%
2026-07-01 16:25:17,529 - Drone1.SimulationBackend - DEBUG - Sim Battery: 10000.0%
2026-07-01 16:25:19,529 - Drone1.SimulationBackend - DEBUG - Sim Battery: 10000.0%
2026-07-01 16:25:21,530 - Drone1.SimulationBackend - DEBUG - Sim Battery: 10000.0%
2026-07-01 16:25:23,529 - Drone1.SimulationBackend - DEBUG - Sim Battery: 10000.0%
2026-07-01 16:25:25,529 - Drone1.SimulationBackend - DEBUG - Sim Battery: 10000.0%
2026-07-01 16:25:27,529 - Drone1.SimulationBackend - DEBUG - Sim Battery: 10000.0%
2026-07-01 16:25:29,529 - Drone1.SimulationBackend - DEBUG - Sim Battery: 10000.0%
2026-07-01 16:25:31,529 - Drone1.SimulationBackend - DEBUG - Sim Battery: 10000.0%
2026-07-01 16:25:33,529 - Drone1.SimulationBackend - DEBUG - Sim Battery: 10000.0%
2026-07-01 16:25:35,529 - Drone1.SimulationBackend - DEBUG - Sim Battery: 10000.0%
2026-07-01 16:25:37,529 - Drone1.SimulationBackend - DEBUG - Sim Battery: 10000.0%
2026-07-01 16:25:39,529 - Drone1.SimulationBackend - DEBUG - Sim Battery: 10000.0%
2026-07-01 16:25:41,528 - Drone1.SimulationBackend - DEBUG - Sim Battery: 10000.0%
2026-07-01 16:25:43,529 - Drone1.SimulationBackend - DEBUG - Sim Battery: 10000.0%
2026-07-01 16:25:45,529 - Drone1.SimulationBackend - DEBUG - Sim Battery: 10000.0%
2026-07-01 16:25:47,529 - Drone1.SimulationBackend - DEBUG - Sim Battery: 10000.0%
2026-07-01 16:25:49,530 - Drone1.SimulationBackend - DEBUG - Sim Battery: 10000.0%
2026-07-01 16:25:51,529 - Drone1.SimulationBackend - DEBUG - Sim Battery: 10000.0%
2026-07-01 16:25:53,529 - Drone1.SimulationBackend - DEBUG - Sim Battery: 10000.0%
2026-07-01 16:25:55,276 - Drone1 - INFO - Logger initialized for drone 1
2026-07-01 16:25:55,277 - Drone1 - INFO - BackendFactory: Creating SimulationBackend
2026-07-01 16:25:55,277 - Drone1.Communication - INFO - Communication initialized on 0.0.0.0:14560
2026-07-01 16:25:55,277 - Drone1.StateMachine - INFO - StateMachine initialized
2026-07-01 16:25:55,277 - Drone1 - INFO - DroneAgent initialized
2026-07-01 16:25:55,277 - Drone1 - INFO - Starting DroneAgent...
2026-07-01 16:25:55,277 - Drone1.SimulationBackend - INFO - Starting SimulationBackend...
2026-07-01 16:25:55,278 - Drone1.SimulationBackend - INFO - Connecting to SITL simulation via udpin://0.0.0.0:14540
2026-07-01 16:25:55,302 - Drone1.SimulationBackend - INFO - Simulation Drone discovered!
2026-07-01 16:25:55,528 - Drone1.SimulationBackend - INFO - Simulation Global position estimate OK
2026-07-01 16:25:55,529 - Drone1.SimulationBackend - DEBUG - Sim Battery: 10000.0%
2026-07-01 16:25:55,578 - Drone1.SimulationBackend - INFO - SimulationBackend successfully connected to MAVSDK.
2026-07-01 16:25:55,945 - Drone1 - INFO - GUI Server started on port 8000
2026-07-01 16:25:55,947 - Drone1.Telemetry - INFO - Telemetry background tasks scheduled
2026-07-01 16:25:55,947 - Drone1.Communication - INFO - Communication started
2026-07-01 16:25:55,950 - Drone1.Decision - INFO - Decision engine started
2026-07-01 16:25:55,951 - Drone1.MovementController - INFO - Movement controller started
2026-07-01 16:25:55,952 - Drone1.Heartbeat - INFO - Heartbeat started at 10.0 Hz
2026-07-01 16:25:55,952 - Drone1 - INFO - All subsystems started
2026-07-01 16:25:57,529 - Drone1.SimulationBackend - DEBUG - Sim Battery: 10000.0%
2026-07-01 16:25:57,529 - Drone1.SimulationBackend - DEBUG - Sim Battery: 10000.0%
2026-07-01 16:25:59,529 - Drone1.SimulationBackend - DEBUG - Sim Battery: 10000.0%
2026-07-01 16:25:59,529 - Drone1.SimulationBackend - DEBUG - Sim Battery: 10000.0%
2026-07-01 16:26:01,529 - Drone1.SimulationBackend - DEBUG - Sim Battery: 10000.0%
2026-07-01 16:26:01,529 - Drone1.SimulationBackend - DEBUG - Sim Battery: 10000.0%
2026-07-01 16:26:03,529 - Drone1.SimulationBackend - DEBUG - Sim Battery: 10000.0%
2026-07-01 16:26:03,529 - Drone1.SimulationBackend - DEBUG - Sim Battery: 10000.0%
2026-07-01 16:26:05,529 - Drone1.SimulationBackend - DEBUG - Sim Battery: 10000.0%
2026-07-01 16:26:05,529 - Drone1.SimulationBackend - DEBUG - Sim Battery: 10000.0%
2026-07-01 16:26:07,529 - Drone1.SimulationBackend - DEBUG - Sim Battery: 10000.0%
2026-07-01 16:26:07,529 - Drone1.SimulationBackend - DEBUG - Sim Battery: 10000.0%
2026-07-01 16:26:09,529 - Drone1.SimulationBackend - DEBUG - Sim Battery: 10000.0%
2026-07-01 16:26:09,529 - Drone1.SimulationBackend - DEBUG - Sim Battery: 10000.0%
2026-07-01 16:26:11,534 - Drone1.SimulationBackend - DEBUG - Sim Battery: 10000.0%
2026-07-01 16:26:11,534 - Drone1.SimulationBackend - DEBUG - Sim Battery: 10000.0%
2026-07-01 16:26:13,535 - Drone1.SimulationBackend - DEBUG - Sim Battery: 10000.0%
2026-07-01 16:26:13,535 - Drone1.SimulationBackend - DEBUG - Sim Battery: 10000.0%
2026-07-01 16:26:15,534 - Drone1.SimulationBackend - DEBUG - Sim Battery: 10000.0%
2026-07-01 16:26:15,534 - Drone1.SimulationBackend - DEBUG - Sim Battery: 10000.0%
2026-07-01 16:26:17,534 - Drone1.SimulationBackend - DEBUG - Sim Battery: 10000.0%
2026-07-01 16:26:17,534 - Drone1.SimulationBackend - DEBUG - Sim Battery: 10000.0%
2026-07-01 16:26:19,534 - Drone1.SimulationBackend - DEBUG - Sim Battery: 10000.0%
2026-07-01 16:26:19,534 - Drone1.SimulationBackend - DEBUG - Sim Battery: 10000.0%
2026-07-01 16:26:21,534 - Drone1.SimulationBackend - DEBUG - Sim Battery: 10000.0%
2026-07-01 16:26:21,534 - Drone1.SimulationBackend - DEBUG - Sim Battery: 10000.0%
2026-07-01 16:26:23,535 - Drone1.SimulationBackend - DEBUG - Sim Battery: 10000.0%
2026-07-01 16:26:23,535 - Drone1.SimulationBackend - DEBUG - Sim Battery: 10000.0%
2026-07-01 16:26:25,534 - Drone1.SimulationBackend - DEBUG - Sim Battery: 10000.0%
2026-07-01 16:26:25,535 - Drone1.SimulationBackend - DEBUG - Sim Battery: 10000.0%
2026-07-01 16:26:27,535 - Drone1.SimulationBackend - DEBUG - Sim Battery: 10000.0%
2026-07-01 16:26:27,535 - Drone1.SimulationBackend - DEBUG - Sim Battery: 10000.0%
2026-07-01 16:26:29,534 - Drone1.SimulationBackend - DEBUG - Sim Battery: 10000.0%
2026-07-01 16:26:29,534 - Drone1.SimulationBackend - DEBUG - Sim Battery: 10000.0%
2026-07-01 16:26:31,534 - Drone1.SimulationBackend - DEBUG - Sim Battery: 10000.0%
2026-07-01 16:26:31,535 - Drone1.SimulationBackend - DEBUG - Sim Battery: 10000.0%
2026-07-01 16:26:33,534 - Drone1.SimulationBackend - DEBUG - Sim Battery: 10000.0%
2026-07-01 16:26:33,534 - Drone1.SimulationBackend - DEBUG - Sim Battery: 10000.0%
2026-07-01 16:26:35,534 - Drone1.SimulationBackend - DEBUG - Sim Battery: 10000.0%
2026-07-01 16:26:35,534 - Drone1.SimulationBackend - DEBUG - Sim Battery: 10000.0%
2026-07-01 16:26:37,534 - Drone1.SimulationBackend - DEBUG - Sim Battery: 10000.0%
2026-07-01 16:26:37,535 - Drone1.SimulationBackend - DEBUG - Sim Battery: 10000.0%
2026-07-01 16:26:39,534 - Drone1.SimulationBackend - DEBUG - Sim Battery: 10000.0%
2026-07-01 16:26:39,534 - Drone1.SimulationBackend - DEBUG - Sim Battery: 10000.0%
2026-07-01 16:26:41,534 - Drone1.SimulationBackend - DEBUG - Sim Battery: 10000.0%
2026-07-01 16:26:41,534 - Drone1.SimulationBackend - DEBUG - Sim Battery: 10000.0%
2026-07-01 16:26:43,535 - Drone1.SimulationBackend - DEBUG - Sim Battery: 10000.0%
2026-07-01 16:26:43,535 - Drone1.SimulationBackend - DEBUG - Sim Battery: 10000.0%
2026-07-01 16:26:45,535 - Drone1.SimulationBackend - DEBUG - Sim Battery: 10000.0%
2026-07-01 16:26:45,535 - Drone1.SimulationBackend - DEBUG - Sim Battery: 10000.0%
2026-07-01 16:26:47,534 - Drone1.SimulationBackend - DEBUG - Sim Battery: 10000.0%
2026-07-01 16:26:47,535 - Drone1.SimulationBackend - DEBUG - Sim Battery: 10000.0%
2026-07-01 16:26:49,535 - Drone1.SimulationBackend - DEBUG - Sim Battery: 10000.0%
2026-07-01 16:26:49,535 - Drone1.SimulationBackend - DEBUG - Sim Battery: 10000.0%
2026-07-01 16:26:51,535 - Drone1.SimulationBackend - DEBUG - Sim Battery: 10000.0%
2026-07-01 16:26:51,535 - Drone1.SimulationBackend - DEBUG - Sim Battery: 10000.0%
2026-07-01 16:26:53,535 - Drone1.SimulationBackend - DEBUG - Sim Battery: 10000.0%
2026-07-01 16:26:53,535 - Drone1.SimulationBackend - DEBUG - Sim Battery: 10000.0%
2026-07-01 16:26:55,535 - Drone1.SimulationBackend - DEBUG - Sim Battery: 10000.0%
2026-07-01 16:26:55,535 - Drone1.SimulationBackend - DEBUG - Sim Battery: 10000.0%
2026-07-01 16:26:57,534 - Drone1.SimulationBackend - DEBUG - Sim Battery: 10000.0%
2026-07-01 16:26:57,535 - Drone1.SimulationBackend - DEBUG - Sim Battery: 10000.0%
2026-07-01 16:26:59,534 - Drone1.SimulationBackend - DEBUG - Sim Battery: 10000.0%
2026-07-01 16:26:59,535 - Drone1.SimulationBackend - DEBUG - Sim Battery: 10000.0%
2026-07-01 16:27:01,534 - Drone1.SimulationBackend - DEBUG - Sim Battery: 10000.0%
2026-07-01 16:27:01,534 - Drone1.SimulationBackend - DEBUG - Sim Battery: 10000.0%
2026-07-01 16:27:03,534 - Drone1.SimulationBackend - DEBUG - Sim Battery: 10000.0%
2026-07-01 16:27:03,535 - Drone1.SimulationBackend - DEBUG - Sim Battery: 10000.0%
2026-07-01 16:27:05,534 - Drone1.SimulationBackend - DEBUG - Sim Battery: 10000.0%
2026-07-01 16:27:05,534 - Drone1.SimulationBackend - DEBUG - Sim Battery: 10000.0%
2026-07-01 16:27:07,535 - Drone1.SimulationBackend - DEBUG - Sim Battery: 10000.0%
2026-07-01 16:27:07,535 - Drone1.SimulationBackend - DEBUG - Sim Battery: 10000.0%
2026-07-01 16:27:09,534 - Drone1.SimulationBackend - DEBUG - Sim Battery: 10000.0%
2026-07-01 16:27:09,534 - Drone1.SimulationBackend - DEBUG - Sim Battery: 10000.0%
2026-07-01 16:27:11,534 - Drone1.SimulationBackend - DEBUG - Sim Battery: 10000.0%
2026-07-01 16:27:11,534 - Drone1.SimulationBackend - DEBUG - Sim Battery: 10000.0%
2026-07-01 16:27:13,534 - Drone1.SimulationBackend - DEBUG - Sim Battery: 10000.0%
2026-07-01 16:27:13,534 - Drone1.SimulationBackend - DEBUG - Sim Battery: 10000.0%
2026-07-01 16:27:15,534 - Drone1.SimulationBackend - DEBUG - Sim Battery: 10000.0%
2026-07-01 16:27:15,534 - Drone1.SimulationBackend - DEBUG - Sim Battery: 10000.0%
2026-07-01 16:27:17,535 - Drone1.SimulationBackend - DEBUG - Sim Battery: 10000.0%
2026-07-01 16:27:17,535 - Drone1.SimulationBackend - DEBUG - Sim Battery: 10000.0%
2026-07-01 16:27:19,534 - Drone1.SimulationBackend - DEBUG - Sim Battery: 10000.0%
2026-07-01 16:27:19,534 - Drone1.SimulationBackend - DEBUG - Sim Battery: 10000.0%
2026-07-01 16:27:21,534 - Drone1.SimulationBackend - DEBUG - Sim Battery: 10000.0%
2026-07-01 16:27:21,534 - Drone1.SimulationBackend - DEBUG - Sim Battery: 10000.0%
2026-07-01 16:27:23,534 - Drone1.SimulationBackend - DEBUG - Sim Battery: 10000.0%
2026-07-01 16:27:23,534 - Drone1.SimulationBackend - DEBUG - Sim Battery: 10000.0%
2026-07-01 16:27:25,534 - Drone1.SimulationBackend - DEBUG - Sim Battery: 10000.0%
2026-07-01 16:27:25,534 - Drone1.SimulationBackend - DEBUG - Sim Battery: 10000.0%
2026-07-01 16:27:27,534 - Drone1.SimulationBackend - DEBUG - Sim Battery: 10000.0%
2026-07-01 16:27:27,535 - Drone1.SimulationBackend - DEBUG - Sim Battery: 10000.0%
2026-07-01 16:27:29,535 - Drone1.SimulationBackend - DEBUG - Sim Battery: 10000.0%
2026-07-01 16:27:29,535 - Drone1.SimulationBackend - DEBUG - Sim Battery: 10000.0%
2026-07-01 16:27:31,534 - Drone1.SimulationBackend - DEBUG - Sim Battery: 10000.0%
2026-07-01 16:27:31,534 - Drone1.SimulationBackend - DEBUG - Sim Battery: 10000.0%
2026-07-01 16:27:33,534 - Drone1.SimulationBackend - DEBUG - Sim Battery: 10000.0%
2026-07-01 16:27:33,535 - Drone1.SimulationBackend - DEBUG - Sim Battery: 10000.0%
2026-07-01 16:27:35,534 - Drone1.SimulationBackend - DEBUG - Sim Battery: 10000.0%
2026-07-01 16:27:35,535 - Drone1.SimulationBackend - DEBUG - Sim Battery: 10000.0%
2026-07-01 16:27:37,535 - Drone1.SimulationBackend - DEBUG - Sim Battery: 10000.0%
2026-07-01 16:27:37,535 - Drone1.SimulationBackend - DEBUG - Sim Battery: 10000.0%
2026-07-01 16:27:39,534 - Drone1.SimulationBackend - DEBUG - Sim Battery: 10000.0%
2026-07-01 16:27:39,535 - Drone1.SimulationBackend - DEBUG - Sim Battery: 10000.0%
2026-07-01 16:27:41,534 - Drone1.SimulationBackend - DEBUG - Sim Battery: 10000.0%
2026-07-01 16:27:41,535 - Drone1.SimulationBackend - DEBUG - Sim Battery: 10000.0%
2026-07-01 16:27:43,535 - Drone1.SimulationBackend - DEBUG - Sim Battery: 10000.0%
2026-07-01 16:27:43,535 - Drone1.SimulationBackend - DEBUG - Sim Battery: 10000.0%
2026-07-01 16:27:45,535 - Drone1.SimulationBackend - DEBUG - Sim Battery: 10000.0%
2026-07-01 16:27:45,535 - Drone1.SimulationBackend - DEBUG - Sim Battery: 10000.0%
2026-07-01 16:27:47,534 - Drone1.SimulationBackend - DEBUG - Sim Battery: 10000.0%
2026-07-01 16:27:47,534 - Drone1.SimulationBackend - DEBUG - Sim Battery: 10000.0%
2026-07-01 16:27:49,534 - Drone1.SimulationBackend - DEBUG - Sim Battery: 10000.0%
2026-07-01 16:27:49,535 - Drone1.SimulationBackend - DEBUG - Sim Battery: 10000.0%
2026-07-01 16:27:51,534 - Drone1.SimulationBackend - DEBUG - Sim Battery: 10000.0%
2026-07-01 16:27:51,534 - Drone1.SimulationBackend - DEBUG - Sim Battery: 10000.0%
2026-07-01 16:27:53,535 - Drone1.SimulationBackend - DEBUG - Sim Battery: 10000.0%
2026-07-01 16:27:53,535 - Drone1.SimulationBackend - DEBUG - Sim Battery: 10000.0%
2026-07-01 16:27:55,534 - Drone1.SimulationBackend - DEBUG - Sim Battery: 10000.0%
2026-07-01 16:27:55,534 - Drone1.SimulationBackend - DEBUG - Sim Battery: 10000.0%
2026-07-01 16:27:57,535 - Drone1.SimulationBackend - DEBUG - Sim Battery: 10000.0%
2026-07-01 16:27:57,535 - Drone1.SimulationBackend - DEBUG - Sim Battery: 10000.0%
2026-07-01 16:27:59,534 - Drone1.SimulationBackend - DEBUG - Sim Battery: 10000.0%
2026-07-01 16:27:59,534 - Drone1.SimulationBackend - DEBUG - Sim Battery: 10000.0%
2026-07-01 16:28:01,535 - Drone1.SimulationBackend - DEBUG - Sim Battery: 10000.0%
2026-07-01 16:28:01,535 - Drone1.SimulationBackend - DEBUG - Sim Battery: 10000.0%
2026-07-01 16:28:03,534 - Drone1.SimulationBackend - DEBUG - Sim Battery: 10000.0%
2026-07-01 16:28:03,535 - Drone1.SimulationBackend - DEBUG - Sim Battery: 10000.0%
2026-07-01 16:28:05,534 - Drone1.SimulationBackend - DEBUG - Sim Battery: 10000.0%
2026-07-01 16:28:05,534 - Drone1.SimulationBackend - DEBUG - Sim Battery: 10000.0%
2026-07-01 16:28:07,538 - Drone1.SimulationBackend - DEBUG - Sim Battery: 10000.0%
2026-07-01 16:28:07,538 - Drone1.SimulationBackend - DEBUG - Sim Battery: 10000.0%
2026-07-01 16:28:09,534 - Drone1.SimulationBackend - DEBUG - Sim Battery: 10000.0%
2026-07-01 16:28:09,534 - Drone1.SimulationBackend - DEBUG - Sim Battery: 10000.0%
2026-07-01 16:28:11,534 - Drone1.SimulationBackend - DEBUG - Sim Battery: 10000.0%
2026-07-01 16:28:11,534 - Drone1.SimulationBackend - DEBUG - Sim Battery: 10000.0%
2026-07-01 16:28:13,536 - Drone1.SimulationBackend - DEBUG - Sim Battery: 10000.0%
2026-07-01 16:28:13,537 - Drone1.SimulationBackend - DEBUG - Sim Battery: 10000.0%
2026-07-01 16:28:15,535 - Drone1.SimulationBackend - DEBUG - Sim Battery: 10000.0%
2026-07-01 16:28:15,535 - Drone1.SimulationBackend - DEBUG - Sim Battery: 10000.0%
2026-07-01 16:28:17,534 - Drone1.SimulationBackend - DEBUG - Sim Battery: 10000.0%
2026-07-01 16:28:17,534 - Drone1.SimulationBackend - DEBUG - Sim Battery: 10000.0%
2026-07-01 16:28:19,535 - Drone1.SimulationBackend - DEBUG - Sim Battery: 10000.0%
2026-07-01 16:28:19,535 - Drone1.SimulationBackend - DEBUG - Sim Battery: 10000.0%
2026-07-01 16:28:21,534 - Drone1.SimulationBackend - DEBUG - Sim Battery: 10000.0%
2026-07-01 16:28:21,534 - Drone1.SimulationBackend - DEBUG - Sim Battery: 10000.0%
2026-07-01 16:28:23,534 - Drone1.SimulationBackend - DEBUG - Sim Battery: 10000.0%
2026-07-01 16:28:23,534 - Drone1.SimulationBackend - DEBUG - Sim Battery: 10000.0%
2026-07-01 16:28:25,534 - Drone1.SimulationBackend - DEBUG - Sim Battery: 10000.0%
2026-07-01 16:28:25,534 - Drone1.SimulationBackend - DEBUG - Sim Battery: 10000.0%
2026-07-01 16:28:27,534 - Drone1.SimulationBackend - DEBUG - Sim Battery: 10000.0%
2026-07-01 16:28:27,534 - Drone1.SimulationBackend - DEBUG - Sim Battery: 10000.0%
2026-07-01 16:28:29,534 - Drone1.SimulationBackend - DEBUG - Sim Battery: 10000.0%
2026-07-01 16:28:29,534 - Drone1.SimulationBackend - DEBUG - Sim Battery: 10000.0%
2026-07-01 16:28:31,534 - Drone1.SimulationBackend - DEBUG - Sim Battery: 10000.0%
2026-07-01 16:28:31,535 - Drone1.SimulationBackend - DEBUG - Sim Battery: 10000.0%
2026-07-01 16:28:33,534 - Drone1.SimulationBackend - DEBUG - Sim Battery: 10000.0%
2026-07-01 16:28:33,534 - Drone1.SimulationBackend - DEBUG - Sim Battery: 10000.0%
2026-07-01 16:28:35,534 - Drone1.SimulationBackend - DEBUG - Sim Battery: 10000.0%
2026-07-01 16:28:35,534 - Drone1.SimulationBackend - DEBUG - Sim Battery: 10000.0%
2026-07-01 16:28:37,535 - Drone1.SimulationBackend - DEBUG - Sim Battery: 10000.0%
2026-07-01 16:28:37,535 - Drone1.SimulationBackend - DEBUG - Sim Battery: 10000.0%
2026-07-01 16:28:39,534 - Drone1.SimulationBackend - DEBUG - Sim Battery: 10000.0%
2026-07-01 16:28:39,534 - Drone1.SimulationBackend - DEBUG - Sim Battery: 10000.0%
2026-07-01 16:28:41,534 - Drone1.SimulationBackend - DEBUG - Sim Battery: 10000.0%
2026-07-01 16:28:41,534 - Drone1.SimulationBackend - DEBUG - Sim Battery: 10000.0%
2026-07-01 16:28:43,534 - Drone1.SimulationBackend - DEBUG - Sim Battery: 10000.0%
2026-07-01 16:28:43,534 - Drone1.SimulationBackend - DEBUG - Sim Battery: 10000.0%
2026-07-01 16:28:45,534 - Drone1.SimulationBackend - DEBUG - Sim Battery: 10000.0%
2026-07-01 16:28:45,535 - Drone1.SimulationBackend - DEBUG - Sim Battery: 10000.0%
2026-07-01 16:28:47,534 - Drone1.SimulationBackend - DEBUG - Sim Battery: 10000.0%
2026-07-01 16:28:47,535 - Drone1.SimulationBackend - DEBUG - Sim Battery: 10000.0%
2026-07-01 16:28:48,118 - Drone1 - INFO - Received signal 2, initiating shutdown...
2026-07-01 16:28:48,118 - Drone1 - INFO - Shutting down DroneAgent...
2026-07-01 16:28:48,118 - Drone1.Heartbeat - INFO - Heartbeat stopped
2026-07-01 16:28:48,126 - Drone1.MovementController - INFO - Movement controller stopped
2026-07-01 16:28:48,221 - Drone1.Decision - INFO - Decision engine stopped
2026-07-01 16:28:48,221 - Drone1.Telemetry - INFO - Telemetry stopped
2026-07-01 16:28:48,222 - Drone1.Communication - INFO - Communication stopped
2026-07-01 16:28:48,222 - Drone1.SimulationBackend - INFO - Stopping SimulationBackend...
2026-07-01 16:28:48,224 - Drone1 - INFO - DroneAgent shutdown complete
2026-07-01 16:28:48,224 - Drone1 - INFO - Shutting down DroneAgent...
2026-07-01 16:28:48,224 - Drone1.Heartbeat - INFO - Heartbeat stopped
2026-07-01 16:28:48,224 - Drone1.MovementController - INFO - Movement controller stopped
2026-07-01 16:28:48,224 - Drone1.Decision - INFO - Decision engine stopped
2026-07-01 16:28:48,224 - Drone1.Telemetry - INFO - Telemetry stopped
2026-07-01 16:28:48,225 - Drone1.Communication - INFO - Communication stopped
2026-07-01 16:28:48,225 - Drone1.SimulationBackend - INFO - Stopping SimulationBackend...
2026-07-01 16:28:48,225 - Drone1 - INFO - DroneAgent shutdown complete
2026-07-01 16:28:49,534 - Drone1.SimulationBackend - DEBUG - Sim Battery: 10000.0%
2026-07-01 16:28:51,535 - Drone1.SimulationBackend - DEBUG - Sim Battery: 10000.0%
2026-07-01 16:28:53,534 - Drone1.SimulationBackend - DEBUG - Sim Battery: 10000.0%
2026-07-01 16:28:55,534 - Drone1.SimulationBackend - DEBUG - Sim Battery: 10000.0%
2026-07-01 16:28:57,535 - Drone1.SimulationBackend - DEBUG - Sim Battery: 10000.0%
2026-07-01 16:28:58,512 - Drone1 - INFO - Logger initialized for drone 1
2026-07-01 16:28:58,513 - Drone1 - INFO - BackendFactory: Creating SimulationBackend
2026-07-01 16:28:58,513 - Drone1.Communication - INFO - Communication initialized on 0.0.0.0:14560
2026-07-01 16:28:58,513 - Drone1.StateMachine - INFO - StateMachine initialized
2026-07-01 16:28:58,513 - Drone1 - INFO - DroneAgent initialized
2026-07-01 16:28:58,514 - Drone1 - INFO - Starting DroneAgent...
2026-07-01 16:28:58,514 - Drone1.SimulationBackend - INFO - Starting SimulationBackend...
2026-07-01 16:28:58,515 - Drone1.SimulationBackend - INFO - Connecting to SITL simulation via udpin://0.0.0.0:14540
2026-07-01 16:28:58,540 - Drone1.SimulationBackend - INFO - Simulation Drone discovered!
2026-07-01 16:28:59,534 - Drone1.SimulationBackend - INFO - Simulation Global position estimate OK
2026-07-01 16:28:59,535 - Drone1.SimulationBackend - DEBUG - Sim Battery: 10000.0%
2026-07-01 16:28:59,616 - Drone1.SimulationBackend - INFO - SimulationBackend successfully connected to MAVSDK.
2026-07-01 16:28:59,930 - Drone1 - INFO - GUI Server started on port 8000
2026-07-01 16:28:59,933 - Drone1.Telemetry - INFO - Telemetry background tasks scheduled
2026-07-01 16:28:59,937 - Drone1.Communication - INFO - Communication started
2026-07-01 16:28:59,940 - Drone1.Decision - INFO - Decision engine started
2026-07-01 16:28:59,941 - Drone1.MovementController - INFO - Movement controller started
2026-07-01 16:28:59,942 - Drone1.Heartbeat - INFO - Heartbeat started at 10.0 Hz
2026-07-01 16:28:59,942 - Drone1 - INFO - All subsystems started
2026-07-01 16:29:01,534 - Drone1.SimulationBackend - DEBUG - Sim Battery: 10000.0%
2026-07-01 16:29:01,534 - Drone1.SimulationBackend - DEBUG - Sim Battery: 10000.0%
2026-07-01 16:29:03,536 - Drone1.SimulationBackend - DEBUG - Sim Battery: 10000.0%
2026-07-01 16:29:03,537 - Drone1.SimulationBackend - DEBUG - Sim Battery: 10000.0%
2026-07-01 16:29:05,534 - Drone1.SimulationBackend - DEBUG - Sim Battery: 10000.0%
2026-07-01 16:29:05,535 - Drone1.SimulationBackend - DEBUG - Sim Battery: 10000.0%
2026-07-01 16:29:07,534 - Drone1.SimulationBackend - DEBUG - Sim Battery: 10000.0%
2026-07-01 16:29:07,534 - Drone1.SimulationBackend - DEBUG - Sim Battery: 10000.0%
2026-07-01 16:29:16,908 - Drone1 - INFO - Received signal 2, initiating shutdown...
2026-07-01 16:29:16,909 - Drone1 - INFO - Shutting down DroneAgent...
2026-07-01 16:29:16,909 - Drone1.Heartbeat - INFO - Heartbeat stopped
2026-07-01 16:29:16,917 - Drone1.MovementController - INFO - Movement controller stopped
2026-07-01 16:29:16,963 - Drone1.Decision - INFO - Decision engine stopped
2026-07-01 16:29:16,964 - Drone1.Telemetry - INFO - Telemetry stopped
2026-07-01 16:29:16,966 - Drone1.Communication - INFO - Communication stopped
2026-07-01 16:29:16,967 - Drone1.SimulationBackend - INFO - Stopping SimulationBackend...
2026-07-01 16:29:16,967 - Drone1 - INFO - DroneAgent shutdown complete
2026-07-01 16:29:16,968 - Drone1 - INFO - Shutting down DroneAgent...
2026-07-01 16:29:16,968 - Drone1.Heartbeat - INFO - Heartbeat stopped
2026-07-01 16:29:16,968 - Drone1.MovementController - INFO - Movement controller stopped
2026-07-01 16:29:16,968 - Drone1.Decision - INFO - Decision engine stopped
2026-07-01 16:29:16,969 - Drone1.Telemetry - INFO - Telemetry stopped
2026-07-01 16:29:16,969 - Drone1.Communication - INFO - Communication stopped
2026-07-01 16:29:16,969 - Drone1.SimulationBackend - INFO - Stopping SimulationBackend...
2026-07-01 16:29:16,969 - Drone1 - INFO - DroneAgent shutdown complete
2026-07-01 16:29:23,651 - Drone1 - INFO - Logger initialized for drone 1
2026-07-01 16:29:23,651 - Drone1 - INFO - BackendFactory: Creating SimulationBackend
2026-07-01 16:29:23,652 - Drone1.Communication - INFO - Communication initialized on 0.0.0.0:14560
2026-07-01 16:29:23,652 - Drone1.StateMachine - INFO - StateMachine initialized
2026-07-01 16:29:23,652 - Drone1 - INFO - DroneAgent initialized
2026-07-01 16:29:23,652 - Drone1 - INFO - Starting DroneAgent...
2026-07-01 16:29:23,652 - Drone1.SimulationBackend - INFO - Starting SimulationBackend...
2026-07-01 16:29:23,653 - Drone1.SimulationBackend - INFO - Connecting to SITL simulation via udpin://0.0.0.0:14540
2026-07-01 16:29:35,213 - Drone1 - INFO - Received signal 2, initiating shutdown...
2026-07-01 16:29:35,214 - Drone1 - INFO - Shutting down DroneAgent...
2026-07-01 16:29:35,214 - Drone1.Heartbeat - INFO - Heartbeat stopped
2026-07-01 16:29:35,214 - Drone1.MovementController - INFO - Movement controller stopped
2026-07-01 16:29:35,214 - Drone1.Decision - INFO - Decision engine stopped
2026-07-01 16:29:35,215 - Drone1.Telemetry - INFO - Telemetry stopped
2026-07-01 16:29:35,215 - Drone1.Communication - INFO - Communication stopped
2026-07-01 16:29:35,215 - Drone1.SimulationBackend - INFO - Stopping SimulationBackend...
2026-07-01 16:29:36,397 - Drone1 - INFO - Received signal 2, initiating shutdown...
2026-07-01 16:29:36,397 - Drone1 - INFO - Shutting down DroneAgent...
2026-07-01 16:29:36,397 - Drone1.Heartbeat - INFO - Heartbeat stopped
2026-07-01 16:29:36,397 - Drone1.MovementController - INFO - Movement controller stopped
2026-07-01 16:29:36,398 - Drone1.Decision - INFO - Decision engine stopped
2026-07-01 16:29:36,398 - Drone1.Telemetry - INFO - Telemetry stopped
2026-07-01 16:29:36,398 - Drone1.Communication - INFO - Communication stopped
2026-07-01 16:29:36,398 - Drone1.SimulationBackend - INFO - Stopping SimulationBackend...
2026-07-01 16:29:36,907 - Drone1 - INFO - Received signal 2, initiating shutdown...
2026-07-01 16:29:36,908 - Drone1 - INFO - Shutting down DroneAgent...
2026-07-01 16:29:36,908 - Drone1.Heartbeat - INFO - Heartbeat stopped
2026-07-01 16:29:36,908 - Drone1.MovementController - INFO - Movement controller stopped
2026-07-01 16:29:36,908 - Drone1.Decision - INFO - Decision engine stopped
2026-07-01 16:29:36,909 - Drone1.Telemetry - INFO - Telemetry stopped
2026-07-01 16:29:36,909 - Drone1.Communication - INFO - Communication stopped
2026-07-01 16:29:36,909 - Drone1.SimulationBackend - INFO - Stopping SimulationBackend...
2026-07-01 16:29:37,256 - Drone1 - INFO - Received signal 2, initiating shutdown...
2026-07-01 16:29:37,257 - Drone1 - INFO - Shutting down DroneAgent...
2026-07-01 16:29:37,257 - Drone1.Heartbeat - INFO - Heartbeat stopped
2026-07-01 16:29:37,257 - Drone1.MovementController - INFO - Movement controller stopped
2026-07-01 16:29:37,257 - Drone1.Decision - INFO - Decision engine stopped
2026-07-01 16:29:37,258 - Drone1.Telemetry - INFO - Telemetry stopped
2026-07-01 16:29:37,258 - Drone1.Communication - INFO - Communication stopped
2026-07-01 16:29:37,258 - Drone1.SimulationBackend - INFO - Stopping SimulationBackend...
2026-07-01 17:10:14,854 - Drone1 - INFO - Received signal 15, initiating shutdown...
2026-07-01 17:10:14,855 - Drone1 - INFO - Shutting down DroneAgent...
2026-07-01 17:10:14,855 - Drone1.Heartbeat - INFO - Heartbeat stopped
2026-07-01 17:10:14,866 - Drone1.MovementController - INFO - Movement controller stopped
2026-07-01 17:10:14,876 - Drone1.Decision - INFO - Decision engine stopped
2026-07-01 17:10:14,879 - Drone1.Telemetry - INFO - Telemetry stopped
2026-07-01 17:10:14,879 - Drone1.Communication - INFO - Communication stopped
2026-07-01 17:10:14,879 - Drone1.SimulationBackend - INFO - Stopping SimulationBackend...
2026-07-01 17:10:14,880 - Drone1 - INFO - DroneAgent shutdown complete
2026-07-01 17:10:14,880 - Drone1 - INFO - Shutting down DroneAgent...
2026-07-01 17:10:14,880 - Drone1.Heartbeat - INFO - Heartbeat stopped
2026-07-01 17:10:14,880 - Drone1.MovementController - INFO - Movement controller stopped
2026-07-01 17:10:14,880 - Drone1.Decision - INFO - Decision engine stopped
2026-07-01 17:10:14,881 - Drone1.Telemetry - INFO - Telemetry stopped
2026-07-01 17:10:14,881 - Drone1.Communication - INFO - Communication stopped
2026-07-01 17:10:14,881 - Drone1.SimulationBackend - INFO - Stopping SimulationBackend...
2026-07-01 17:10:14,881 - Drone1 - INFO - DroneAgent shutdown complete
2026-07-01 17:10:23,040 - Drone1 - INFO - Logger initialized for drone 1
2026-07-01 17:10:23,040 - Drone1 - INFO - BackendFactory: Creating SimulationBackend
2026-07-01 17:10:23,041 - Drone1.Communication - INFO - Communication initialized on 0.0.0.0:14560
2026-07-01 17:10:23,041 - Drone1.StateMachine - INFO - StateMachine initialized
2026-07-01 17:10:23,041 - Drone1 - INFO - DroneAgent initialized
2026-07-01 17:10:23,041 - Drone1 - INFO - Starting DroneAgent...
2026-07-01 17:10:23,041 - Drone1.SimulationBackend - INFO - Starting SimulationBackend...
2026-07-01 17:10:23,042 - Drone1.SimulationBackend - INFO - Connecting to SITL simulation via udpin://0.0.0.0:14540
2026-07-01 17:10:38,069 - Drone1.SimulationBackend - WARNING - SimulationBackend connection timed out (simulator might not be running).
2026-07-01 17:10:38,311 - Drone1 - INFO - GUI Server started on port 8000
2026-07-01 17:10:38,312 - Drone1.Telemetry - INFO - Telemetry background tasks scheduled
2026-07-01 17:10:38,312 - Drone1.Communication - INFO - Communication started
2026-07-01 17:10:38,312 - Drone1.Telemetry - ERROR - GPS telemetry error: Telemetry plugin has not been initialized! Did you run `System.connect()`?
2026-07-01 17:10:38,314 - Drone1.Telemetry - ERROR - Position velocity NED telemetry error: Telemetry plugin has not been initialized! Did you run `System.connect()`?
2026-07-01 17:10:38,314 - Drone1.Telemetry - ERROR - Attitude telemetry error: Telemetry plugin has not been initialized! Did you run `System.connect()`?
2026-07-01 17:10:38,314 - Drone1.Telemetry - ERROR - Battery telemetry error: Telemetry plugin has not been initialized! Did you run `System.connect()`?
2026-07-01 17:10:38,314 - Drone1.Telemetry - ERROR - Health telemetry error: Telemetry plugin has not been initialized! Did you run `System.connect()`?
2026-07-01 17:10:38,314 - Drone1.Telemetry - ERROR - In-air telemetry error: Telemetry plugin has not been initialized! Did you run `System.connect()`?
2026-07-01 17:10:38,314 - Drone1.Telemetry - ERROR - Armed telemetry error: Telemetry plugin has not been initialized! Did you run `System.connect()`?
2026-07-01 17:10:38,315 - Drone1.Decision - INFO - Decision engine started
2026-07-01 17:10:38,315 - Drone1.Telemetry - ERROR - Home telemetry error: Telemetry plugin has not been initialized! Did you run `System.connect()`?
2026-07-01 17:10:38,316 - Drone1.MovementController - INFO - Movement controller started
2026-07-01 17:10:38,316 - Drone1.Heartbeat - INFO - Heartbeat started at 10.0 Hz
2026-07-01 17:10:38,316 - Drone1 - INFO - All subsystems started
2026-07-01 17:14:58,438 - Drone1.SimulationBackend - INFO - Simulation Drone discovered!
2026-07-01 17:14:58,674 - Drone1.SimulationBackend - INFO - Simulation Global position estimate OK
2026-07-01 17:14:58,874 - Drone1.SimulationBackend - DEBUG - Sim Battery: 10000.0%
2026-07-01 17:15:01,674 - Drone1.SimulationBackend - DEBUG - Sim Battery: 10000.0%
2026-07-01 17:15:03,675 - Drone1.SimulationBackend - DEBUG - Sim Battery: 10000.0%
2026-07-01 17:15:05,675 - Drone1.SimulationBackend - DEBUG - Sim Battery: 10000.0%
2026-07-01 17:15:07,675 - Drone1.SimulationBackend - DEBUG - Sim Battery: 10000.0%
2026-07-01 17:15:09,675 - Drone1.SimulationBackend - DEBUG - Sim Battery: 10000.0%
2026-07-01 17:15:11,675 - Drone1.SimulationBackend - DEBUG - Sim Battery: 10000.0%
2026-07-01 17:15:13,675 - Drone1.SimulationBackend - DEBUG - Sim Battery: 10000.0%
2026-07-01 17:15:15,676 - Drone1.SimulationBackend - DEBUG - Sim Battery: 10000.0%
2026-07-01 17:15:17,675 - Drone1.SimulationBackend - DEBUG - Sim Battery: 10000.0%
2026-07-01 17:15:19,675 - Drone1.SimulationBackend - DEBUG - Sim Battery: 10000.0%
2026-07-01 17:15:21,675 - Drone1.SimulationBackend - DEBUG - Sim Battery: 10000.0%
2026-07-01 17:15:23,675 - Drone1.SimulationBackend - DEBUG - Sim Battery: 10000.0%
2026-07-01 17:15:25,675 - Drone1.SimulationBackend - DEBUG - Sim Battery: 10000.0%
2026-07-01 17:15:27,674 - Drone1.SimulationBackend - DEBUG - Sim Battery: 10000.0%
2026-07-01 17:15:29,674 - Drone1.SimulationBackend - DEBUG - Sim Battery: 10000.0%
2026-07-01 17:15:31,675 - Drone1.SimulationBackend - DEBUG - Sim Battery: 10000.0%
2026-07-01 17:15:33,674 - Drone1.SimulationBackend - DEBUG - Sim Battery: 10000.0%
2026-07-01 17:15:35,674 - Drone1.SimulationBackend - DEBUG - Sim Battery: 10000.0%
2026-07-01 17:15:37,674 - Drone1.SimulationBackend - DEBUG - Sim Battery: 10000.0%
2026-07-01 17:15:39,675 - Drone1.SimulationBackend - DEBUG - Sim Battery: 10000.0%
2026-07-01 17:15:41,675 - Drone1.SimulationBackend - DEBUG - Sim Battery: 10000.0%
2026-07-01 17:15:43,674 - Drone1.SimulationBackend - DEBUG - Sim Battery: 10000.0%
2026-07-01 17:15:45,674 - Drone1.SimulationBackend - DEBUG - Sim Battery: 10000.0%
2026-07-01 17:15:47,675 - Drone1.SimulationBackend - DEBUG - Sim Battery: 10000.0%
2026-07-01 17:15:49,675 - Drone1.SimulationBackend - DEBUG - Sim Battery: 10000.0%
2026-07-01 17:15:51,675 - Drone1.SimulationBackend - DEBUG - Sim Battery: 10000.0%
2026-07-01 17:15:53,674 - Drone1.SimulationBackend - DEBUG - Sim Battery: 10000.0%
2026-07-01 17:15:55,675 - Drone1.SimulationBackend - DEBUG - Sim Battery: 10000.0%
2026-07-01 17:15:57,675 - Drone1.SimulationBackend - DEBUG - Sim Battery: 10000.0%
2026-07-01 17:15:59,675 - Drone1.SimulationBackend - DEBUG - Sim Battery: 10000.0%
2026-07-01 17:16:01,675 - Drone1.SimulationBackend - DEBUG - Sim Battery: 10000.0%
2026-07-01 17:16:03,675 - Drone1.SimulationBackend - DEBUG - Sim Battery: 10000.0%
2026-07-01 17:16:05,675 - Drone1.SimulationBackend - DEBUG - Sim Battery: 10000.0%
2026-07-01 17:16:07,675 - Drone1.SimulationBackend - DEBUG - Sim Battery: 10000.0%
2026-07-01 17:16:09,675 - Drone1.SimulationBackend - DEBUG - Sim Battery: 10000.0%
2026-07-01 17:16:11,674 - Drone1.SimulationBackend - DEBUG - Sim Battery: 10000.0%
2026-07-01 17:16:13,674 - Drone1.SimulationBackend - DEBUG - Sim Battery: 10000.0%
2026-07-01 17:16:15,676 - Drone1.SimulationBackend - DEBUG - Sim Battery: 10000.0%
2026-07-01 17:16:17,674 - Drone1.SimulationBackend - DEBUG - Sim Battery: 10000.0%
2026-07-01 17:16:19,674 - Drone1.SimulationBackend - DEBUG - Sim Battery: 10000.0%
2026-07-01 17:16:21,674 - Drone1.SimulationBackend - DEBUG - Sim Battery: 10000.0%
2026-07-01 17:16:23,674 - Drone1.SimulationBackend - DEBUG - Sim Battery: 10000.0%
2026-07-01 17:16:25,674 - Drone1.SimulationBackend - DEBUG - Sim Battery: 10000.0%
2026-07-01 17:16:27,674 - Drone1.SimulationBackend - DEBUG - Sim Battery: 10000.0%
2026-07-01 17:16:29,674 - Drone1.SimulationBackend - DEBUG - Sim Battery: 10000.0%
2026-07-01 17:16:31,674 - Drone1.SimulationBackend - DEBUG - Sim Battery: 10000.0%
2026-07-01 17:16:33,675 - Drone1.SimulationBackend - DEBUG - Sim Battery: 10000.0%
2026-07-01 17:16:35,674 - Drone1.SimulationBackend - DEBUG - Sim Battery: 10000.0%
2026-07-01 17:16:37,674 - Drone1.SimulationBackend - DEBUG - Sim Battery: 10000.0%
2026-07-01 17:16:39,674 - Drone1.SimulationBackend - DEBUG - Sim Battery: 10000.0%
2026-07-01 17:16:41,675 - Drone1.SimulationBackend - DEBUG - Sim Battery: 10000.0%
2026-07-01 17:16:43,675 - Drone1.SimulationBackend - DEBUG - Sim Battery: 10000.0%
2026-07-01 17:16:45,675 - Drone1.SimulationBackend - DEBUG - Sim Battery: 10000.0%
2026-07-01 17:16:47,675 - Drone1.SimulationBackend - DEBUG - Sim Battery: 10000.0%
2026-07-01 17:16:49,675 - Drone1.SimulationBackend - DEBUG - Sim Battery: 10000.0%
2026-07-01 17:16:51,675 - Drone1.SimulationBackend - DEBUG - Sim Battery: 10000.0%
2026-07-01 17:16:53,675 - Drone1.SimulationBackend - DEBUG - Sim Battery: 10000.0%
2026-07-01 17:16:55,675 - Drone1.SimulationBackend - DEBUG - Sim Battery: 10000.0%
2026-07-01 17:16:57,675 - Drone1.SimulationBackend - DEBUG - Sim Battery: 10000.0%
2026-07-01 17:16:59,674 - Drone1.SimulationBackend - DEBUG - Sim Battery: 10000.0%
2026-07-01 17:17:01,675 - Drone1.SimulationBackend - DEBUG - Sim Battery: 10000.0%
2026-07-01 17:17:03,675 - Drone1.SimulationBackend - DEBUG - Sim Battery: 10000.0%
2026-07-01 17:17:05,675 - Drone1.SimulationBackend - DEBUG - Sim Battery: 10000.0%
2026-07-01 17:17:07,675 - Drone1.SimulationBackend - DEBUG - Sim Battery: 10000.0%
2026-07-01 17:17:09,675 - Drone1.SimulationBackend - DEBUG - Sim Battery: 10000.0%
2026-07-01 17:17:11,675 - Drone1.SimulationBackend - DEBUG - Sim Battery: 10000.0%
2026-07-01 17:17:13,675 - Drone1.SimulationBackend - DEBUG - Sim Battery: 10000.0%
2026-07-01 17:17:15,675 - Drone1.SimulationBackend - DEBUG - Sim Battery: 10000.0%
2026-07-01 17:17:17,675 - Drone1.SimulationBackend - DEBUG - Sim Battery: 10000.0%
2026-07-01 17:17:19,675 - Drone1.SimulationBackend - DEBUG - Sim Battery: 10000.0%
2026-07-01 17:17:21,675 - Drone1.SimulationBackend - DEBUG - Sim Battery: 10000.0%
2026-07-01 17:17:23,675 - Drone1.SimulationBackend - DEBUG - Sim Battery: 10000.0%
2026-07-01 17:17:25,674 - Drone1.SimulationBackend - DEBUG - Sim Battery: 10000.0%
2026-07-01 17:17:27,675 - Drone1.SimulationBackend - DEBUG - Sim Battery: 10000.0%
2026-07-01 17:17:29,675 - Drone1.SimulationBackend - DEBUG - Sim Battery: 10000.0%
2026-07-01 17:17:31,675 - Drone1.SimulationBackend - DEBUG - Sim Battery: 10000.0%
2026-07-01 17:17:33,675 - Drone1.SimulationBackend - DEBUG - Sim Battery: 10000.0%
2026-07-01 17:17:35,675 - Drone1.SimulationBackend - DEBUG - Sim Battery: 10000.0%
2026-07-01 17:17:37,675 - Drone1.SimulationBackend - DEBUG - Sim Battery: 10000.0%
2026-07-01 17:17:39,675 - Drone1.SimulationBackend - DEBUG - Sim Battery: 10000.0%
2026-07-01 17:17:41,675 - Drone1.SimulationBackend - DEBUG - Sim Battery: 10000.0%
2026-07-01 17:17:43,675 - Drone1.SimulationBackend - DEBUG - Sim Battery: 10000.0%
2026-07-01 17:17:45,675 - Drone1.SimulationBackend - DEBUG - Sim Battery: 10000.0%
2026-07-01 17:17:47,675 - Drone1.SimulationBackend - DEBUG - Sim Battery: 10000.0%
2026-07-01 17:17:49,674 - Drone1.SimulationBackend - DEBUG - Sim Battery: 10000.0%
2026-07-01 17:17:51,675 - Drone1.SimulationBackend - DEBUG - Sim Battery: 10000.0%
2026-07-01 17:17:53,674 - Drone1.SimulationBackend - DEBUG - Sim Battery: 10000.0%
2026-07-01 17:17:55,675 - Drone1.SimulationBackend - DEBUG - Sim Battery: 10000.0%
2026-07-01 17:17:57,674 - Drone1.SimulationBackend - DEBUG - Sim Battery: 10000.0%
2026-07-01 17:17:59,674 - Drone1.SimulationBackend - DEBUG - Sim Battery: 10000.0%
2026-07-01 17:18:01,675 - Drone1.SimulationBackend - DEBUG - Sim Battery: 10000.0%
2026-07-01 17:18:03,674 - Drone1.SimulationBackend - DEBUG - Sim Battery: 10000.0%
2026-07-01 17:18:05,674 - Drone1.SimulationBackend - DEBUG - Sim Battery: 10000.0%
2026-07-01 17:18:07,674 - Drone1.SimulationBackend - DEBUG - Sim Battery: 10000.0%
2026-07-01 17:18:09,674 - Drone1.SimulationBackend - DEBUG - Sim Battery: 10000.0%
2026-07-01 17:18:11,674 - Drone1.SimulationBackend - DEBUG - Sim Battery: 10000.0%
2026-07-01 17:18:13,674 - Drone1.SimulationBackend - DEBUG - Sim Battery: 10000.0%
2026-07-01 17:18:15,674 - Drone1.SimulationBackend - DEBUG - Sim Battery: 10000.0%
2026-07-01 17:18:17,675 - Drone1.SimulationBackend - DEBUG - Sim Battery: 10000.0%
2026-07-01 17:18:19,674 - Drone1.SimulationBackend - DEBUG - Sim Battery: 10000.0%
2026-07-01 17:18:21,675 - Drone1.SimulationBackend - DEBUG - Sim Battery: 10000.0%
2026-07-01 17:18:23,675 - Drone1.SimulationBackend - DEBUG - Sim Battery: 10000.0%
2026-07-01 17:18:25,321 - Drone1.SimulationBackend - ERROR - Telemetry error: <AioRpcError of RPC that terminated with:
	status = StatusCode.UNAVAILABLE
	details = "Stream removed (Socket closed)"
	debug_error_string = "UNAVAILABLE:Stream removed (Socket closed)"
>
2026-07-01 17:18:26,323 - Drone1.SimulationBackend - ERROR - Telemetry error: <AioRpcError of RPC that terminated with:
	status = StatusCode.UNAVAILABLE
	details = "failed to connect to all addresses; last error: UNKNOWN: ipv4:127.0.0.1:50051: Failed to connect to remote host: Connection refused"
	debug_error_string = "UNAVAILABLE:failed to connect to all addresses; last error: UNKNOWN: ipv4:127.0.0.1:50051: Failed to connect to remote host: Connection refused"
>
2026-07-01 17:18:27,324 - Drone1.SimulationBackend - ERROR - Telemetry error: <AioRpcError of RPC that terminated with:
	status = StatusCode.UNAVAILABLE
	details = "failed to connect to all addresses; last error: UNKNOWN: ipv4:127.0.0.1:50051: Failed to connect to remote host: Connection refused"
	debug_error_string = "UNAVAILABLE:failed to connect to all addresses; last error: UNKNOWN: ipv4:127.0.0.1:50051: Failed to connect to remote host: Connection refused"
>
2026-07-01 17:18:28,326 - Drone1.SimulationBackend - ERROR - Telemetry error: <AioRpcError of RPC that terminated with:
	status = StatusCode.UNAVAILABLE
	details = "failed to connect to all addresses; last error: UNKNOWN: ipv4:127.0.0.1:50051: Failed to connect to remote host: Connection refused"
	debug_error_string = "UNAVAILABLE:failed to connect to all addresses; last error: UNKNOWN: ipv4:127.0.0.1:50051: Failed to connect to remote host: Connection refused"
>
2026-07-01 17:18:29,328 - Drone1.SimulationBackend - ERROR - Telemetry error: <AioRpcError of RPC that terminated with:
	status = StatusCode.UNAVAILABLE
	details = "failed to connect to all addresses; last error: UNKNOWN: ipv4:127.0.0.1:50051: Failed to connect to remote host: Connection refused"
	debug_error_string = "UNAVAILABLE:failed to connect to all addresses; last error: UNKNOWN: ipv4:127.0.0.1:50051: Failed to connect to remote host: Connection refused"
>
2026-07-01 17:18:30,329 - Drone1.SimulationBackend - ERROR - Telemetry error: <AioRpcError of RPC that terminated with:
	status = StatusCode.UNAVAILABLE
	details = "failed to connect to all addresses; last error: UNKNOWN: ipv4:127.0.0.1:50051: Failed to connect to remote host: Connection refused"
	debug_error_string = "UNAVAILABLE:failed to connect to all addresses; last error: UNKNOWN: ipv4:127.0.0.1:50051: Failed to connect to remote host: Connection refused"
>
2026-07-01 17:18:31,330 - Drone1.SimulationBackend - ERROR - Telemetry error: <AioRpcError of RPC that terminated with:
	status = StatusCode.UNAVAILABLE
	details = "failed to connect to all addresses; last error: UNKNOWN: ipv4:127.0.0.1:50051: Failed to connect to remote host: Connection refused"
	debug_error_string = "UNAVAILABLE:failed to connect to all addresses; last error: UNKNOWN: ipv4:127.0.0.1:50051: Failed to connect to remote host: Connection refused"
>
2026-07-01 17:18:32,331 - Drone1.SimulationBackend - ERROR - Telemetry error: <AioRpcError of RPC that terminated with:
	status = StatusCode.UNAVAILABLE
	details = "failed to connect to all addresses; last error: UNKNOWN: ipv4:127.0.0.1:50051: Failed to connect to remote host: Connection refused"
	debug_error_string = "UNAVAILABLE:failed to connect to all addresses; last error: UNKNOWN: ipv4:127.0.0.1:50051: Failed to connect to remote host: Connection refused"
>
2026-07-01 17:18:33,332 - Drone1.SimulationBackend - ERROR - Telemetry error: <AioRpcError of RPC that terminated with:
	status = StatusCode.UNAVAILABLE
	details = "failed to connect to all addresses; last error: UNKNOWN: ipv4:127.0.0.1:50051: Failed to connect to remote host: Connection refused"
	debug_error_string = "UNAVAILABLE:failed to connect to all addresses; last error: UNKNOWN: ipv4:127.0.0.1:50051: Failed to connect to remote host: Connection refused"
>
2026-07-01 17:18:34,334 - Drone1.SimulationBackend - ERROR - Telemetry error: <AioRpcError of RPC that terminated with:
	status = StatusCode.UNAVAILABLE
	details = "failed to connect to all addresses; last error: UNKNOWN: ipv4:127.0.0.1:50051: Failed to connect to remote host: Connection refused"
	debug_error_string = "UNAVAILABLE:failed to connect to all addresses; last error: UNKNOWN: ipv4:127.0.0.1:50051: Failed to connect to remote host: Connection refused"
>
2026-07-01 17:18:35,335 - Drone1.SimulationBackend - ERROR - Telemetry error: <AioRpcError of RPC that terminated with:
	status = StatusCode.UNAVAILABLE
	details = "failed to connect to all addresses; last error: UNKNOWN: ipv4:127.0.0.1:50051: Failed to connect to remote host: Connection refused"
	debug_error_string = "UNAVAILABLE:failed to connect to all addresses; last error: UNKNOWN: ipv4:127.0.0.1:50051: Failed to connect to remote host: Connection refused"
>
2026-07-01 17:18:36,336 - Drone1.SimulationBackend - ERROR - Telemetry error: <AioRpcError of RPC that terminated with:
	status = StatusCode.UNAVAILABLE
	details = "failed to connect to all addresses; last error: UNKNOWN: ipv4:127.0.0.1:50051: Failed to connect to remote host: Connection refused"
	debug_error_string = "UNAVAILABLE:failed to connect to all addresses; last error: UNKNOWN: ipv4:127.0.0.1:50051: Failed to connect to remote host: Connection refused"
>
2026-07-01 17:18:37,338 - Drone1.SimulationBackend - ERROR - Telemetry error: <AioRpcError of RPC that terminated with:
	status = StatusCode.UNAVAILABLE
	details = "failed to connect to all addresses; last error: UNKNOWN: ipv4:127.0.0.1:50051: Failed to connect to remote host: Connection refused"
	debug_error_string = "UNAVAILABLE:failed to connect to all addresses; last error: UNKNOWN: ipv4:127.0.0.1:50051: Failed to connect to remote host: Connection refused"
>
2026-07-01 17:18:38,339 - Drone1.SimulationBackend - ERROR - Telemetry error: <AioRpcError of RPC that terminated with:
	status = StatusCode.UNAVAILABLE
	details = "failed to connect to all addresses; last error: UNKNOWN: ipv4:127.0.0.1:50051: Failed to connect to remote host: Connection refused"
	debug_error_string = "UNAVAILABLE:failed to connect to all addresses; last error: UNKNOWN: ipv4:127.0.0.1:50051: Failed to connect to remote host: Connection refused"
>
2026-07-01 17:18:39,340 - Drone1.SimulationBackend - ERROR - Telemetry error: <AioRpcError of RPC that terminated with:
	status = StatusCode.UNAVAILABLE
	details = "failed to connect to all addresses; last error: UNKNOWN: ipv4:127.0.0.1:50051: Failed to connect to remote host: Connection refused"
	debug_error_string = "UNAVAILABLE:failed to connect to all addresses; last error: UNKNOWN: ipv4:127.0.0.1:50051: Failed to connect to remote host: Connection refused"
>
2026-07-01 17:18:40,341 - Drone1.SimulationBackend - ERROR - Telemetry error: <AioRpcError of RPC that terminated with:
	status = StatusCode.UNAVAILABLE
	details = "failed to connect to all addresses; last error: UNKNOWN: ipv4:127.0.0.1:50051: Failed to connect to remote host: Connection refused"
	debug_error_string = "UNAVAILABLE:failed to connect to all addresses; last error: UNKNOWN: ipv4:127.0.0.1:50051: Failed to connect to remote host: Connection refused"
>
2026-07-01 17:18:41,342 - Drone1.SimulationBackend - ERROR - Telemetry error: <AioRpcError of RPC that terminated with:
	status = StatusCode.UNAVAILABLE
	details = "failed to connect to all addresses; last error: UNKNOWN: ipv4:127.0.0.1:50051: Failed to connect to remote host: Connection refused"
	debug_error_string = "UNAVAILABLE:failed to connect to all addresses; last error: UNKNOWN: ipv4:127.0.0.1:50051: Failed to connect to remote host: Connection refused"
>
2026-07-01 17:18:42,344 - Drone1.SimulationBackend - ERROR - Telemetry error: <AioRpcError of RPC that terminated with:
	status = StatusCode.UNAVAILABLE
	details = "failed to connect to all addresses; last error: UNKNOWN: ipv4:127.0.0.1:50051: Failed to connect to remote host: Connection refused"
	debug_error_string = "UNAVAILABLE:failed to connect to all addresses; last error: UNKNOWN: ipv4:127.0.0.1:50051: Failed to connect to remote host: Connection refused"
>
2026-07-01 17:18:43,346 - Drone1.SimulationBackend - ERROR - Telemetry error: <AioRpcError of RPC that terminated with:
	status = StatusCode.UNAVAILABLE
	details = "failed to connect to all addresses; last error: UNKNOWN: ipv4:127.0.0.1:50051: Failed to connect to remote host: Connection refused"
	debug_error_string = "UNAVAILABLE:failed to connect to all addresses; last error: UNKNOWN: ipv4:127.0.0.1:50051: Failed to connect to remote host: Connection refused"
>
2026-07-01 17:18:44,347 - Drone1.SimulationBackend - ERROR - Telemetry error: <AioRpcError of RPC that terminated with:
	status = StatusCode.UNAVAILABLE
	details = "failed to connect to all addresses; last error: UNKNOWN: ipv4:127.0.0.1:50051: Failed to connect to remote host: Connection refused"
	debug_error_string = "UNAVAILABLE:failed to connect to all addresses; last error: UNKNOWN: ipv4:127.0.0.1:50051: Failed to connect to remote host: Connection refused"
>
2026-07-01 17:18:45,348 - Drone1.SimulationBackend - ERROR - Telemetry error: <AioRpcError of RPC that terminated with:
	status = StatusCode.UNAVAILABLE
	details = "failed to connect to all addresses; last error: UNKNOWN: ipv4:127.0.0.1:50051: Failed to connect to remote host: Connection refused"
	debug_error_string = "UNAVAILABLE:failed to connect to all addresses; last error: UNKNOWN: ipv4:127.0.0.1:50051: Failed to connect to remote host: Connection refused"
>
2026-07-01 17:18:46,350 - Drone1.SimulationBackend - ERROR - Telemetry error: <AioRpcError of RPC that terminated with:
	status = StatusCode.UNAVAILABLE
	details = "failed to connect to all addresses; last error: UNKNOWN: ipv4:127.0.0.1:50051: Failed to connect to remote host: Connection refused"
	debug_error_string = "UNAVAILABLE:failed to connect to all addresses; last error: UNKNOWN: ipv4:127.0.0.1:50051: Failed to connect to remote host: Connection refused"
>
2026-07-01 17:18:47,351 - Drone1.SimulationBackend - ERROR - Telemetry error: <AioRpcError of RPC that terminated with:
	status = StatusCode.UNAVAILABLE
	details = "failed to connect to all addresses; last error: UNKNOWN: ipv4:127.0.0.1:50051: Failed to connect to remote host: Connection refused"
	debug_error_string = "UNAVAILABLE:failed to connect to all addresses; last error: UNKNOWN: ipv4:127.0.0.1:50051: Failed to connect to remote host: Connection refused"
>
2026-07-01 17:18:48,353 - Drone1.SimulationBackend - ERROR - Telemetry error: <AioRpcError of RPC that terminated with:
	status = StatusCode.UNAVAILABLE
	details = "failed to connect to all addresses; last error: UNKNOWN: ipv4:127.0.0.1:50051: Failed to connect to remote host: Connection refused"
	debug_error_string = "UNAVAILABLE:failed to connect to all addresses; last error: UNKNOWN: ipv4:127.0.0.1:50051: Failed to connect to remote host: Connection refused"
>
2026-07-01 17:18:49,355 - Drone1.SimulationBackend - ERROR - Telemetry error: <AioRpcError of RPC that terminated with:
	status = StatusCode.UNAVAILABLE
	details = "failed to connect to all addresses; last error: UNKNOWN: ipv4:127.0.0.1:50051: Failed to connect to remote host: Connection refused"
	debug_error_string = "UNAVAILABLE:failed to connect to all addresses; last error: UNKNOWN: ipv4:127.0.0.1:50051: Failed to connect to remote host: Connection refused"
>
2026-07-01 17:18:50,356 - Drone1.SimulationBackend - ERROR - Telemetry error: <AioRpcError of RPC that terminated with:
	status = StatusCode.UNAVAILABLE
	details = "failed to connect to all addresses; last error: UNKNOWN: ipv4:127.0.0.1:50051: Failed to connect to remote host: Connection refused"
	debug_error_string = "UNAVAILABLE:failed to connect to all addresses; last error: UNKNOWN: ipv4:127.0.0.1:50051: Failed to connect to remote host: Connection refused"
>
2026-07-01 17:18:51,357 - Drone1.SimulationBackend - ERROR - Telemetry error: <AioRpcError of RPC that terminated with:
	status = StatusCode.UNAVAILABLE
	details = "failed to connect to all addresses; last error: UNKNOWN: ipv4:127.0.0.1:50051: Failed to connect to remote host: Connection refused"
	debug_error_string = "UNAVAILABLE:failed to connect to all addresses; last error: UNKNOWN: ipv4:127.0.0.1:50051: Failed to connect to remote host: Connection refused"
>
2026-07-01 17:18:52,359 - Drone1.SimulationBackend - ERROR - Telemetry error: <AioRpcError of RPC that terminated with:
	status = StatusCode.UNAVAILABLE
	details = "failed to connect to all addresses; last error: UNKNOWN: ipv4:127.0.0.1:50051: Failed to connect to remote host: Connection refused"
	debug_error_string = "UNAVAILABLE:failed to connect to all addresses; last error: UNKNOWN: ipv4:127.0.0.1:50051: Failed to connect to remote host: Connection refused"
>
2026-07-01 17:18:53,360 - Drone1.SimulationBackend - ERROR - Telemetry error: <AioRpcError of RPC that terminated with:
	status = StatusCode.UNAVAILABLE
	details = "failed to connect to all addresses; last error: UNKNOWN: ipv4:127.0.0.1:50051: Failed to connect to remote host: Connection refused"
	debug_error_string = "UNAVAILABLE:failed to connect to all addresses; last error: UNKNOWN: ipv4:127.0.0.1:50051: Failed to connect to remote host: Connection refused"
>
2026-07-01 17:18:54,362 - Drone1.SimulationBackend - ERROR - Telemetry error: <AioRpcError of RPC that terminated with:
	status = StatusCode.UNAVAILABLE
	details = "failed to connect to all addresses; last error: UNKNOWN: ipv4:127.0.0.1:50051: Failed to connect to remote host: Connection refused"
	debug_error_string = "UNAVAILABLE:failed to connect to all addresses; last error: UNKNOWN: ipv4:127.0.0.1:50051: Failed to connect to remote host: Connection refused"
>
2026-07-01 17:18:55,364 - Drone1.SimulationBackend - ERROR - Telemetry error: <AioRpcError of RPC that terminated with:
	status = StatusCode.UNAVAILABLE
	details = "failed to connect to all addresses; last error: UNKNOWN: ipv6:%5B::1%5D:50051: Failed to connect to remote host: Connection refused"
	debug_error_string = "UNAVAILABLE:failed to connect to all addresses; last error: UNKNOWN: ipv6:%5B::1%5D:50051: Failed to connect to remote host: Connection refused"
>
2026-07-01 17:18:56,365 - Drone1.SimulationBackend - ERROR - Telemetry error: <AioRpcError of RPC that terminated with:
	status = StatusCode.UNAVAILABLE
	details = "failed to connect to all addresses; last error: UNKNOWN: ipv6:%5B::1%5D:50051: Failed to connect to remote host: Connection refused"
	debug_error_string = "UNAVAILABLE:failed to connect to all addresses; last error: UNKNOWN: ipv6:%5B::1%5D:50051: Failed to connect to remote host: Connection refused"
>
2026-07-01 17:18:57,366 - Drone1.SimulationBackend - ERROR - Telemetry error: <AioRpcError of RPC that terminated with:
	status = StatusCode.UNAVAILABLE
	details = "failed to connect to all addresses; last error: UNKNOWN: ipv6:%5B::1%5D:50051: Failed to connect to remote host: Connection refused"
	debug_error_string = "UNAVAILABLE:failed to connect to all addresses; last error: UNKNOWN: ipv6:%5B::1%5D:50051: Failed to connect to remote host: Connection refused"
>
2026-07-01 17:18:58,367 - Drone1.SimulationBackend - ERROR - Telemetry error: <AioRpcError of RPC that terminated with:
	status = StatusCode.UNAVAILABLE
	details = "failed to connect to all addresses; last error: UNKNOWN: ipv6:%5B::1%5D:50051: Failed to connect to remote host: Connection refused"
	debug_error_string = "UNAVAILABLE:failed to connect to all addresses; last error: UNKNOWN: ipv6:%5B::1%5D:50051: Failed to connect to remote host: Connection refused"
>
2026-07-01 17:18:59,368 - Drone1.SimulationBackend - ERROR - Telemetry error: <AioRpcError of RPC that terminated with:
	status = StatusCode.UNAVAILABLE
	details = "failed to connect to all addresses; last error: UNKNOWN: ipv6:%5B::1%5D:50051: Failed to connect to remote host: Connection refused"
	debug_error_string = "UNAVAILABLE:failed to connect to all addresses; last error: UNKNOWN: ipv6:%5B::1%5D:50051: Failed to connect to remote host: Connection refused"
>
2026-07-01 17:19:00,369 - Drone1.SimulationBackend - ERROR - Telemetry error: <AioRpcError of RPC that terminated with:
	status = StatusCode.UNAVAILABLE
	details = "failed to connect to all addresses; last error: UNKNOWN: ipv6:%5B::1%5D:50051: Failed to connect to remote host: Connection refused"
	debug_error_string = "UNAVAILABLE:failed to connect to all addresses; last error: UNKNOWN: ipv6:%5B::1%5D:50051: Failed to connect to remote host: Connection refused"
>
2026-07-01 17:19:01,371 - Drone1.SimulationBackend - ERROR - Telemetry error: <AioRpcError of RPC that terminated with:
	status = StatusCode.UNAVAILABLE
	details = "failed to connect to all addresses; last error: UNKNOWN: ipv6:%5B::1%5D:50051: Failed to connect to remote host: Connection refused"
	debug_error_string = "UNAVAILABLE:failed to connect to all addresses; last error: UNKNOWN: ipv6:%5B::1%5D:50051: Failed to connect to remote host: Connection refused"
>
2026-07-01 17:19:02,372 - Drone1.SimulationBackend - ERROR - Telemetry error: <AioRpcError of RPC that terminated with:
	status = StatusCode.UNAVAILABLE
	details = "failed to connect to all addresses; last error: UNKNOWN: ipv6:%5B::1%5D:50051: Failed to connect to remote host: Connection refused"
	debug_error_string = "UNAVAILABLE:failed to connect to all addresses; last error: UNKNOWN: ipv6:%5B::1%5D:50051: Failed to connect to remote host: Connection refused"
>
2026-07-01 17:19:03,373 - Drone1.SimulationBackend - ERROR - Telemetry error: <AioRpcError of RPC that terminated with:
	status = StatusCode.UNAVAILABLE
	details = "failed to connect to all addresses; last error: UNKNOWN: ipv6:%5B::1%5D:50051: Failed to connect to remote host: Connection refused"
	debug_error_string = "UNAVAILABLE:failed to connect to all addresses; last error: UNKNOWN: ipv6:%5B::1%5D:50051: Failed to connect to remote host: Connection refused"
>
2026-07-01 17:19:04,375 - Drone1.SimulationBackend - ERROR - Telemetry error: <AioRpcError of RPC that terminated with:
	status = StatusCode.UNAVAILABLE
	details = "failed to connect to all addresses; last error: UNKNOWN: ipv6:%5B::1%5D:50051: Failed to connect to remote host: Connection refused"
	debug_error_string = "UNAVAILABLE:failed to connect to all addresses; last error: UNKNOWN: ipv6:%5B::1%5D:50051: Failed to connect to remote host: Connection refused"
>
2026-07-01 17:19:05,377 - Drone1.SimulationBackend - ERROR - Telemetry error: <AioRpcError of RPC that terminated with:
	status = StatusCode.UNAVAILABLE
	details = "failed to connect to all addresses; last error: UNKNOWN: ipv6:%5B::1%5D:50051: Failed to connect to remote host: Connection refused"
	debug_error_string = "UNAVAILABLE:failed to connect to all addresses; last error: UNKNOWN: ipv6:%5B::1%5D:50051: Failed to connect to remote host: Connection refused"
>
2026-07-01 17:19:06,379 - Drone1.SimulationBackend - ERROR - Telemetry error: <AioRpcError of RPC that terminated with:
	status = StatusCode.UNAVAILABLE
	details = "failed to connect to all addresses; last error: UNKNOWN: ipv6:%5B::1%5D:50051: Failed to connect to remote host: Connection refused"
	debug_error_string = "UNAVAILABLE:failed to connect to all addresses; last error: UNKNOWN: ipv6:%5B::1%5D:50051: Failed to connect to remote host: Connection refused"
>
2026-07-01 17:19:07,380 - Drone1.SimulationBackend - ERROR - Telemetry error: <AioRpcError of RPC that terminated with:
	status = StatusCode.UNAVAILABLE
	details = "failed to connect to all addresses; last error: UNKNOWN: ipv6:%5B::1%5D:50051: Failed to connect to remote host: Connection refused"
	debug_error_string = "UNAVAILABLE:failed to connect to all addresses; last error: UNKNOWN: ipv6:%5B::1%5D:50051: Failed to connect to remote host: Connection refused"
>
2026-07-01 17:19:08,382 - Drone1.SimulationBackend - ERROR - Telemetry error: <AioRpcError of RPC that terminated with:
	status = StatusCode.UNAVAILABLE
	details = "failed to connect to all addresses; last error: UNKNOWN: ipv6:%5B::1%5D:50051: Failed to connect to remote host: Connection refused"
	debug_error_string = "UNAVAILABLE:failed to connect to all addresses; last error: UNKNOWN: ipv6:%5B::1%5D:50051: Failed to connect to remote host: Connection refused"
>
2026-07-01 17:19:09,384 - Drone1.SimulationBackend - ERROR - Telemetry error: <AioRpcError of RPC that terminated with:
	status = StatusCode.UNAVAILABLE
	details = "failed to connect to all addresses; last error: UNKNOWN: ipv6:%5B::1%5D:50051: Failed to connect to remote host: Connection refused"
	debug_error_string = "UNAVAILABLE:failed to connect to all addresses; last error: UNKNOWN: ipv6:%5B::1%5D:50051: Failed to connect to remote host: Connection refused"
>
2026-07-01 17:19:10,386 - Drone1.SimulationBackend - ERROR - Telemetry error: <AioRpcError of RPC that terminated with:
	status = StatusCode.UNAVAILABLE
	details = "failed to connect to all addresses; last error: UNKNOWN: ipv6:%5B::1%5D:50051: Failed to connect to remote host: Connection refused"
	debug_error_string = "UNAVAILABLE:failed to connect to all addresses; last error: UNKNOWN: ipv6:%5B::1%5D:50051: Failed to connect to remote host: Connection refused"
>
2026-07-01 17:19:11,387 - Drone1.SimulationBackend - ERROR - Telemetry error: <AioRpcError of RPC that terminated with:
	status = StatusCode.UNAVAILABLE
	details = "failed to connect to all addresses; last error: UNKNOWN: ipv6:%5B::1%5D:50051: Failed to connect to remote host: Connection refused"
	debug_error_string = "UNAVAILABLE:failed to connect to all addresses; last error: UNKNOWN: ipv6:%5B::1%5D:50051: Failed to connect to remote host: Connection refused"
>
2026-07-01 17:19:12,390 - Drone1.SimulationBackend - ERROR - Telemetry error: <AioRpcError of RPC that terminated with:
	status = StatusCode.UNAVAILABLE
	details = "failed to connect to all addresses; last error: UNKNOWN: ipv4:127.0.0.1:50051: Failed to connect to remote host: Connection refused"
	debug_error_string = "UNAVAILABLE:failed to connect to all addresses; last error: UNKNOWN: ipv4:127.0.0.1:50051: Failed to connect to remote host: Connection refused"
>
2026-07-01 17:19:13,391 - Drone1.SimulationBackend - ERROR - Telemetry error: <AioRpcError of RPC that terminated with:
	status = StatusCode.UNAVAILABLE
	details = "failed to connect to all addresses; last error: UNKNOWN: ipv4:127.0.0.1:50051: Failed to connect to remote host: Connection refused"
	debug_error_string = "UNAVAILABLE:failed to connect to all addresses; last error: UNKNOWN: ipv4:127.0.0.1:50051: Failed to connect to remote host: Connection refused"
>
2026-07-01 17:19:14,393 - Drone1.SimulationBackend - ERROR - Telemetry error: <AioRpcError of RPC that terminated with:
	status = StatusCode.UNAVAILABLE
	details = "failed to connect to all addresses; last error: UNKNOWN: ipv4:127.0.0.1:50051: Failed to connect to remote host: Connection refused"
	debug_error_string = "UNAVAILABLE:failed to connect to all addresses; last error: UNKNOWN: ipv4:127.0.0.1:50051: Failed to connect to remote host: Connection refused"
>
2026-07-01 17:19:15,395 - Drone1.SimulationBackend - ERROR - Telemetry error: <AioRpcError of RPC that terminated with:
	status = StatusCode.UNAVAILABLE
	details = "failed to connect to all addresses; last error: UNKNOWN: ipv4:127.0.0.1:50051: Failed to connect to remote host: Connection refused"
	debug_error_string = "UNAVAILABLE:failed to connect to all addresses; last error: UNKNOWN: ipv4:127.0.0.1:50051: Failed to connect to remote host: Connection refused"
>
2026-07-01 17:19:16,396 - Drone1.SimulationBackend - ERROR - Telemetry error: <AioRpcError of RPC that terminated with:
	status = StatusCode.UNAVAILABLE
	details = "failed to connect to all addresses; last error: UNKNOWN: ipv4:127.0.0.1:50051: Failed to connect to remote host: Connection refused"
	debug_error_string = "UNAVAILABLE:failed to connect to all addresses; last error: UNKNOWN: ipv4:127.0.0.1:50051: Failed to connect to remote host: Connection refused"
>
2026-07-01 17:19:17,398 - Drone1.SimulationBackend - ERROR - Telemetry error: <AioRpcError of RPC that terminated with:
	status = StatusCode.UNAVAILABLE
	details = "failed to connect to all addresses; last error: UNKNOWN: ipv4:127.0.0.1:50051: Failed to connect to remote host: Connection refused"
	debug_error_string = "UNAVAILABLE:failed to connect to all addresses; last error: UNKNOWN: ipv4:127.0.0.1:50051: Failed to connect to remote host: Connection refused"
>
2026-07-01 17:19:18,399 - Drone1.SimulationBackend - ERROR - Telemetry error: <AioRpcError of RPC that terminated with:
	status = StatusCode.UNAVAILABLE
	details = "failed to connect to all addresses; last error: UNKNOWN: ipv4:127.0.0.1:50051: Failed to connect to remote host: Connection refused"
	debug_error_string = "UNAVAILABLE:failed to connect to all addresses; last error: UNKNOWN: ipv4:127.0.0.1:50051: Failed to connect to remote host: Connection refused"
>
2026-07-01 17:19:19,400 - Drone1.SimulationBackend - ERROR - Telemetry error: <AioRpcError of RPC that terminated with:
	status = StatusCode.UNAVAILABLE
	details = "failed to connect to all addresses; last error: UNKNOWN: ipv4:127.0.0.1:50051: Failed to connect to remote host: Connection refused"
	debug_error_string = "UNAVAILABLE:failed to connect to all addresses; last error: UNKNOWN: ipv4:127.0.0.1:50051: Failed to connect to remote host: Connection refused"
>
2026-07-01 17:19:20,401 - Drone1.SimulationBackend - ERROR - Telemetry error: <AioRpcError of RPC that terminated with:
	status = StatusCode.UNAVAILABLE
	details = "failed to connect to all addresses; last error: UNKNOWN: ipv4:127.0.0.1:50051: Failed to connect to remote host: Connection refused"
	debug_error_string = "UNAVAILABLE:failed to connect to all addresses; last error: UNKNOWN: ipv4:127.0.0.1:50051: Failed to connect to remote host: Connection refused"
>
2026-07-01 17:19:21,403 - Drone1.SimulationBackend - ERROR - Telemetry error: <AioRpcError of RPC that terminated with:
	status = StatusCode.UNAVAILABLE
	details = "failed to connect to all addresses; last error: UNKNOWN: ipv4:127.0.0.1:50051: Failed to connect to remote host: Connection refused"
	debug_error_string = "UNAVAILABLE:failed to connect to all addresses; last error: UNKNOWN: ipv4:127.0.0.1:50051: Failed to connect to remote host: Connection refused"
>
2026-07-01 17:19:22,404 - Drone1.SimulationBackend - ERROR - Telemetry error: <AioRpcError of RPC that terminated with:
	status = StatusCode.UNAVAILABLE
	details = "failed to connect to all addresses; last error: UNKNOWN: ipv4:127.0.0.1:50051: Failed to connect to remote host: Connection refused"
	debug_error_string = "UNAVAILABLE:failed to connect to all addresses; last error: UNKNOWN: ipv4:127.0.0.1:50051: Failed to connect to remote host: Connection refused"
>
2026-07-01 17:19:23,407 - Drone1.SimulationBackend - ERROR - Telemetry error: <AioRpcError of RPC that terminated with:
	status = StatusCode.UNAVAILABLE
	details = "failed to connect to all addresses; last error: UNKNOWN: ipv4:127.0.0.1:50051: Failed to connect to remote host: Connection refused"
	debug_error_string = "UNAVAILABLE:failed to connect to all addresses; last error: UNKNOWN: ipv4:127.0.0.1:50051: Failed to connect to remote host: Connection refused"
>
2026-07-01 17:19:24,408 - Drone1.SimulationBackend - ERROR - Telemetry error: <AioRpcError of RPC that terminated with:
	status = StatusCode.UNAVAILABLE
	details = "failed to connect to all addresses; last error: UNKNOWN: ipv4:127.0.0.1:50051: Failed to connect to remote host: Connection refused"
	debug_error_string = "UNAVAILABLE:failed to connect to all addresses; last error: UNKNOWN: ipv4:127.0.0.1:50051: Failed to connect to remote host: Connection refused"
>
2026-07-01 17:19:25,409 - Drone1.SimulationBackend - ERROR - Telemetry error: <AioRpcError of RPC that terminated with:
	status = StatusCode.UNAVAILABLE
	details = "failed to connect to all addresses; last error: UNKNOWN: ipv6:%5B::1%5D:50051: Failed to connect to remote host: Connection refused"
	debug_error_string = "UNAVAILABLE:failed to connect to all addresses; last error: UNKNOWN: ipv6:%5B::1%5D:50051: Failed to connect to remote host: Connection refused"
>
2026-07-01 17:19:26,411 - Drone1.SimulationBackend - ERROR - Telemetry error: <AioRpcError of RPC that terminated with:
	status = StatusCode.UNAVAILABLE
	details = "failed to connect to all addresses; last error: UNKNOWN: ipv6:%5B::1%5D:50051: Failed to connect to remote host: Connection refused"
	debug_error_string = "UNAVAILABLE:failed to connect to all addresses; last error: UNKNOWN: ipv6:%5B::1%5D:50051: Failed to connect to remote host: Connection refused"
>
2026-07-01 17:19:27,414 - Drone1.SimulationBackend - ERROR - Telemetry error: <AioRpcError of RPC that terminated with:
	status = StatusCode.UNAVAILABLE
	details = "failed to connect to all addresses; last error: UNKNOWN: ipv6:%5B::1%5D:50051: Failed to connect to remote host: Connection refused"
	debug_error_string = "UNAVAILABLE:failed to connect to all addresses; last error: UNKNOWN: ipv6:%5B::1%5D:50051: Failed to connect to remote host: Connection refused"
>
2026-07-01 17:19:28,415 - Drone1.SimulationBackend - ERROR - Telemetry error: <AioRpcError of RPC that terminated with:
	status = StatusCode.UNAVAILABLE
	details = "failed to connect to all addresses; last error: UNKNOWN: ipv6:%5B::1%5D:50051: Failed to connect to remote host: Connection refused"
	debug_error_string = "UNAVAILABLE:failed to connect to all addresses; last error: UNKNOWN: ipv6:%5B::1%5D:50051: Failed to connect to remote host: Connection refused"
>
2026-07-01 17:19:29,416 - Drone1.SimulationBackend - ERROR - Telemetry error: <AioRpcError of RPC that terminated with:
	status = StatusCode.UNAVAILABLE
	details = "failed to connect to all addresses; last error: UNKNOWN: ipv6:%5B::1%5D:50051: Failed to connect to remote host: Connection refused"
	debug_error_string = "UNAVAILABLE:failed to connect to all addresses; last error: UNKNOWN: ipv6:%5B::1%5D:50051: Failed to connect to remote host: Connection refused"
>
2026-07-01 17:19:30,418 - Drone1.SimulationBackend - ERROR - Telemetry error: <AioRpcError of RPC that terminated with:
	status = StatusCode.UNAVAILABLE
	details = "failed to connect to all addresses; last error: UNKNOWN: ipv6:%5B::1%5D:50051: Failed to connect to remote host: Connection refused"
	debug_error_string = "UNAVAILABLE:failed to connect to all addresses; last error: UNKNOWN: ipv6:%5B::1%5D:50051: Failed to connect to remote host: Connection refused"
>
2026-07-01 17:19:31,419 - Drone1.SimulationBackend - ERROR - Telemetry error: <AioRpcError of RPC that terminated with:
	status = StatusCode.UNAVAILABLE
	details = "failed to connect to all addresses; last error: UNKNOWN: ipv6:%5B::1%5D:50051: Failed to connect to remote host: Connection refused"
	debug_error_string = "UNAVAILABLE:failed to connect to all addresses; last error: UNKNOWN: ipv6:%5B::1%5D:50051: Failed to connect to remote host: Connection refused"
>
2026-07-01 17:19:32,420 - Drone1.SimulationBackend - ERROR - Telemetry error: <AioRpcError of RPC that terminated with:
	status = StatusCode.UNAVAILABLE
	details = "failed to connect to all addresses; last error: UNKNOWN: ipv6:%5B::1%5D:50051: Failed to connect to remote host: Connection refused"
	debug_error_string = "UNAVAILABLE:failed to connect to all addresses; last error: UNKNOWN: ipv6:%5B::1%5D:50051: Failed to connect to remote host: Connection refused"
>
2026-07-01 17:19:33,421 - Drone1.SimulationBackend - ERROR - Telemetry error: <AioRpcError of RPC that terminated with:
	status = StatusCode.UNAVAILABLE
	details = "failed to connect to all addresses; last error: UNKNOWN: ipv6:%5B::1%5D:50051: Failed to connect to remote host: Connection refused"
	debug_error_string = "UNAVAILABLE:failed to connect to all addresses; last error: UNKNOWN: ipv6:%5B::1%5D:50051: Failed to connect to remote host: Connection refused"
>
2026-07-01 17:19:34,427 - Drone1.SimulationBackend - ERROR - Telemetry error: <AioRpcError of RPC that terminated with:
	status = StatusCode.UNAVAILABLE
	details = "failed to connect to all addresses; last error: UNKNOWN: ipv6:%5B::1%5D:50051: Failed to connect to remote host: Connection refused"
	debug_error_string = "UNAVAILABLE:failed to connect to all addresses; last error: UNKNOWN: ipv6:%5B::1%5D:50051: Failed to connect to remote host: Connection refused"
>
2026-07-01 17:19:35,428 - Drone1.SimulationBackend - ERROR - Telemetry error: <AioRpcError of RPC that terminated with:
	status = StatusCode.UNAVAILABLE
	details = "failed to connect to all addresses; last error: UNKNOWN: ipv6:%5B::1%5D:50051: Failed to connect to remote host: Connection refused"
	debug_error_string = "UNAVAILABLE:failed to connect to all addresses; last error: UNKNOWN: ipv6:%5B::1%5D:50051: Failed to connect to remote host: Connection refused"
>
2026-07-01 17:19:36,429 - Drone1.SimulationBackend - ERROR - Telemetry error: <AioRpcError of RPC that terminated with:
	status = StatusCode.UNAVAILABLE
	details = "failed to connect to all addresses; last error: UNKNOWN: ipv6:%5B::1%5D:50051: Failed to connect to remote host: Connection refused"
	debug_error_string = "UNAVAILABLE:failed to connect to all addresses; last error: UNKNOWN: ipv6:%5B::1%5D:50051: Failed to connect to remote host: Connection refused"
>
2026-07-01 17:19:37,430 - Drone1.SimulationBackend - ERROR - Telemetry error: <AioRpcError of RPC that terminated with:
	status = StatusCode.UNAVAILABLE
	details = "failed to connect to all addresses; last error: UNKNOWN: ipv6:%5B::1%5D:50051: Failed to connect to remote host: Connection refused"
	debug_error_string = "UNAVAILABLE:failed to connect to all addresses; last error: UNKNOWN: ipv6:%5B::1%5D:50051: Failed to connect to remote host: Connection refused"
>
2026-07-01 17:19:38,432 - Drone1.SimulationBackend - ERROR - Telemetry error: <AioRpcError of RPC that terminated with:
	status = StatusCode.UNAVAILABLE
	details = "failed to connect to all addresses; last error: UNKNOWN: ipv6:%5B::1%5D:50051: Failed to connect to remote host: Connection refused"
	debug_error_string = "UNAVAILABLE:failed to connect to all addresses; last error: UNKNOWN: ipv6:%5B::1%5D:50051: Failed to connect to remote host: Connection refused"
>
2026-07-01 17:19:39,434 - Drone1.SimulationBackend - ERROR - Telemetry error: <AioRpcError of RPC that terminated with:
	status = StatusCode.UNAVAILABLE
	details = "failed to connect to all addresses; last error: UNKNOWN: ipv6:%5B::1%5D:50051: Failed to connect to remote host: Connection refused"
	debug_error_string = "UNAVAILABLE:failed to connect to all addresses; last error: UNKNOWN: ipv6:%5B::1%5D:50051: Failed to connect to remote host: Connection refused"
>
2026-07-01 17:19:40,435 - Drone1.SimulationBackend - ERROR - Telemetry error: <AioRpcError of RPC that terminated with:
	status = StatusCode.UNAVAILABLE
	details = "failed to connect to all addresses; last error: UNKNOWN: ipv6:%5B::1%5D:50051: Failed to connect to remote host: Connection refused"
	debug_error_string = "UNAVAILABLE:failed to connect to all addresses; last error: UNKNOWN: ipv6:%5B::1%5D:50051: Failed to connect to remote host: Connection refused"
>
2026-07-01 17:19:41,436 - Drone1.SimulationBackend - ERROR - Telemetry error: <AioRpcError of RPC that terminated with:
	status = StatusCode.UNAVAILABLE
	details = "failed to connect to all addresses; last error: UNKNOWN: ipv4:127.0.0.1:50051: Failed to connect to remote host: Connection refused"
	debug_error_string = "UNAVAILABLE:failed to connect to all addresses; last error: UNKNOWN: ipv4:127.0.0.1:50051: Failed to connect to remote host: Connection refused"
>
2026-07-01 17:19:42,437 - Drone1.SimulationBackend - ERROR - Telemetry error: <AioRpcError of RPC that terminated with:
	status = StatusCode.UNAVAILABLE
	details = "failed to connect to all addresses; last error: UNKNOWN: ipv4:127.0.0.1:50051: Failed to connect to remote host: Connection refused"
	debug_error_string = "UNAVAILABLE:failed to connect to all addresses; last error: UNKNOWN: ipv4:127.0.0.1:50051: Failed to connect to remote host: Connection refused"
>
2026-07-01 17:19:43,439 - Drone1.SimulationBackend - ERROR - Telemetry error: <AioRpcError of RPC that terminated with:
	status = StatusCode.UNAVAILABLE
	details = "failed to connect to all addresses; last error: UNKNOWN: ipv4:127.0.0.1:50051: Failed to connect to remote host: Connection refused"
	debug_error_string = "UNAVAILABLE:failed to connect to all addresses; last error: UNKNOWN: ipv4:127.0.0.1:50051: Failed to connect to remote host: Connection refused"
>
2026-07-01 17:19:44,440 - Drone1.SimulationBackend - ERROR - Telemetry error: <AioRpcError of RPC that terminated with:
	status = StatusCode.UNAVAILABLE
	details = "failed to connect to all addresses; last error: UNKNOWN: ipv4:127.0.0.1:50051: Failed to connect to remote host: Connection refused"
	debug_error_string = "UNAVAILABLE:failed to connect to all addresses; last error: UNKNOWN: ipv4:127.0.0.1:50051: Failed to connect to remote host: Connection refused"
>
2026-07-01 17:19:45,441 - Drone1.SimulationBackend - ERROR - Telemetry error: <AioRpcError of RPC that terminated with:
	status = StatusCode.UNAVAILABLE
	details = "failed to connect to all addresses; last error: UNKNOWN: ipv4:127.0.0.1:50051: Failed to connect to remote host: Connection refused"
	debug_error_string = "UNAVAILABLE:failed to connect to all addresses; last error: UNKNOWN: ipv4:127.0.0.1:50051: Failed to connect to remote host: Connection refused"
>
2026-07-01 17:19:46,442 - Drone1.SimulationBackend - ERROR - Telemetry error: <AioRpcError of RPC that terminated with:
	status = StatusCode.UNAVAILABLE
	details = "failed to connect to all addresses; last error: UNKNOWN: ipv4:127.0.0.1:50051: Failed to connect to remote host: Connection refused"
	debug_error_string = "UNAVAILABLE:failed to connect to all addresses; last error: UNKNOWN: ipv4:127.0.0.1:50051: Failed to connect to remote host: Connection refused"
>
2026-07-01 17:19:47,444 - Drone1.SimulationBackend - ERROR - Telemetry error: <AioRpcError of RPC that terminated with:
	status = StatusCode.UNAVAILABLE
	details = "failed to connect to all addresses; last error: UNKNOWN: ipv4:127.0.0.1:50051: Failed to connect to remote host: Connection refused"
	debug_error_string = "UNAVAILABLE:failed to connect to all addresses; last error: UNKNOWN: ipv4:127.0.0.1:50051: Failed to connect to remote host: Connection refused"
>
2026-07-01 17:19:48,446 - Drone1.SimulationBackend - ERROR - Telemetry error: <AioRpcError of RPC that terminated with:
	status = StatusCode.UNAVAILABLE
	details = "failed to connect to all addresses; last error: UNKNOWN: ipv4:127.0.0.1:50051: Failed to connect to remote host: Connection refused"
	debug_error_string = "UNAVAILABLE:failed to connect to all addresses; last error: UNKNOWN: ipv4:127.0.0.1:50051: Failed to connect to remote host: Connection refused"
>
2026-07-01 17:19:49,447 - Drone1.SimulationBackend - ERROR - Telemetry error: <AioRpcError of RPC that terminated with:
	status = StatusCode.UNAVAILABLE
	details = "failed to connect to all addresses; last error: UNKNOWN: ipv4:127.0.0.1:50051: Failed to connect to remote host: Connection refused"
	debug_error_string = "UNAVAILABLE:failed to connect to all addresses; last error: UNKNOWN: ipv4:127.0.0.1:50051: Failed to connect to remote host: Connection refused"
>
2026-07-01 17:19:50,448 - Drone1.SimulationBackend - ERROR - Telemetry error: <AioRpcError of RPC that terminated with:
	status = StatusCode.UNAVAILABLE
	details = "failed to connect to all addresses; last error: UNKNOWN: ipv4:127.0.0.1:50051: Failed to connect to remote host: Connection refused"
	debug_error_string = "UNAVAILABLE:failed to connect to all addresses; last error: UNKNOWN: ipv4:127.0.0.1:50051: Failed to connect to remote host: Connection refused"
>
2026-07-01 17:19:51,449 - Drone1.SimulationBackend - ERROR - Telemetry error: <AioRpcError of RPC that terminated with:
	status = StatusCode.UNAVAILABLE
	details = "failed to connect to all addresses; last error: UNKNOWN: ipv4:127.0.0.1:50051: Failed to connect to remote host: Connection refused"
	debug_error_string = "UNAVAILABLE:failed to connect to all addresses; last error: UNKNOWN: ipv4:127.0.0.1:50051: Failed to connect to remote host: Connection refused"
>
2026-07-01 17:19:52,450 - Drone1.SimulationBackend - ERROR - Telemetry error: <AioRpcError of RPC that terminated with:
	status = StatusCode.UNAVAILABLE
	details = "failed to connect to all addresses; last error: UNKNOWN: ipv4:127.0.0.1:50051: Failed to connect to remote host: Connection refused"
	debug_error_string = "UNAVAILABLE:failed to connect to all addresses; last error: UNKNOWN: ipv4:127.0.0.1:50051: Failed to connect to remote host: Connection refused"
>
2026-07-01 17:19:53,451 - Drone1.SimulationBackend - ERROR - Telemetry error: <AioRpcError of RPC that terminated with:
	status = StatusCode.UNAVAILABLE
	details = "failed to connect to all addresses; last error: UNKNOWN: ipv4:127.0.0.1:50051: Failed to connect to remote host: Connection refused"
	debug_error_string = "UNAVAILABLE:failed to connect to all addresses; last error: UNKNOWN: ipv4:127.0.0.1:50051: Failed to connect to remote host: Connection refused"
>
2026-07-01 17:19:54,453 - Drone1.SimulationBackend - ERROR - Telemetry error: <AioRpcError of RPC that terminated with:
	status = StatusCode.UNAVAILABLE
	details = "failed to connect to all addresses; last error: UNKNOWN: ipv4:127.0.0.1:50051: Failed to connect to remote host: Connection refused"
	debug_error_string = "UNAVAILABLE:failed to connect to all addresses; last error: UNKNOWN: ipv4:127.0.0.1:50051: Failed to connect to remote host: Connection refused"
>
2026-07-01 17:19:55,454 - Drone1.SimulationBackend - ERROR - Telemetry error: <AioRpcError of RPC that terminated with:
	status = StatusCode.UNAVAILABLE
	details = "failed to connect to all addresses; last error: UNKNOWN: ipv6:%5B::1%5D:50051: Failed to connect to remote host: Connection refused"
	debug_error_string = "UNAVAILABLE:failed to connect to all addresses; last error: UNKNOWN: ipv6:%5B::1%5D:50051: Failed to connect to remote host: Connection refused"
>
2026-07-01 17:19:56,456 - Drone1.SimulationBackend - ERROR - Telemetry error: <AioRpcError of RPC that terminated with:
	status = StatusCode.UNAVAILABLE
	details = "failed to connect to all addresses; last error: UNKNOWN: ipv6:%5B::1%5D:50051: Failed to connect to remote host: Connection refused"
	debug_error_string = "UNAVAILABLE:failed to connect to all addresses; last error: UNKNOWN: ipv6:%5B::1%5D:50051: Failed to connect to remote host: Connection refused"
>
2026-07-01 17:19:57,459 - Drone1.SimulationBackend - ERROR - Telemetry error: <AioRpcError of RPC that terminated with:
	status = StatusCode.UNAVAILABLE
	details = "failed to connect to all addresses; last error: UNKNOWN: ipv6:%5B::1%5D:50051: Failed to connect to remote host: Connection refused"
	debug_error_string = "UNAVAILABLE:failed to connect to all addresses; last error: UNKNOWN: ipv6:%5B::1%5D:50051: Failed to connect to remote host: Connection refused"
>
2026-07-01 17:19:58,460 - Drone1.SimulationBackend - ERROR - Telemetry error: <AioRpcError of RPC that terminated with:
	status = StatusCode.UNAVAILABLE
	details = "failed to connect to all addresses; last error: UNKNOWN: ipv6:%5B::1%5D:50051: Failed to connect to remote host: Connection refused"
	debug_error_string = "UNAVAILABLE:failed to connect to all addresses; last error: UNKNOWN: ipv6:%5B::1%5D:50051: Failed to connect to remote host: Connection refused"
>
2026-07-01 17:19:59,461 - Drone1.SimulationBackend - ERROR - Telemetry error: <AioRpcError of RPC that terminated with:
	status = StatusCode.UNAVAILABLE
	details = "failed to connect to all addresses; last error: UNKNOWN: ipv6:%5B::1%5D:50051: Failed to connect to remote host: Connection refused"
	debug_error_string = "UNAVAILABLE:failed to connect to all addresses; last error: UNKNOWN: ipv6:%5B::1%5D:50051: Failed to connect to remote host: Connection refused"
>
2026-07-01 17:20:00,462 - Drone1.SimulationBackend - ERROR - Telemetry error: <AioRpcError of RPC that terminated with:
	status = StatusCode.UNAVAILABLE
	details = "failed to connect to all addresses; last error: UNKNOWN: ipv6:%5B::1%5D:50051: Failed to connect to remote host: Connection refused"
	debug_error_string = "UNAVAILABLE:failed to connect to all addresses; last error: UNKNOWN: ipv6:%5B::1%5D:50051: Failed to connect to remote host: Connection refused"
>
2026-07-01 17:20:01,463 - Drone1.SimulationBackend - ERROR - Telemetry error: <AioRpcError of RPC that terminated with:
	status = StatusCode.UNAVAILABLE
	details = "failed to connect to all addresses; last error: UNKNOWN: ipv6:%5B::1%5D:50051: Failed to connect to remote host: Connection refused"
	debug_error_string = "UNAVAILABLE:failed to connect to all addresses; last error: UNKNOWN: ipv6:%5B::1%5D:50051: Failed to connect to remote host: Connection refused"
>
2026-07-01 17:20:02,464 - Drone1.SimulationBackend - ERROR - Telemetry error: <AioRpcError of RPC that terminated with:
	status = StatusCode.UNAVAILABLE
	details = "failed to connect to all addresses; last error: UNKNOWN: ipv6:%5B::1%5D:50051: Failed to connect to remote host: Connection refused"
	debug_error_string = "UNAVAILABLE:failed to connect to all addresses; last error: UNKNOWN: ipv6:%5B::1%5D:50051: Failed to connect to remote host: Connection refused"
>
2026-07-01 17:20:03,466 - Drone1.SimulationBackend - ERROR - Telemetry error: <AioRpcError of RPC that terminated with:
	status = StatusCode.UNAVAILABLE
	details = "failed to connect to all addresses; last error: UNKNOWN: ipv6:%5B::1%5D:50051: Failed to connect to remote host: Connection refused"
	debug_error_string = "UNAVAILABLE:failed to connect to all addresses; last error: UNKNOWN: ipv6:%5B::1%5D:50051: Failed to connect to remote host: Connection refused"
>
2026-07-01 17:20:04,467 - Drone1.SimulationBackend - ERROR - Telemetry error: <AioRpcError of RPC that terminated with:
	status = StatusCode.UNAVAILABLE
	details = "failed to connect to all addresses; last error: UNKNOWN: ipv6:%5B::1%5D:50051: Failed to connect to remote host: Connection refused"
	debug_error_string = "UNAVAILABLE:failed to connect to all addresses; last error: UNKNOWN: ipv6:%5B::1%5D:50051: Failed to connect to remote host: Connection refused"
>
2026-07-01 17:20:05,468 - Drone1.SimulationBackend - ERROR - Telemetry error: <AioRpcError of RPC that terminated with:
	status = StatusCode.UNAVAILABLE
	details = "failed to connect to all addresses; last error: UNKNOWN: ipv6:%5B::1%5D:50051: Failed to connect to remote host: Connection refused"
	debug_error_string = "UNAVAILABLE:failed to connect to all addresses; last error: UNKNOWN: ipv6:%5B::1%5D:50051: Failed to connect to remote host: Connection refused"
>
2026-07-01 17:20:06,469 - Drone1.SimulationBackend - ERROR - Telemetry error: <AioRpcError of RPC that terminated with:
	status = StatusCode.UNAVAILABLE
	details = "failed to connect to all addresses; last error: UNKNOWN: ipv6:%5B::1%5D:50051: Failed to connect to remote host: Connection refused"
	debug_error_string = "UNAVAILABLE:failed to connect to all addresses; last error: UNKNOWN: ipv6:%5B::1%5D:50051: Failed to connect to remote host: Connection refused"
>
2026-07-01 17:20:07,470 - Drone1.SimulationBackend - ERROR - Telemetry error: <AioRpcError of RPC that terminated with:
	status = StatusCode.UNAVAILABLE
	details = "failed to connect to all addresses; last error: UNKNOWN: ipv6:%5B::1%5D:50051: Failed to connect to remote host: Connection refused"
	debug_error_string = "UNAVAILABLE:failed to connect to all addresses; last error: UNKNOWN: ipv6:%5B::1%5D:50051: Failed to connect to remote host: Connection refused"
>
2026-07-01 17:20:08,471 - Drone1.SimulationBackend - ERROR - Telemetry error: <AioRpcError of RPC that terminated with:
	status = StatusCode.UNAVAILABLE
	details = "failed to connect to all addresses; last error: UNKNOWN: ipv6:%5B::1%5D:50051: Failed to connect to remote host: Connection refused"
	debug_error_string = "UNAVAILABLE:failed to connect to all addresses; last error: UNKNOWN: ipv6:%5B::1%5D:50051: Failed to connect to remote host: Connection refused"
>
2026-07-01 17:20:09,472 - Drone1.SimulationBackend - ERROR - Telemetry error: <AioRpcError of RPC that terminated with:
	status = StatusCode.UNAVAILABLE
	details = "failed to connect to all addresses; last error: UNKNOWN: ipv6:%5B::1%5D:50051: Failed to connect to remote host: Connection refused"
	debug_error_string = "UNAVAILABLE:failed to connect to all addresses; last error: UNKNOWN: ipv6:%5B::1%5D:50051: Failed to connect to remote host: Connection refused"
>
2026-07-01 17:20:10,473 - Drone1.SimulationBackend - ERROR - Telemetry error: <AioRpcError of RPC that terminated with:
	status = StatusCode.UNAVAILABLE
	details = "failed to connect to all addresses; last error: UNKNOWN: ipv6:%5B::1%5D:50051: Failed to connect to remote host: Connection refused"
	debug_error_string = "UNAVAILABLE:failed to connect to all addresses; last error: UNKNOWN: ipv6:%5B::1%5D:50051: Failed to connect to remote host: Connection refused"
>
2026-07-01 17:20:11,475 - Drone1.SimulationBackend - ERROR - Telemetry error: <AioRpcError of RPC that terminated with:
	status = StatusCode.UNAVAILABLE
	details = "failed to connect to all addresses; last error: UNKNOWN: ipv6:%5B::1%5D:50051: Failed to connect to remote host: Connection refused"
	debug_error_string = "UNAVAILABLE:failed to connect to all addresses; last error: UNKNOWN: ipv6:%5B::1%5D:50051: Failed to connect to remote host: Connection refused"
>
2026-07-01 17:20:12,477 - Drone1.SimulationBackend - ERROR - Telemetry error: <AioRpcError of RPC that terminated with:
	status = StatusCode.UNAVAILABLE
	details = "failed to connect to all addresses; last error: UNKNOWN: ipv6:%5B::1%5D:50051: Failed to connect to remote host: Connection refused"
	debug_error_string = "UNAVAILABLE:failed to connect to all addresses; last error: UNKNOWN: ipv6:%5B::1%5D:50051: Failed to connect to remote host: Connection refused"
>
2026-07-01 17:20:13,478 - Drone1.SimulationBackend - ERROR - Telemetry error: <AioRpcError of RPC that terminated with:
	status = StatusCode.UNAVAILABLE
	details = "failed to connect to all addresses; last error: UNKNOWN: ipv6:%5B::1%5D:50051: Failed to connect to remote host: Connection refused"
	debug_error_string = "UNAVAILABLE:failed to connect to all addresses; last error: UNKNOWN: ipv6:%5B::1%5D:50051: Failed to connect to remote host: Connection refused"
>
2026-07-01 17:20:14,479 - Drone1.SimulationBackend - ERROR - Telemetry error: <AioRpcError of RPC that terminated with:
	status = StatusCode.UNAVAILABLE
	details = "failed to connect to all addresses; last error: UNKNOWN: ipv6:%5B::1%5D:50051: Failed to connect to remote host: Connection refused"
	debug_error_string = "UNAVAILABLE:failed to connect to all addresses; last error: UNKNOWN: ipv6:%5B::1%5D:50051: Failed to connect to remote host: Connection refused"
>
2026-07-01 17:20:15,480 - Drone1.SimulationBackend - ERROR - Telemetry error: <AioRpcError of RPC that terminated with:
	status = StatusCode.UNAVAILABLE
	details = "failed to connect to all addresses; last error: UNKNOWN: ipv6:%5B::1%5D:50051: Failed to connect to remote host: Connection refused"
	debug_error_string = "UNAVAILABLE:failed to connect to all addresses; last error: UNKNOWN: ipv6:%5B::1%5D:50051: Failed to connect to remote host: Connection refused"
>
2026-07-01 17:20:16,481 - Drone1.SimulationBackend - ERROR - Telemetry error: <AioRpcError of RPC that terminated with:
	status = StatusCode.UNAVAILABLE
	details = "failed to connect to all addresses; last error: UNKNOWN: ipv6:%5B::1%5D:50051: Failed to connect to remote host: Connection refused"
	debug_error_string = "UNAVAILABLE:failed to connect to all addresses; last error: UNKNOWN: ipv6:%5B::1%5D:50051: Failed to connect to remote host: Connection refused"
>
2026-07-01 17:20:17,483 - Drone1.SimulationBackend - ERROR - Telemetry error: <AioRpcError of RPC that terminated with:
	status = StatusCode.UNAVAILABLE
	details = "failed to connect to all addresses; last error: UNKNOWN: ipv6:%5B::1%5D:50051: Failed to connect to remote host: Connection refused"
	debug_error_string = "UNAVAILABLE:failed to connect to all addresses; last error: UNKNOWN: ipv6:%5B::1%5D:50051: Failed to connect to remote host: Connection refused"
>
2026-07-01 17:20:18,484 - Drone1.SimulationBackend - ERROR - Telemetry error: <AioRpcError of RPC that terminated with:
	status = StatusCode.UNAVAILABLE
	details = "failed to connect to all addresses; last error: UNKNOWN: ipv6:%5B::1%5D:50051: Failed to connect to remote host: Connection refused"
	debug_error_string = "UNAVAILABLE:failed to connect to all addresses; last error: UNKNOWN: ipv6:%5B::1%5D:50051: Failed to connect to remote host: Connection refused"
>
2026-07-01 17:20:19,486 - Drone1.SimulationBackend - ERROR - Telemetry error: <AioRpcError of RPC that terminated with:
	status = StatusCode.UNAVAILABLE
	details = "failed to connect to all addresses; last error: UNKNOWN: ipv6:%5B::1%5D:50051: Failed to connect to remote host: Connection refused"
	debug_error_string = "UNAVAILABLE:failed to connect to all addresses; last error: UNKNOWN: ipv6:%5B::1%5D:50051: Failed to connect to remote host: Connection refused"
>
2026-07-01 17:20:20,487 - Drone1.SimulationBackend - ERROR - Telemetry error: <AioRpcError of RPC that terminated with:
	status = StatusCode.UNAVAILABLE
	details = "failed to connect to all addresses; last error: UNKNOWN: ipv4:127.0.0.1:50051: Failed to connect to remote host: Connection refused"
	debug_error_string = "UNAVAILABLE:failed to connect to all addresses; last error: UNKNOWN: ipv4:127.0.0.1:50051: Failed to connect to remote host: Connection refused"
>
2026-07-01 17:20:21,488 - Drone1.SimulationBackend - ERROR - Telemetry error: <AioRpcError of RPC that terminated with:
	status = StatusCode.UNAVAILABLE
	details = "failed to connect to all addresses; last error: UNKNOWN: ipv4:127.0.0.1:50051: Failed to connect to remote host: Connection refused"
	debug_error_string = "UNAVAILABLE:failed to connect to all addresses; last error: UNKNOWN: ipv4:127.0.0.1:50051: Failed to connect to remote host: Connection refused"
>
2026-07-01 17:20:22,489 - Drone1.SimulationBackend - ERROR - Telemetry error: <AioRpcError of RPC that terminated with:
	status = StatusCode.UNAVAILABLE
	details = "failed to connect to all addresses; last error: UNKNOWN: ipv4:127.0.0.1:50051: Failed to connect to remote host: Connection refused"
	debug_error_string = "UNAVAILABLE:failed to connect to all addresses; last error: UNKNOWN: ipv4:127.0.0.1:50051: Failed to connect to remote host: Connection refused"
>
2026-07-01 17:20:23,490 - Drone1.SimulationBackend - ERROR - Telemetry error: <AioRpcError of RPC that terminated with:
	status = StatusCode.UNAVAILABLE
	details = "failed to connect to all addresses; last error: UNKNOWN: ipv4:127.0.0.1:50051: Failed to connect to remote host: Connection refused"
	debug_error_string = "UNAVAILABLE:failed to connect to all addresses; last error: UNKNOWN: ipv4:127.0.0.1:50051: Failed to connect to remote host: Connection refused"
>
2026-07-01 17:20:24,491 - Drone1.SimulationBackend - ERROR - Telemetry error: <AioRpcError of RPC that terminated with:
	status = StatusCode.UNAVAILABLE
	details = "failed to connect to all addresses; last error: UNKNOWN: ipv4:127.0.0.1:50051: Failed to connect to remote host: Connection refused"
	debug_error_string = "UNAVAILABLE:failed to connect to all addresses; last error: UNKNOWN: ipv4:127.0.0.1:50051: Failed to connect to remote host: Connection refused"
>
2026-07-01 17:20:25,492 - Drone1.SimulationBackend - ERROR - Telemetry error: <AioRpcError of RPC that terminated with:
	status = StatusCode.UNAVAILABLE
	details = "failed to connect to all addresses; last error: UNKNOWN: ipv6:%5B::1%5D:50051: Failed to connect to remote host: Connection refused"
	debug_error_string = "UNAVAILABLE:failed to connect to all addresses; last error: UNKNOWN: ipv6:%5B::1%5D:50051: Failed to connect to remote host: Connection refused"
>
2026-07-01 17:20:26,493 - Drone1.SimulationBackend - ERROR - Telemetry error: <AioRpcError of RPC that terminated with:
	status = StatusCode.UNAVAILABLE
	details = "failed to connect to all addresses; last error: UNKNOWN: ipv6:%5B::1%5D:50051: Failed to connect to remote host: Connection refused"
	debug_error_string = "UNAVAILABLE:failed to connect to all addresses; last error: UNKNOWN: ipv6:%5B::1%5D:50051: Failed to connect to remote host: Connection refused"
>
2026-07-01 17:20:27,495 - Drone1.SimulationBackend - ERROR - Telemetry error: <AioRpcError of RPC that terminated with:
	status = StatusCode.UNAVAILABLE
	details = "failed to connect to all addresses; last error: UNKNOWN: ipv6:%5B::1%5D:50051: Failed to connect to remote host: Connection refused"
	debug_error_string = "UNAVAILABLE:failed to connect to all addresses; last error: UNKNOWN: ipv6:%5B::1%5D:50051: Failed to connect to remote host: Connection refused"
>
2026-07-01 17:20:28,496 - Drone1.SimulationBackend - ERROR - Telemetry error: <AioRpcError of RPC that terminated with:
	status = StatusCode.UNAVAILABLE
	details = "failed to connect to all addresses; last error: UNKNOWN: ipv6:%5B::1%5D:50051: Failed to connect to remote host: Connection refused"
	debug_error_string = "UNAVAILABLE:failed to connect to all addresses; last error: UNKNOWN: ipv6:%5B::1%5D:50051: Failed to connect to remote host: Connection refused"
>
2026-07-01 17:20:29,497 - Drone1.SimulationBackend - ERROR - Telemetry error: <AioRpcError of RPC that terminated with:
	status = StatusCode.UNAVAILABLE
	details = "failed to connect to all addresses; last error: UNKNOWN: ipv6:%5B::1%5D:50051: Failed to connect to remote host: Connection refused"
	debug_error_string = "UNAVAILABLE:failed to connect to all addresses; last error: UNKNOWN: ipv6:%5B::1%5D:50051: Failed to connect to remote host: Connection refused"
>
2026-07-01 17:20:30,498 - Drone1.SimulationBackend - ERROR - Telemetry error: <AioRpcError of RPC that terminated with:
	status = StatusCode.UNAVAILABLE
	details = "failed to connect to all addresses; last error: UNKNOWN: ipv6:%5B::1%5D:50051: Failed to connect to remote host: Connection refused"
	debug_error_string = "UNAVAILABLE:failed to connect to all addresses; last error: UNKNOWN: ipv6:%5B::1%5D:50051: Failed to connect to remote host: Connection refused"
>
2026-07-01 17:20:31,499 - Drone1.SimulationBackend - ERROR - Telemetry error: <AioRpcError of RPC that terminated with:
	status = StatusCode.UNAVAILABLE
	details = "failed to connect to all addresses; last error: UNKNOWN: ipv6:%5B::1%5D:50051: Failed to connect to remote host: Connection refused"
	debug_error_string = "UNAVAILABLE:failed to connect to all addresses; last error: UNKNOWN: ipv6:%5B::1%5D:50051: Failed to connect to remote host: Connection refused"
>
2026-07-01 17:20:32,500 - Drone1.SimulationBackend - ERROR - Telemetry error: <AioRpcError of RPC that terminated with:
	status = StatusCode.UNAVAILABLE
	details = "failed to connect to all addresses; last error: UNKNOWN: ipv6:%5B::1%5D:50051: Failed to connect to remote host: Connection refused"
	debug_error_string = "UNAVAILABLE:failed to connect to all addresses; last error: UNKNOWN: ipv6:%5B::1%5D:50051: Failed to connect to remote host: Connection refused"
>
2026-07-01 17:20:33,502 - Drone1.SimulationBackend - ERROR - Telemetry error: <AioRpcError of RPC that terminated with:
	status = StatusCode.UNAVAILABLE
	details = "failed to connect to all addresses; last error: UNKNOWN: ipv6:%5B::1%5D:50051: Failed to connect to remote host: Connection refused"
	debug_error_string = "UNAVAILABLE:failed to connect to all addresses; last error: UNKNOWN: ipv6:%5B::1%5D:50051: Failed to connect to remote host: Connection refused"
>
2026-07-01 17:20:34,503 - Drone1.SimulationBackend - ERROR - Telemetry error: <AioRpcError of RPC that terminated with:
	status = StatusCode.UNAVAILABLE
	details = "failed to connect to all addresses; last error: UNKNOWN: ipv6:%5B::1%5D:50051: Failed to connect to remote host: Connection refused"
	debug_error_string = "UNAVAILABLE:failed to connect to all addresses; last error: UNKNOWN: ipv6:%5B::1%5D:50051: Failed to connect to remote host: Connection refused"
>
2026-07-01 17:20:35,504 - Drone1.SimulationBackend - ERROR - Telemetry error: <AioRpcError of RPC that terminated with:
	status = StatusCode.UNAVAILABLE
	details = "failed to connect to all addresses; last error: UNKNOWN: ipv6:%5B::1%5D:50051: Failed to connect to remote host: Connection refused"
	debug_error_string = "UNAVAILABLE:failed to connect to all addresses; last error: UNKNOWN: ipv6:%5B::1%5D:50051: Failed to connect to remote host: Connection refused"
>
2026-07-01 17:20:36,505 - Drone1.SimulationBackend - ERROR - Telemetry error: <AioRpcError of RPC that terminated with:
	status = StatusCode.UNAVAILABLE
	details = "failed to connect to all addresses; last error: UNKNOWN: ipv6:%5B::1%5D:50051: Failed to connect to remote host: Connection refused"
	debug_error_string = "UNAVAILABLE:failed to connect to all addresses; last error: UNKNOWN: ipv6:%5B::1%5D:50051: Failed to connect to remote host: Connection refused"
>
2026-07-01 17:20:37,507 - Drone1.SimulationBackend - ERROR - Telemetry error: <AioRpcError of RPC that terminated with:
	status = StatusCode.UNAVAILABLE
	details = "failed to connect to all addresses; last error: UNKNOWN: ipv6:%5B::1%5D:50051: Failed to connect to remote host: Connection refused"
	debug_error_string = "UNAVAILABLE:failed to connect to all addresses; last error: UNKNOWN: ipv6:%5B::1%5D:50051: Failed to connect to remote host: Connection refused"
>
2026-07-01 17:20:38,508 - Drone1.SimulationBackend - ERROR - Telemetry error: <AioRpcError of RPC that terminated with:
	status = StatusCode.UNAVAILABLE
	details = "failed to connect to all addresses; last error: UNKNOWN: ipv6:%5B::1%5D:50051: Failed to connect to remote host: Connection refused"
	debug_error_string = "UNAVAILABLE:failed to connect to all addresses; last error: UNKNOWN: ipv6:%5B::1%5D:50051: Failed to connect to remote host: Connection refused"
>
2026-07-01 17:20:39,509 - Drone1.SimulationBackend - ERROR - Telemetry error: <AioRpcError of RPC that terminated with:
	status = StatusCode.UNAVAILABLE
	details = "failed to connect to all addresses; last error: UNKNOWN: ipv6:%5B::1%5D:50051: Failed to connect to remote host: Connection refused"
	debug_error_string = "UNAVAILABLE:failed to connect to all addresses; last error: UNKNOWN: ipv6:%5B::1%5D:50051: Failed to connect to remote host: Connection refused"
>
2026-07-01 17:20:40,510 - Drone1.SimulationBackend - ERROR - Telemetry error: <AioRpcError of RPC that terminated with:
	status = StatusCode.UNAVAILABLE
	details = "failed to connect to all addresses; last error: UNKNOWN: ipv6:%5B::1%5D:50051: Failed to connect to remote host: Connection refused"
	debug_error_string = "UNAVAILABLE:failed to connect to all addresses; last error: UNKNOWN: ipv6:%5B::1%5D:50051: Failed to connect to remote host: Connection refused"
>
2026-07-01 17:20:41,512 - Drone1.SimulationBackend - ERROR - Telemetry error: <AioRpcError of RPC that terminated with:
	status = StatusCode.UNAVAILABLE
	details = "failed to connect to all addresses; last error: UNKNOWN: ipv6:%5B::1%5D:50051: Failed to connect to remote host: Connection refused"
	debug_error_string = "UNAVAILABLE:failed to connect to all addresses; last error: UNKNOWN: ipv6:%5B::1%5D:50051: Failed to connect to remote host: Connection refused"
>
2026-07-01 17:20:42,515 - Drone1.SimulationBackend - ERROR - Telemetry error: <AioRpcError of RPC that terminated with:
	status = StatusCode.UNAVAILABLE
	details = "failed to connect to all addresses; last error: UNKNOWN: ipv6:%5B::1%5D:50051: Failed to connect to remote host: Connection refused"
	debug_error_string = "UNAVAILABLE:failed to connect to all addresses; last error: UNKNOWN: ipv6:%5B::1%5D:50051: Failed to connect to remote host: Connection refused"
>
2026-07-01 17:20:43,516 - Drone1.SimulationBackend - ERROR - Telemetry error: <AioRpcError of RPC that terminated with:
	status = StatusCode.UNAVAILABLE
	details = "failed to connect to all addresses; last error: UNKNOWN: ipv6:%5B::1%5D:50051: Failed to connect to remote host: Connection refused"
	debug_error_string = "UNAVAILABLE:failed to connect to all addresses; last error: UNKNOWN: ipv6:%5B::1%5D:50051: Failed to connect to remote host: Connection refused"
>
2026-07-01 17:20:44,517 - Drone1.SimulationBackend - ERROR - Telemetry error: <AioRpcError of RPC that terminated with:
	status = StatusCode.UNAVAILABLE
	details = "failed to connect to all addresses; last error: UNKNOWN: ipv6:%5B::1%5D:50051: Failed to connect to remote host: Connection refused"
	debug_error_string = "UNAVAILABLE:failed to connect to all addresses; last error: UNKNOWN: ipv6:%5B::1%5D:50051: Failed to connect to remote host: Connection refused"
>
2026-07-01 17:20:45,519 - Drone1.SimulationBackend - ERROR - Telemetry error: <AioRpcError of RPC that terminated with:
	status = StatusCode.UNAVAILABLE
	details = "failed to connect to all addresses; last error: UNKNOWN: ipv6:%5B::1%5D:50051: Failed to connect to remote host: Connection refused"
	debug_error_string = "UNAVAILABLE:failed to connect to all addresses; last error: UNKNOWN: ipv6:%5B::1%5D:50051: Failed to connect to remote host: Connection refused"
>
2026-07-01 17:20:46,520 - Drone1.SimulationBackend - ERROR - Telemetry error: <AioRpcError of RPC that terminated with:
	status = StatusCode.UNAVAILABLE
	details = "failed to connect to all addresses; last error: UNKNOWN: ipv6:%5B::1%5D:50051: Failed to connect to remote host: Connection refused"
	debug_error_string = "UNAVAILABLE:failed to connect to all addresses; last error: UNKNOWN: ipv6:%5B::1%5D:50051: Failed to connect to remote host: Connection refused"
>
2026-07-01 17:20:47,522 - Drone1.SimulationBackend - ERROR - Telemetry error: <AioRpcError of RPC that terminated with:
	status = StatusCode.UNAVAILABLE
	details = "failed to connect to all addresses; last error: UNKNOWN: ipv6:%5B::1%5D:50051: Failed to connect to remote host: Connection refused"
	debug_error_string = "UNAVAILABLE:failed to connect to all addresses; last error: UNKNOWN: ipv6:%5B::1%5D:50051: Failed to connect to remote host: Connection refused"
>
2026-07-01 17:20:48,523 - Drone1.SimulationBackend - ERROR - Telemetry error: <AioRpcError of RPC that terminated with:
	status = StatusCode.UNAVAILABLE
	details = "failed to connect to all addresses; last error: UNKNOWN: ipv6:%5B::1%5D:50051: Failed to connect to remote host: Connection refused"
	debug_error_string = "UNAVAILABLE:failed to connect to all addresses; last error: UNKNOWN: ipv6:%5B::1%5D:50051: Failed to connect to remote host: Connection refused"
>
2026-07-01 17:20:49,524 - Drone1.SimulationBackend - ERROR - Telemetry error: <AioRpcError of RPC that terminated with:
	status = StatusCode.UNAVAILABLE
	details = "failed to connect to all addresses; last error: UNKNOWN: ipv6:%5B::1%5D:50051: Failed to connect to remote host: Connection refused"
	debug_error_string = "UNAVAILABLE:failed to connect to all addresses; last error: UNKNOWN: ipv6:%5B::1%5D:50051: Failed to connect to remote host: Connection refused"
>
2026-07-01 17:20:50,525 - Drone1.SimulationBackend - ERROR - Telemetry error: <AioRpcError of RPC that terminated with:
	status = StatusCode.UNAVAILABLE
	details = "failed to connect to all addresses; last error: UNKNOWN: ipv6:%5B::1%5D:50051: Failed to connect to remote host: Connection refused"
	debug_error_string = "UNAVAILABLE:failed to connect to all addresses; last error: UNKNOWN: ipv6:%5B::1%5D:50051: Failed to connect to remote host: Connection refused"
>
2026-07-01 17:20:51,526 - Drone1.SimulationBackend - ERROR - Telemetry error: <AioRpcError of RPC that terminated with:
	status = StatusCode.UNAVAILABLE
	details = "failed to connect to all addresses; last error: UNKNOWN: ipv6:%5B::1%5D:50051: Failed to connect to remote host: Connection refused"
	debug_error_string = "UNAVAILABLE:failed to connect to all addresses; last error: UNKNOWN: ipv6:%5B::1%5D:50051: Failed to connect to remote host: Connection refused"
>
2026-07-01 17:20:52,528 - Drone1.SimulationBackend - ERROR - Telemetry error: <AioRpcError of RPC that terminated with:
	status = StatusCode.UNAVAILABLE
	details = "failed to connect to all addresses; last error: UNKNOWN: ipv6:%5B::1%5D:50051: Failed to connect to remote host: Connection refused"
	debug_error_string = "UNAVAILABLE:failed to connect to all addresses; last error: UNKNOWN: ipv6:%5B::1%5D:50051: Failed to connect to remote host: Connection refused"
>
2026-07-01 17:20:53,529 - Drone1.SimulationBackend - ERROR - Telemetry error: <AioRpcError of RPC that terminated with:
	status = StatusCode.UNAVAILABLE
	details = "failed to connect to all addresses; last error: UNKNOWN: ipv6:%5B::1%5D:50051: Failed to connect to remote host: Connection refused"
	debug_error_string = "UNAVAILABLE:failed to connect to all addresses; last error: UNKNOWN: ipv6:%5B::1%5D:50051: Failed to connect to remote host: Connection refused"
>
2026-07-01 17:20:54,530 - Drone1.SimulationBackend - ERROR - Telemetry error: <AioRpcError of RPC that terminated with:
	status = StatusCode.UNAVAILABLE
	details = "failed to connect to all addresses; last error: UNKNOWN: ipv6:%5B::1%5D:50051: Failed to connect to remote host: Connection refused"
	debug_error_string = "UNAVAILABLE:failed to connect to all addresses; last error: UNKNOWN: ipv6:%5B::1%5D:50051: Failed to connect to remote host: Connection refused"
>
2026-07-01 17:20:55,531 - Drone1.SimulationBackend - ERROR - Telemetry error: <AioRpcError of RPC that terminated with:
	status = StatusCode.UNAVAILABLE
	details = "failed to connect to all addresses; last error: UNKNOWN: ipv6:%5B::1%5D:50051: Failed to connect to remote host: Connection refused"
	debug_error_string = "UNAVAILABLE:failed to connect to all addresses; last error: UNKNOWN: ipv6:%5B::1%5D:50051: Failed to connect to remote host: Connection refused"
>
2026-07-01 17:20:56,533 - Drone1.SimulationBackend - ERROR - Telemetry error: <AioRpcError of RPC that terminated with:
	status = StatusCode.UNAVAILABLE
	details = "failed to connect to all addresses; last error: UNKNOWN: ipv6:%5B::1%5D:50051: Failed to connect to remote host: Connection refused"
	debug_error_string = "UNAVAILABLE:failed to connect to all addresses; last error: UNKNOWN: ipv6:%5B::1%5D:50051: Failed to connect to remote host: Connection refused"
>
2026-07-01 17:20:57,534 - Drone1.SimulationBackend - ERROR - Telemetry error: <AioRpcError of RPC that terminated with:
	status = StatusCode.UNAVAILABLE
	details = "failed to connect to all addresses; last error: UNKNOWN: ipv6:%5B::1%5D:50051: Failed to connect to remote host: Connection refused"
	debug_error_string = "UNAVAILABLE:failed to connect to all addresses; last error: UNKNOWN: ipv6:%5B::1%5D:50051: Failed to connect to remote host: Connection refused"
>
2026-07-01 17:20:58,535 - Drone1.SimulationBackend - ERROR - Telemetry error: <AioRpcError of RPC that terminated with:
	status = StatusCode.UNAVAILABLE
	details = "failed to connect to all addresses; last error: UNKNOWN: ipv6:%5B::1%5D:50051: Failed to connect to remote host: Connection refused"
	debug_error_string = "UNAVAILABLE:failed to connect to all addresses; last error: UNKNOWN: ipv6:%5B::1%5D:50051: Failed to connect to remote host: Connection refused"
>
2026-07-01 17:20:59,536 - Drone1.SimulationBackend - ERROR - Telemetry error: <AioRpcError of RPC that terminated with:
	status = StatusCode.UNAVAILABLE
	details = "failed to connect to all addresses; last error: UNKNOWN: ipv6:%5B::1%5D:50051: Failed to connect to remote host: Connection refused"
	debug_error_string = "UNAVAILABLE:failed to connect to all addresses; last error: UNKNOWN: ipv6:%5B::1%5D:50051: Failed to connect to remote host: Connection refused"
>
2026-07-01 17:21:00,537 - Drone1.SimulationBackend - ERROR - Telemetry error: <AioRpcError of RPC that terminated with:
	status = StatusCode.UNAVAILABLE
	details = "failed to connect to all addresses; last error: UNKNOWN: ipv6:%5B::1%5D:50051: Failed to connect to remote host: Connection refused"
	debug_error_string = "UNAVAILABLE:failed to connect to all addresses; last error: UNKNOWN: ipv6:%5B::1%5D:50051: Failed to connect to remote host: Connection refused"
>
2026-07-01 17:21:01,539 - Drone1.SimulationBackend - ERROR - Telemetry error: <AioRpcError of RPC that terminated with:
	status = StatusCode.UNAVAILABLE
	details = "failed to connect to all addresses; last error: UNKNOWN: ipv6:%5B::1%5D:50051: Failed to connect to remote host: Connection refused"
	debug_error_string = "UNAVAILABLE:failed to connect to all addresses; last error: UNKNOWN: ipv6:%5B::1%5D:50051: Failed to connect to remote host: Connection refused"
>
2026-07-01 17:21:02,540 - Drone1.SimulationBackend - ERROR - Telemetry error: <AioRpcError of RPC that terminated with:
	status = StatusCode.UNAVAILABLE
	details = "failed to connect to all addresses; last error: UNKNOWN: ipv6:%5B::1%5D:50051: Failed to connect to remote host: Connection refused"
	debug_error_string = "UNAVAILABLE:failed to connect to all addresses; last error: UNKNOWN: ipv6:%5B::1%5D:50051: Failed to connect to remote host: Connection refused"
>
2026-07-01 17:21:03,541 - Drone1.SimulationBackend - ERROR - Telemetry error: <AioRpcError of RPC that terminated with:
	status = StatusCode.UNAVAILABLE
	details = "failed to connect to all addresses; last error: UNKNOWN: ipv6:%5B::1%5D:50051: Failed to connect to remote host: Connection refused"
	debug_error_string = "UNAVAILABLE:failed to connect to all addresses; last error: UNKNOWN: ipv6:%5B::1%5D:50051: Failed to connect to remote host: Connection refused"
>
2026-07-01 17:21:04,542 - Drone1.SimulationBackend - ERROR - Telemetry error: <AioRpcError of RPC that terminated with:
	status = StatusCode.UNAVAILABLE
	details = "failed to connect to all addresses; last error: UNKNOWN: ipv6:%5B::1%5D:50051: Failed to connect to remote host: Connection refused"
	debug_error_string = "UNAVAILABLE:failed to connect to all addresses; last error: UNKNOWN: ipv6:%5B::1%5D:50051: Failed to connect to remote host: Connection refused"
>
2026-07-01 17:21:05,543 - Drone1.SimulationBackend - ERROR - Telemetry error: <AioRpcError of RPC that terminated with:
	status = StatusCode.UNAVAILABLE
	details = "failed to connect to all addresses; last error: UNKNOWN: ipv6:%5B::1%5D:50051: Failed to connect to remote host: Connection refused"
	debug_error_string = "UNAVAILABLE:failed to connect to all addresses; last error: UNKNOWN: ipv6:%5B::1%5D:50051: Failed to connect to remote host: Connection refused"
>
2026-07-01 17:21:06,544 - Drone1.SimulationBackend - ERROR - Telemetry error: <AioRpcError of RPC that terminated with:
	status = StatusCode.UNAVAILABLE
	details = "failed to connect to all addresses; last error: UNKNOWN: ipv6:%5B::1%5D:50051: Failed to connect to remote host: Connection refused"
	debug_error_string = "UNAVAILABLE:failed to connect to all addresses; last error: UNKNOWN: ipv6:%5B::1%5D:50051: Failed to connect to remote host: Connection refused"
>
2026-07-01 17:21:07,546 - Drone1.SimulationBackend - ERROR - Telemetry error: <AioRpcError of RPC that terminated with:
	status = StatusCode.UNAVAILABLE
	details = "failed to connect to all addresses; last error: UNKNOWN: ipv6:%5B::1%5D:50051: Failed to connect to remote host: Connection refused"
	debug_error_string = "UNAVAILABLE:failed to connect to all addresses; last error: UNKNOWN: ipv6:%5B::1%5D:50051: Failed to connect to remote host: Connection refused"
>
2026-07-01 17:21:08,547 - Drone1.SimulationBackend - ERROR - Telemetry error: <AioRpcError of RPC that terminated with:
	status = StatusCode.UNAVAILABLE
	details = "failed to connect to all addresses; last error: UNKNOWN: ipv6:%5B::1%5D:50051: Failed to connect to remote host: Connection refused"
	debug_error_string = "UNAVAILABLE:failed to connect to all addresses; last error: UNKNOWN: ipv6:%5B::1%5D:50051: Failed to connect to remote host: Connection refused"
>
2026-07-01 17:21:08,821 - Drone1 - INFO - Logger initialized for drone 1
2026-07-01 17:21:08,822 - Drone1 - INFO - BackendFactory: Creating SimulationBackend
2026-07-01 17:21:08,822 - Drone1.Communication - INFO - Communication initialized on 0.0.0.0:14560
2026-07-01 17:21:08,823 - Drone1.StateMachine - INFO - StateMachine initialized
2026-07-01 17:21:08,823 - Drone1 - INFO - DroneAgent initialized
2026-07-01 17:21:08,823 - Drone1 - INFO - Starting DroneAgent...
2026-07-01 17:21:08,823 - Drone1.SimulationBackend - INFO - Starting SimulationBackend...
2026-07-01 17:21:08,824 - Drone1.SimulationBackend - INFO - Connecting to SITL simulation via udpin://0.0.0.0:14540 (Attempt 1/5)
2026-07-01 17:21:09,548 - Drone1.SimulationBackend - ERROR - Telemetry error: <AioRpcError of RPC that terminated with:
	status = StatusCode.UNAVAILABLE
	details = "failed to connect to all addresses; last error: UNKNOWN: ipv6:%5B::1%5D:50051: Failed to connect to remote host: Connection refused"
	debug_error_string = "UNAVAILABLE:failed to connect to all addresses; last error: UNKNOWN: ipv6:%5B::1%5D:50051: Failed to connect to remote host: Connection refused"
>
2026-07-01 17:21:10,549 - Drone1.SimulationBackend - ERROR - Telemetry error: <AioRpcError of RPC that terminated with:
	status = StatusCode.UNAVAILABLE
	details = "failed to connect to all addresses; last error: UNKNOWN: ipv6:%5B::1%5D:50051: Failed to connect to remote host: Connection refused"
	debug_error_string = "UNAVAILABLE:failed to connect to all addresses; last error: UNKNOWN: ipv6:%5B::1%5D:50051: Failed to connect to remote host: Connection refused"
>
2026-07-01 17:21:11,550 - Drone1.SimulationBackend - ERROR - Telemetry error: <AioRpcError of RPC that terminated with:
	status = StatusCode.UNAVAILABLE
	details = "failed to connect to all addresses; last error: UNKNOWN: ipv6:%5B::1%5D:50051: Failed to connect to remote host: Connection refused"
	debug_error_string = "UNAVAILABLE:failed to connect to all addresses; last error: UNKNOWN: ipv6:%5B::1%5D:50051: Failed to connect to remote host: Connection refused"
>
2026-07-01 17:21:12,551 - Drone1.SimulationBackend - ERROR - Telemetry error: <AioRpcError of RPC that terminated with:
	status = StatusCode.UNAVAILABLE
	details = "failed to connect to all addresses; last error: UNKNOWN: ipv6:%5B::1%5D:50051: Failed to connect to remote host: Connection refused"
	debug_error_string = "UNAVAILABLE:failed to connect to all addresses; last error: UNKNOWN: ipv6:%5B::1%5D:50051: Failed to connect to remote host: Connection refused"
>
2026-07-01 17:21:13,552 - Drone1.SimulationBackend - ERROR - Telemetry error: <AioRpcError of RPC that terminated with:
	status = StatusCode.UNAVAILABLE
	details = "failed to connect to all addresses; last error: UNKNOWN: ipv6:%5B::1%5D:50051: Failed to connect to remote host: Connection refused"
	debug_error_string = "UNAVAILABLE:failed to connect to all addresses; last error: UNKNOWN: ipv6:%5B::1%5D:50051: Failed to connect to remote host: Connection refused"
>
2026-07-01 17:21:13,829 - Drone1.SimulationBackend - WARNING - Connection attempt 1 timed out.
2026-07-01 17:21:14,554 - Drone1.SimulationBackend - ERROR - Telemetry error: <AioRpcError of RPC that terminated with:
	status = StatusCode.UNAVAILABLE
	details = "failed to connect to all addresses; last error: UNKNOWN: ipv6:%5B::1%5D:50051: Failed to connect to remote host: Connection refused"
	debug_error_string = "UNAVAILABLE:failed to connect to all addresses; last error: UNKNOWN: ipv6:%5B::1%5D:50051: Failed to connect to remote host: Connection refused"
>
2026-07-01 17:21:15,555 - Drone1.SimulationBackend - ERROR - Telemetry error: <AioRpcError of RPC that terminated with:
	status = StatusCode.UNAVAILABLE
	details = "failed to connect to all addresses; last error: UNKNOWN: ipv6:%5B::1%5D:50051: Failed to connect to remote host: Connection refused"
	debug_error_string = "UNAVAILABLE:failed to connect to all addresses; last error: UNKNOWN: ipv6:%5B::1%5D:50051: Failed to connect to remote host: Connection refused"
>
2026-07-01 17:21:15,832 - Drone1.SimulationBackend - INFO - Connecting to SITL simulation via udpin://0.0.0.0:14540 (Attempt 2/5)
2026-07-01 17:21:16,557 - Drone1.SimulationBackend - ERROR - Telemetry error: <AioRpcError of RPC that terminated with:
	status = StatusCode.UNAVAILABLE
	details = "failed to connect to all addresses; last error: UNKNOWN: ipv6:%5B::1%5D:50051: Failed to connect to remote host: Connection refused"
	debug_error_string = "UNAVAILABLE:failed to connect to all addresses; last error: UNKNOWN: ipv6:%5B::1%5D:50051: Failed to connect to remote host: Connection refused"
>
2026-07-01 17:21:17,558 - Drone1.SimulationBackend - ERROR - Telemetry error: <AioRpcError of RPC that terminated with:
	status = StatusCode.UNAVAILABLE
	details = "failed to connect to all addresses; last error: UNKNOWN: ipv6:%5B::1%5D:50051: Failed to connect to remote host: Connection refused"
	debug_error_string = "UNAVAILABLE:failed to connect to all addresses; last error: UNKNOWN: ipv6:%5B::1%5D:50051: Failed to connect to remote host: Connection refused"
>
2026-07-01 17:21:18,560 - Drone1.SimulationBackend - ERROR - Telemetry error: <AioRpcError of RPC that terminated with:
	status = StatusCode.UNAVAILABLE
	details = "failed to connect to all addresses; last error: UNKNOWN: ipv6:%5B::1%5D:50051: Failed to connect to remote host: Connection refused"
	debug_error_string = "UNAVAILABLE:failed to connect to all addresses; last error: UNKNOWN: ipv6:%5B::1%5D:50051: Failed to connect to remote host: Connection refused"
>
2026-07-01 17:21:19,561 - Drone1.SimulationBackend - ERROR - Telemetry error: <AioRpcError of RPC that terminated with:
	status = StatusCode.UNAVAILABLE
	details = "failed to connect to all addresses; last error: UNKNOWN: ipv6:%5B::1%5D:50051: Failed to connect to remote host: Connection refused"
	debug_error_string = "UNAVAILABLE:failed to connect to all addresses; last error: UNKNOWN: ipv6:%5B::1%5D:50051: Failed to connect to remote host: Connection refused"
>
2026-07-01 17:21:20,563 - Drone1.SimulationBackend - ERROR - Telemetry error: <AioRpcError of RPC that terminated with:
	status = StatusCode.UNAVAILABLE
	details = "failed to connect to all addresses; last error: UNKNOWN: ipv6:%5B::1%5D:50051: Failed to connect to remote host: Connection refused"
	debug_error_string = "UNAVAILABLE:failed to connect to all addresses; last error: UNKNOWN: ipv6:%5B::1%5D:50051: Failed to connect to remote host: Connection refused"
>
2026-07-01 17:21:20,837 - Drone1.SimulationBackend - WARNING - Connection attempt 2 timed out.
2026-07-01 17:21:21,564 - Drone1.SimulationBackend - ERROR - Telemetry error: <AioRpcError of RPC that terminated with:
	status = StatusCode.UNAVAILABLE
	details = "failed to connect to all addresses; last error: UNKNOWN: ipv4:127.0.0.1:50051: Failed to connect to remote host: Connection refused"
	debug_error_string = "UNAVAILABLE:failed to connect to all addresses; last error: UNKNOWN: ipv4:127.0.0.1:50051: Failed to connect to remote host: Connection refused"
>
2026-07-01 17:21:22,565 - Drone1.SimulationBackend - ERROR - Telemetry error: <AioRpcError of RPC that terminated with:
	status = StatusCode.UNAVAILABLE
	details = "failed to connect to all addresses; last error: UNKNOWN: ipv4:127.0.0.1:50051: Failed to connect to remote host: Connection refused"
	debug_error_string = "UNAVAILABLE:failed to connect to all addresses; last error: UNKNOWN: ipv4:127.0.0.1:50051: Failed to connect to remote host: Connection refused"
>
2026-07-01 17:21:22,839 - Drone1.SimulationBackend - INFO - Connecting to SITL simulation via udpin://0.0.0.0:14540 (Attempt 3/5)
2026-07-01 17:21:23,566 - Drone1.SimulationBackend - ERROR - Telemetry error: <AioRpcError of RPC that terminated with:
	status = StatusCode.UNAVAILABLE
	details = "failed to connect to all addresses; last error: UNKNOWN: ipv4:127.0.0.1:50051: Failed to connect to remote host: Connection refused"
	debug_error_string = "UNAVAILABLE:failed to connect to all addresses; last error: UNKNOWN: ipv4:127.0.0.1:50051: Failed to connect to remote host: Connection refused"
>
2026-07-01 17:21:24,567 - Drone1.SimulationBackend - ERROR - Telemetry error: <AioRpcError of RPC that terminated with:
	status = StatusCode.UNAVAILABLE
	details = "failed to connect to all addresses; last error: UNKNOWN: ipv4:127.0.0.1:50051: Failed to connect to remote host: Connection refused"
	debug_error_string = "UNAVAILABLE:failed to connect to all addresses; last error: UNKNOWN: ipv4:127.0.0.1:50051: Failed to connect to remote host: Connection refused"
>
2026-07-01 17:21:25,569 - Drone1.SimulationBackend - ERROR - Telemetry error: <AioRpcError of RPC that terminated with:
	status = StatusCode.UNAVAILABLE
	details = "failed to connect to all addresses; last error: UNKNOWN: ipv6:%5B::1%5D:50051: Failed to connect to remote host: Connection refused"
	debug_error_string = "UNAVAILABLE:failed to connect to all addresses; last error: UNKNOWN: ipv6:%5B::1%5D:50051: Failed to connect to remote host: Connection refused"
>
2026-07-01 17:21:26,570 - Drone1.SimulationBackend - ERROR - Telemetry error: <AioRpcError of RPC that terminated with:
	status = StatusCode.UNAVAILABLE
	details = "failed to connect to all addresses; last error: UNKNOWN: ipv6:%5B::1%5D:50051: Failed to connect to remote host: Connection refused"
	debug_error_string = "UNAVAILABLE:failed to connect to all addresses; last error: UNKNOWN: ipv6:%5B::1%5D:50051: Failed to connect to remote host: Connection refused"
>
2026-07-01 17:21:27,571 - Drone1.SimulationBackend - ERROR - Telemetry error: <AioRpcError of RPC that terminated with:
	status = StatusCode.UNAVAILABLE
	details = "failed to connect to all addresses; last error: UNKNOWN: ipv6:%5B::1%5D:50051: Failed to connect to remote host: Connection refused"
	debug_error_string = "UNAVAILABLE:failed to connect to all addresses; last error: UNKNOWN: ipv6:%5B::1%5D:50051: Failed to connect to remote host: Connection refused"
>
2026-07-01 17:21:27,844 - Drone1.SimulationBackend - WARNING - Connection attempt 3 timed out.
2026-07-01 17:21:28,572 - Drone1.SimulationBackend - ERROR - Telemetry error: <AioRpcError of RPC that terminated with:
	status = StatusCode.UNAVAILABLE
	details = "failed to connect to all addresses; last error: UNKNOWN: ipv6:%5B::1%5D:50051: Failed to connect to remote host: Connection refused"
	debug_error_string = "UNAVAILABLE:failed to connect to all addresses; last error: UNKNOWN: ipv6:%5B::1%5D:50051: Failed to connect to remote host: Connection refused"
>
2026-07-01 17:21:28,637 - Drone1 - INFO - Received signal 15, initiating shutdown...
2026-07-01 17:21:28,637 - Drone1 - INFO - Shutting down DroneAgent...
2026-07-01 17:21:28,638 - Drone1.Heartbeat - INFO - Heartbeat stopped
2026-07-01 17:21:28,638 - Drone1.MovementController - INFO - Movement controller stopped
2026-07-01 17:21:28,639 - Drone1.Decision - INFO - Decision engine stopped
2026-07-01 17:21:28,639 - Drone1.Telemetry - INFO - Telemetry stopped
2026-07-01 17:21:28,639 - Drone1.Communication - INFO - Communication stopped
2026-07-01 17:21:28,639 - Drone1.SimulationBackend - INFO - Stopping SimulationBackend...
2026-07-01 17:21:29,574 - Drone1.SimulationBackend - ERROR - Telemetry error: <AioRpcError of RPC that terminated with:
	status = StatusCode.UNAVAILABLE
	details = "failed to connect to all addresses; last error: UNKNOWN: ipv6:%5B::1%5D:50051: Failed to connect to remote host: Connection refused"
	debug_error_string = "UNAVAILABLE:failed to connect to all addresses; last error: UNKNOWN: ipv6:%5B::1%5D:50051: Failed to connect to remote host: Connection refused"
>
2026-07-01 17:21:29,846 - Drone1.SimulationBackend - INFO - Connecting to SITL simulation via udpin://0.0.0.0:14540 (Attempt 4/5)
2026-07-01 17:21:30,575 - Drone1.SimulationBackend - ERROR - Telemetry error: <AioRpcError of RPC that terminated with:
	status = StatusCode.UNAVAILABLE
	details = "failed to connect to all addresses; last error: UNKNOWN: ipv6:%5B::1%5D:50051: Failed to connect to remote host: Connection refused"
	debug_error_string = "UNAVAILABLE:failed to connect to all addresses; last error: UNKNOWN: ipv6:%5B::1%5D:50051: Failed to connect to remote host: Connection refused"
>
2026-07-01 17:21:31,577 - Drone1.SimulationBackend - ERROR - Telemetry error: <AioRpcError of RPC that terminated with:
	status = StatusCode.UNAVAILABLE
	details = "failed to connect to all addresses; last error: UNKNOWN: ipv6:%5B::1%5D:50051: Failed to connect to remote host: Connection refused"
	debug_error_string = "UNAVAILABLE:failed to connect to all addresses; last error: UNKNOWN: ipv6:%5B::1%5D:50051: Failed to connect to remote host: Connection refused"
>
2026-07-01 17:21:32,578 - Drone1.SimulationBackend - ERROR - Telemetry error: <AioRpcError of RPC that terminated with:
	status = StatusCode.UNAVAILABLE
	details = "failed to connect to all addresses; last error: UNKNOWN: ipv6:%5B::1%5D:50051: Failed to connect to remote host: Connection refused"
	debug_error_string = "UNAVAILABLE:failed to connect to all addresses; last error: UNKNOWN: ipv6:%5B::1%5D:50051: Failed to connect to remote host: Connection refused"
>
2026-07-01 17:21:33,579 - Drone1.SimulationBackend - ERROR - Telemetry error: <AioRpcError of RPC that terminated with:
	status = StatusCode.UNAVAILABLE
	details = "failed to connect to all addresses; last error: UNKNOWN: ipv6:%5B::1%5D:50051: Failed to connect to remote host: Connection refused"
	debug_error_string = "UNAVAILABLE:failed to connect to all addresses; last error: UNKNOWN: ipv6:%5B::1%5D:50051: Failed to connect to remote host: Connection refused"
>
2026-07-01 17:21:33,640 - Drone1 - INFO - DroneAgent shutdown complete
2026-07-01 17:21:34,580 - Drone1.SimulationBackend - ERROR - Telemetry error: <AioRpcError of RPC that terminated with:
	status = StatusCode.UNAVAILABLE
	details = "failed to connect to all addresses; last error: UNKNOWN: ipv6:%5B::1%5D:50051: Failed to connect to remote host: Connection refused"
	debug_error_string = "UNAVAILABLE:failed to connect to all addresses; last error: UNKNOWN: ipv6:%5B::1%5D:50051: Failed to connect to remote host: Connection refused"
>
2026-07-01 17:21:35,581 - Drone1.SimulationBackend - ERROR - Telemetry error: <AioRpcError of RPC that terminated with:
	status = StatusCode.UNAVAILABLE
	details = "failed to connect to all addresses; last error: UNKNOWN: ipv6:%5B::1%5D:50051: Failed to connect to remote host: Connection refused"
	debug_error_string = "UNAVAILABLE:failed to connect to all addresses; last error: UNKNOWN: ipv6:%5B::1%5D:50051: Failed to connect to remote host: Connection refused"
>
2026-07-01 17:21:36,583 - Drone1.SimulationBackend - ERROR - Telemetry error: <AioRpcError of RPC that terminated with:
	status = StatusCode.UNAVAILABLE
	details = "failed to connect to all addresses; last error: UNKNOWN: ipv6:%5B::1%5D:50051: Failed to connect to remote host: Connection refused"
	debug_error_string = "UNAVAILABLE:failed to connect to all addresses; last error: UNKNOWN: ipv6:%5B::1%5D:50051: Failed to connect to remote host: Connection refused"
>
2026-07-01 17:21:37,584 - Drone1.SimulationBackend - ERROR - Telemetry error: <AioRpcError of RPC that terminated with:
	status = StatusCode.UNAVAILABLE
	details = "failed to connect to all addresses; last error: UNKNOWN: ipv6:%5B::1%5D:50051: Failed to connect to remote host: Connection refused"
	debug_error_string = "UNAVAILABLE:failed to connect to all addresses; last error: UNKNOWN: ipv6:%5B::1%5D:50051: Failed to connect to remote host: Connection refused"
>
2026-07-01 17:21:38,585 - Drone1.SimulationBackend - ERROR - Telemetry error: <AioRpcError of RPC that terminated with:
	status = StatusCode.UNAVAILABLE
	details = "failed to connect to all addresses; last error: UNKNOWN: ipv6:%5B::1%5D:50051: Failed to connect to remote host: Connection refused"
	debug_error_string = "UNAVAILABLE:failed to connect to all addresses; last error: UNKNOWN: ipv6:%5B::1%5D:50051: Failed to connect to remote host: Connection refused"
>
2026-07-01 17:21:39,587 - Drone1.SimulationBackend - ERROR - Telemetry error: <AioRpcError of RPC that terminated with:
	status = StatusCode.UNAVAILABLE
	details = "failed to connect to all addresses; last error: UNKNOWN: ipv6:%5B::1%5D:50051: Failed to connect to remote host: Connection refused"
	debug_error_string = "UNAVAILABLE:failed to connect to all addresses; last error: UNKNOWN: ipv6:%5B::1%5D:50051: Failed to connect to remote host: Connection refused"
>
2026-07-01 17:21:40,589 - Drone1.SimulationBackend - ERROR - Telemetry error: <AioRpcError of RPC that terminated with:
	status = StatusCode.UNAVAILABLE
	details = "failed to connect to all addresses; last error: UNKNOWN: ipv6:%5B::1%5D:50051: Failed to connect to remote host: Connection refused"
	debug_error_string = "UNAVAILABLE:failed to connect to all addresses; last error: UNKNOWN: ipv6:%5B::1%5D:50051: Failed to connect to remote host: Connection refused"
>
2026-07-01 17:21:41,591 - Drone1.SimulationBackend - ERROR - Telemetry error: <AioRpcError of RPC that terminated with:
	status = StatusCode.UNAVAILABLE
	details = "failed to connect to all addresses; last error: UNKNOWN: ipv6:%5B::1%5D:50051: Failed to connect to remote host: Connection refused"
	debug_error_string = "UNAVAILABLE:failed to connect to all addresses; last error: UNKNOWN: ipv6:%5B::1%5D:50051: Failed to connect to remote host: Connection refused"
>
2026-07-01 17:21:42,592 - Drone1.SimulationBackend - ERROR - Telemetry error: <AioRpcError of RPC that terminated with:
	status = StatusCode.UNAVAILABLE
	details = "failed to connect to all addresses; last error: UNKNOWN: ipv6:%5B::1%5D:50051: Failed to connect to remote host: Connection refused"
	debug_error_string = "UNAVAILABLE:failed to connect to all addresses; last error: UNKNOWN: ipv6:%5B::1%5D:50051: Failed to connect to remote host: Connection refused"
>
2026-07-01 17:21:43,594 - Drone1.SimulationBackend - ERROR - Telemetry error: <AioRpcError of RPC that terminated with:
	status = StatusCode.UNAVAILABLE
	details = "failed to connect to all addresses; last error: UNKNOWN: ipv6:%5B::1%5D:50051: Failed to connect to remote host: Connection refused"
	debug_error_string = "UNAVAILABLE:failed to connect to all addresses; last error: UNKNOWN: ipv6:%5B::1%5D:50051: Failed to connect to remote host: Connection refused"
>
2026-07-01 17:21:44,595 - Drone1.SimulationBackend - ERROR - Telemetry error: <AioRpcError of RPC that terminated with:
	status = StatusCode.UNAVAILABLE
	details = "failed to connect to all addresses; last error: UNKNOWN: ipv6:%5B::1%5D:50051: Failed to connect to remote host: Connection refused"
	debug_error_string = "UNAVAILABLE:failed to connect to all addresses; last error: UNKNOWN: ipv6:%5B::1%5D:50051: Failed to connect to remote host: Connection refused"
>
2026-07-01 17:21:45,596 - Drone1.SimulationBackend - ERROR - Telemetry error: <AioRpcError of RPC that terminated with:
	status = StatusCode.UNAVAILABLE
	details = "failed to connect to all addresses; last error: UNKNOWN: ipv6:%5B::1%5D:50051: Failed to connect to remote host: Connection refused"
	debug_error_string = "UNAVAILABLE:failed to connect to all addresses; last error: UNKNOWN: ipv6:%5B::1%5D:50051: Failed to connect to remote host: Connection refused"
>
2026-07-01 17:21:46,597 - Drone1.SimulationBackend - ERROR - Telemetry error: <AioRpcError of RPC that terminated with:
	status = StatusCode.UNAVAILABLE
	details = "failed to connect to all addresses; last error: UNKNOWN: ipv6:%5B::1%5D:50051: Failed to connect to remote host: Connection refused"
	debug_error_string = "UNAVAILABLE:failed to connect to all addresses; last error: UNKNOWN: ipv6:%5B::1%5D:50051: Failed to connect to remote host: Connection refused"
>
2026-07-01 17:21:47,598 - Drone1.SimulationBackend - ERROR - Telemetry error: <AioRpcError of RPC that terminated with:
	status = StatusCode.UNAVAILABLE
	details = "failed to connect to all addresses; last error: UNKNOWN: ipv6:%5B::1%5D:50051: Failed to connect to remote host: Connection refused"
	debug_error_string = "UNAVAILABLE:failed to connect to all addresses; last error: UNKNOWN: ipv6:%5B::1%5D:50051: Failed to connect to remote host: Connection refused"
>
2026-07-01 17:21:48,599 - Drone1.SimulationBackend - ERROR - Telemetry error: <AioRpcError of RPC that terminated with:
	status = StatusCode.UNAVAILABLE
	details = "failed to connect to all addresses; last error: UNKNOWN: ipv6:%5B::1%5D:50051: Failed to connect to remote host: Connection refused"
	debug_error_string = "UNAVAILABLE:failed to connect to all addresses; last error: UNKNOWN: ipv6:%5B::1%5D:50051: Failed to connect to remote host: Connection refused"
>
2026-07-01 17:21:49,601 - Drone1.SimulationBackend - ERROR - Telemetry error: <AioRpcError of RPC that terminated with:
	status = StatusCode.UNAVAILABLE
	details = "failed to connect to all addresses; last error: UNKNOWN: ipv6:%5B::1%5D:50051: Failed to connect to remote host: Connection refused"
	debug_error_string = "UNAVAILABLE:failed to connect to all addresses; last error: UNKNOWN: ipv6:%5B::1%5D:50051: Failed to connect to remote host: Connection refused"
>
2026-07-01 17:21:50,602 - Drone1.SimulationBackend - ERROR - Telemetry error: <AioRpcError of RPC that terminated with:
	status = StatusCode.UNAVAILABLE
	details = "failed to connect to all addresses; last error: UNKNOWN: ipv6:%5B::1%5D:50051: Failed to connect to remote host: Connection refused"
	debug_error_string = "UNAVAILABLE:failed to connect to all addresses; last error: UNKNOWN: ipv6:%5B::1%5D:50051: Failed to connect to remote host: Connection refused"
>
2026-07-01 17:21:51,603 - Drone1.SimulationBackend - ERROR - Telemetry error: <AioRpcError of RPC that terminated with:
	status = StatusCode.UNAVAILABLE
	details = "failed to connect to all addresses; last error: UNKNOWN: ipv6:%5B::1%5D:50051: Failed to connect to remote host: Connection refused"
	debug_error_string = "UNAVAILABLE:failed to connect to all addresses; last error: UNKNOWN: ipv6:%5B::1%5D:50051: Failed to connect to remote host: Connection refused"
>
2026-07-01 17:21:52,604 - Drone1.SimulationBackend - ERROR - Telemetry error: <AioRpcError of RPC that terminated with:
	status = StatusCode.UNAVAILABLE
	details = "failed to connect to all addresses; last error: UNKNOWN: ipv6:%5B::1%5D:50051: Failed to connect to remote host: Connection refused"
	debug_error_string = "UNAVAILABLE:failed to connect to all addresses; last error: UNKNOWN: ipv6:%5B::1%5D:50051: Failed to connect to remote host: Connection refused"
>
2026-07-01 17:21:53,102 - Drone1 - INFO - Logger initialized for drone 1
2026-07-01 17:21:53,102 - Drone1 - INFO - BackendFactory: Creating SimulationBackend
2026-07-01 17:21:53,103 - Drone1.Communication - INFO - Communication initialized on 0.0.0.0:14560
2026-07-01 17:21:53,103 - Drone1.StateMachine - INFO - StateMachine initialized
2026-07-01 17:21:53,103 - Drone1 - INFO - DroneAgent initialized
2026-07-01 17:21:53,103 - Drone1 - INFO - Starting DroneAgent...
2026-07-01 17:21:53,103 - Drone1.SimulationBackend - INFO - Starting SimulationBackend...
2026-07-01 17:21:53,104 - Drone1.SimulationBackend - INFO - Connecting to SITL simulation via udpin://0.0.0.0:14540 (Attempt 1/5)
2026-07-01 17:21:53,606 - Drone1.SimulationBackend - ERROR - Telemetry error: <AioRpcError of RPC that terminated with:
	status = StatusCode.UNAVAILABLE
	details = "failed to connect to all addresses; last error: UNKNOWN: ipv6:%5B::1%5D:50051: Failed to connect to remote host: Connection refused"
	debug_error_string = "UNAVAILABLE:failed to connect to all addresses; last error: UNKNOWN: ipv6:%5B::1%5D:50051: Failed to connect to remote host: Connection refused"
>
2026-07-01 17:21:54,607 - Drone1.SimulationBackend - ERROR - Telemetry error: <AioRpcError of RPC that terminated with:
	status = StatusCode.UNAVAILABLE
	details = "failed to connect to all addresses; last error: UNKNOWN: ipv6:%5B::1%5D:50051: Failed to connect to remote host: Connection refused"
	debug_error_string = "UNAVAILABLE:failed to connect to all addresses; last error: UNKNOWN: ipv6:%5B::1%5D:50051: Failed to connect to remote host: Connection refused"
>
2026-07-01 17:21:55,608 - Drone1.SimulationBackend - ERROR - Telemetry error: <AioRpcError of RPC that terminated with:
	status = StatusCode.UNAVAILABLE
	details = "failed to connect to all addresses; last error: UNKNOWN: ipv6:%5B::1%5D:50051: Failed to connect to remote host: Connection refused"
	debug_error_string = "UNAVAILABLE:failed to connect to all addresses; last error: UNKNOWN: ipv6:%5B::1%5D:50051: Failed to connect to remote host: Connection refused"
>
2026-07-01 17:21:56,609 - Drone1.SimulationBackend - ERROR - Telemetry error: <AioRpcError of RPC that terminated with:
	status = StatusCode.UNAVAILABLE
	details = "failed to connect to all addresses; last error: UNKNOWN: ipv6:%5B::1%5D:50051: Failed to connect to remote host: Connection refused"
	debug_error_string = "UNAVAILABLE:failed to connect to all addresses; last error: UNKNOWN: ipv6:%5B::1%5D:50051: Failed to connect to remote host: Connection refused"
>
2026-07-01 17:21:57,611 - Drone1.SimulationBackend - ERROR - Telemetry error: <AioRpcError of RPC that terminated with:
	status = StatusCode.UNAVAILABLE
	details = "failed to connect to all addresses; last error: UNKNOWN: ipv6:%5B::1%5D:50051: Failed to connect to remote host: Connection refused"
	debug_error_string = "UNAVAILABLE:failed to connect to all addresses; last error: UNKNOWN: ipv6:%5B::1%5D:50051: Failed to connect to remote host: Connection refused"
>
2026-07-01 17:21:58,111 - Drone1.SimulationBackend - WARNING - Connection attempt 1 timed out.
2026-07-01 17:21:58,612 - Drone1.SimulationBackend - ERROR - Telemetry error: <AioRpcError of RPC that terminated with:
	status = StatusCode.UNAVAILABLE
	details = "failed to connect to all addresses; last error: UNKNOWN: ipv6:%5B::1%5D:50051: Failed to connect to remote host: Connection refused"
	debug_error_string = "UNAVAILABLE:failed to connect to all addresses; last error: UNKNOWN: ipv6:%5B::1%5D:50051: Failed to connect to remote host: Connection refused"
>
2026-07-01 17:21:59,614 - Drone1.SimulationBackend - ERROR - Telemetry error: <AioRpcError of RPC that terminated with:
	status = StatusCode.UNAVAILABLE
	details = "failed to connect to all addresses; last error: UNKNOWN: ipv6:%5B::1%5D:50051: Failed to connect to remote host: Connection refused"
	debug_error_string = "UNAVAILABLE:failed to connect to all addresses; last error: UNKNOWN: ipv6:%5B::1%5D:50051: Failed to connect to remote host: Connection refused"
>
2026-07-01 17:22:00,113 - Drone1.SimulationBackend - INFO - Connecting to SITL simulation via udpin://0.0.0.0:14540 (Attempt 2/5)
2026-07-01 17:22:00,615 - Drone1.SimulationBackend - ERROR - Telemetry error: <AioRpcError of RPC that terminated with:
	status = StatusCode.UNAVAILABLE
	details = "failed to connect to all addresses; last error: UNKNOWN: ipv6:%5B::1%5D:50051: Failed to connect to remote host: Connection refused"
	debug_error_string = "UNAVAILABLE:failed to connect to all addresses; last error: UNKNOWN: ipv6:%5B::1%5D:50051: Failed to connect to remote host: Connection refused"
>
2026-07-01 17:22:01,616 - Drone1.SimulationBackend - ERROR - Telemetry error: <AioRpcError of RPC that terminated with:
	status = StatusCode.UNAVAILABLE
	details = "failed to connect to all addresses; last error: UNKNOWN: ipv6:%5B::1%5D:50051: Failed to connect to remote host: Connection refused"
	debug_error_string = "UNAVAILABLE:failed to connect to all addresses; last error: UNKNOWN: ipv6:%5B::1%5D:50051: Failed to connect to remote host: Connection refused"
>
2026-07-01 17:22:02,617 - Drone1.SimulationBackend - ERROR - Telemetry error: <AioRpcError of RPC that terminated with:
	status = StatusCode.UNAVAILABLE
	details = "failed to connect to all addresses; last error: UNKNOWN: ipv6:%5B::1%5D:50051: Failed to connect to remote host: Connection refused"
	debug_error_string = "UNAVAILABLE:failed to connect to all addresses; last error: UNKNOWN: ipv6:%5B::1%5D:50051: Failed to connect to remote host: Connection refused"
>
2026-07-01 17:22:03,619 - Drone1.SimulationBackend - ERROR - Telemetry error: <AioRpcError of RPC that terminated with:
	status = StatusCode.UNAVAILABLE
	details = "failed to connect to all addresses; last error: UNKNOWN: ipv6:%5B::1%5D:50051: Failed to connect to remote host: Connection refused"
	debug_error_string = "UNAVAILABLE:failed to connect to all addresses; last error: UNKNOWN: ipv6:%5B::1%5D:50051: Failed to connect to remote host: Connection refused"
>
2026-07-01 17:22:04,621 - Drone1.SimulationBackend - ERROR - Telemetry error: <AioRpcError of RPC that terminated with:
	status = StatusCode.UNAVAILABLE
	details = "failed to connect to all addresses; last error: UNKNOWN: ipv6:%5B::1%5D:50051: Failed to connect to remote host: Connection refused"
	debug_error_string = "UNAVAILABLE:failed to connect to all addresses; last error: UNKNOWN: ipv6:%5B::1%5D:50051: Failed to connect to remote host: Connection refused"
>
2026-07-01 17:22:05,117 - Drone1.SimulationBackend - WARNING - Connection attempt 2 timed out.
2026-07-01 17:22:05,622 - Drone1.SimulationBackend - ERROR - Telemetry error: <AioRpcError of RPC that terminated with:
	status = StatusCode.UNAVAILABLE
	details = "failed to connect to all addresses; last error: UNKNOWN: ipv6:%5B::1%5D:50051: Failed to connect to remote host: Connection refused"
	debug_error_string = "UNAVAILABLE:failed to connect to all addresses; last error: UNKNOWN: ipv6:%5B::1%5D:50051: Failed to connect to remote host: Connection refused"
>
2026-07-01 17:22:06,624 - Drone1.SimulationBackend - ERROR - Telemetry error: <AioRpcError of RPC that terminated with:
	status = StatusCode.UNAVAILABLE
	details = "failed to connect to all addresses; last error: UNKNOWN: ipv6:%5B::1%5D:50051: Failed to connect to remote host: Connection refused"
	debug_error_string = "UNAVAILABLE:failed to connect to all addresses; last error: UNKNOWN: ipv6:%5B::1%5D:50051: Failed to connect to remote host: Connection refused"
>
2026-07-01 17:22:07,120 - Drone1.SimulationBackend - INFO - Connecting to SITL simulation via udpin://0.0.0.0:14540 (Attempt 3/5)
2026-07-01 17:22:07,626 - Drone1.SimulationBackend - ERROR - Telemetry error: <AioRpcError of RPC that terminated with:
	status = StatusCode.UNAVAILABLE
	details = "failed to connect to all addresses; last error: UNKNOWN: ipv6:%5B::1%5D:50051: Failed to connect to remote host: Connection refused"
	debug_error_string = "UNAVAILABLE:failed to connect to all addresses; last error: UNKNOWN: ipv6:%5B::1%5D:50051: Failed to connect to remote host: Connection refused"
>
2026-07-01 17:22:07,932 - Drone1 - INFO - Received signal 15, initiating shutdown...
2026-07-01 17:22:07,932 - Drone1 - INFO - Shutting down DroneAgent...
2026-07-01 17:22:07,933 - Drone1.Heartbeat - INFO - Heartbeat stopped
2026-07-01 17:22:07,933 - Drone1.MovementController - INFO - Movement controller stopped
2026-07-01 17:22:07,933 - Drone1.Decision - INFO - Decision engine stopped
2026-07-01 17:22:07,933 - Drone1.Telemetry - INFO - Telemetry stopped
2026-07-01 17:22:07,933 - Drone1.Communication - INFO - Communication stopped
2026-07-01 17:22:07,933 - Drone1.SimulationBackend - INFO - Stopping SimulationBackend...
2026-07-01 17:22:08,627 - Drone1.SimulationBackend - ERROR - Telemetry error: <AioRpcError of RPC that terminated with:
	status = StatusCode.UNAVAILABLE
	details = "failed to connect to all addresses; last error: UNKNOWN: ipv6:%5B::1%5D:50051: Failed to connect to remote host: Connection refused"
	debug_error_string = "UNAVAILABLE:failed to connect to all addresses; last error: UNKNOWN: ipv6:%5B::1%5D:50051: Failed to connect to remote host: Connection refused"
>
2026-07-01 17:22:09,628 - Drone1.SimulationBackend - ERROR - Telemetry error: <AioRpcError of RPC that terminated with:
	status = StatusCode.UNAVAILABLE
	details = "failed to connect to all addresses; last error: UNKNOWN: ipv6:%5B::1%5D:50051: Failed to connect to remote host: Connection refused"
	debug_error_string = "UNAVAILABLE:failed to connect to all addresses; last error: UNKNOWN: ipv6:%5B::1%5D:50051: Failed to connect to remote host: Connection refused"
>
2026-07-01 17:22:10,630 - Drone1.SimulationBackend - ERROR - Telemetry error: <AioRpcError of RPC that terminated with:
	status = StatusCode.UNAVAILABLE
	details = "failed to connect to all addresses; last error: UNKNOWN: ipv6:%5B::1%5D:50051: Failed to connect to remote host: Connection refused"
	debug_error_string = "UNAVAILABLE:failed to connect to all addresses; last error: UNKNOWN: ipv6:%5B::1%5D:50051: Failed to connect to remote host: Connection refused"
>
2026-07-01 17:22:11,631 - Drone1.SimulationBackend - ERROR - Telemetry error: <AioRpcError of RPC that terminated with:
	status = StatusCode.UNAVAILABLE
	details = "failed to connect to all addresses; last error: UNKNOWN: ipv6:%5B::1%5D:50051: Failed to connect to remote host: Connection refused"
	debug_error_string = "UNAVAILABLE:failed to connect to all addresses; last error: UNKNOWN: ipv6:%5B::1%5D:50051: Failed to connect to remote host: Connection refused"
>
2026-07-01 17:22:12,124 - Drone1.SimulationBackend - WARNING - Connection attempt 3 timed out.
2026-07-01 17:22:12,632 - Drone1.SimulationBackend - ERROR - Telemetry error: <AioRpcError of RPC that terminated with:
	status = StatusCode.UNAVAILABLE
	details = "failed to connect to all addresses; last error: UNKNOWN: ipv6:%5B::1%5D:50051: Failed to connect to remote host: Connection refused"
	debug_error_string = "UNAVAILABLE:failed to connect to all addresses; last error: UNKNOWN: ipv6:%5B::1%5D:50051: Failed to connect to remote host: Connection refused"
>
2026-07-01 17:22:12,933 - Drone1 - INFO - DroneAgent shutdown complete
2026-07-01 17:22:13,633 - Drone1.SimulationBackend - ERROR - Telemetry error: <AioRpcError of RPC that terminated with:
	status = StatusCode.UNAVAILABLE
	details = "failed to connect to all addresses; last error: UNKNOWN: ipv6:%5B::1%5D:50051: Failed to connect to remote host: Connection refused"
	debug_error_string = "UNAVAILABLE:failed to connect to all addresses; last error: UNKNOWN: ipv6:%5B::1%5D:50051: Failed to connect to remote host: Connection refused"
>
2026-07-01 17:22:14,634 - Drone1.SimulationBackend - ERROR - Telemetry error: <AioRpcError of RPC that terminated with:
	status = StatusCode.UNAVAILABLE
	details = "failed to connect to all addresses; last error: UNKNOWN: ipv6:%5B::1%5D:50051: Failed to connect to remote host: Connection refused"
	debug_error_string = "UNAVAILABLE:failed to connect to all addresses; last error: UNKNOWN: ipv6:%5B::1%5D:50051: Failed to connect to remote host: Connection refused"
>
2026-07-01 17:22:15,635 - Drone1.SimulationBackend - ERROR - Telemetry error: <AioRpcError of RPC that terminated with:
	status = StatusCode.UNAVAILABLE
	details = "failed to connect to all addresses; last error: UNKNOWN: ipv6:%5B::1%5D:50051: Failed to connect to remote host: Connection refused"
	debug_error_string = "UNAVAILABLE:failed to connect to all addresses; last error: UNKNOWN: ipv6:%5B::1%5D:50051: Failed to connect to remote host: Connection refused"
>
2026-07-01 17:22:16,636 - Drone1.SimulationBackend - ERROR - Telemetry error: <AioRpcError of RPC that terminated with:
	status = StatusCode.UNAVAILABLE
	details = "failed to connect to all addresses; last error: UNKNOWN: ipv6:%5B::1%5D:50051: Failed to connect to remote host: Connection refused"
	debug_error_string = "UNAVAILABLE:failed to connect to all addresses; last error: UNKNOWN: ipv6:%5B::1%5D:50051: Failed to connect to remote host: Connection refused"
>
2026-07-01 17:22:17,638 - Drone1.SimulationBackend - ERROR - Telemetry error: <AioRpcError of RPC that terminated with:
	status = StatusCode.UNAVAILABLE
	details = "failed to connect to all addresses; last error: UNKNOWN: ipv6:%5B::1%5D:50051: Failed to connect to remote host: Connection refused"
	debug_error_string = "UNAVAILABLE:failed to connect to all addresses; last error: UNKNOWN: ipv6:%5B::1%5D:50051: Failed to connect to remote host: Connection refused"
>
2026-07-01 17:22:18,639 - Drone1.SimulationBackend - ERROR - Telemetry error: <AioRpcError of RPC that terminated with:
	status = StatusCode.UNAVAILABLE
	details = "failed to connect to all addresses; last error: UNKNOWN: ipv6:%5B::1%5D:50051: Failed to connect to remote host: Connection refused"
	debug_error_string = "UNAVAILABLE:failed to connect to all addresses; last error: UNKNOWN: ipv6:%5B::1%5D:50051: Failed to connect to remote host: Connection refused"
>
2026-07-01 17:22:19,640 - Drone1.SimulationBackend - ERROR - Telemetry error: <AioRpcError of RPC that terminated with:
	status = StatusCode.UNAVAILABLE
	details = "failed to connect to all addresses; last error: UNKNOWN: ipv6:%5B::1%5D:50051: Failed to connect to remote host: Connection refused"
	debug_error_string = "UNAVAILABLE:failed to connect to all addresses; last error: UNKNOWN: ipv6:%5B::1%5D:50051: Failed to connect to remote host: Connection refused"
>
2026-07-01 17:22:20,642 - Drone1.SimulationBackend - ERROR - Telemetry error: <AioRpcError of RPC that terminated with:
	status = StatusCode.UNAVAILABLE
	details = "failed to connect to all addresses; last error: UNKNOWN: ipv6:%5B::1%5D:50051: Failed to connect to remote host: Connection refused"
	debug_error_string = "UNAVAILABLE:failed to connect to all addresses; last error: UNKNOWN: ipv6:%5B::1%5D:50051: Failed to connect to remote host: Connection refused"
>
2026-07-01 17:22:21,644 - Drone1.SimulationBackend - ERROR - Telemetry error: <AioRpcError of RPC that terminated with:
	status = StatusCode.UNAVAILABLE
	details = "failed to connect to all addresses; last error: UNKNOWN: ipv6:%5B::1%5D:50051: Failed to connect to remote host: Connection refused"
	debug_error_string = "UNAVAILABLE:failed to connect to all addresses; last error: UNKNOWN: ipv6:%5B::1%5D:50051: Failed to connect to remote host: Connection refused"
>
2026-07-01 17:22:22,645 - Drone1.SimulationBackend - ERROR - Telemetry error: <AioRpcError of RPC that terminated with:
	status = StatusCode.UNAVAILABLE
	details = "failed to connect to all addresses; last error: UNKNOWN: ipv6:%5B::1%5D:50051: Failed to connect to remote host: Connection refused"
	debug_error_string = "UNAVAILABLE:failed to connect to all addresses; last error: UNKNOWN: ipv6:%5B::1%5D:50051: Failed to connect to remote host: Connection refused"
>
2026-07-01 17:22:23,646 - Drone1.SimulationBackend - ERROR - Telemetry error: <AioRpcError of RPC that terminated with:
	status = StatusCode.UNAVAILABLE
	details = "failed to connect to all addresses; last error: UNKNOWN: ipv6:%5B::1%5D:50051: Failed to connect to remote host: Connection refused"
	debug_error_string = "UNAVAILABLE:failed to connect to all addresses; last error: UNKNOWN: ipv6:%5B::1%5D:50051: Failed to connect to remote host: Connection refused"
>
2026-07-01 17:22:24,648 - Drone1.SimulationBackend - ERROR - Telemetry error: <AioRpcError of RPC that terminated with:
	status = StatusCode.UNAVAILABLE
	details = "failed to connect to all addresses; last error: UNKNOWN: ipv6:%5B::1%5D:50051: Failed to connect to remote host: Connection refused"
	debug_error_string = "UNAVAILABLE:failed to connect to all addresses; last error: UNKNOWN: ipv6:%5B::1%5D:50051: Failed to connect to remote host: Connection refused"
>
2026-07-01 17:22:25,650 - Drone1.SimulationBackend - ERROR - Telemetry error: <AioRpcError of RPC that terminated with:
	status = StatusCode.UNAVAILABLE
	details = "failed to connect to all addresses; last error: UNKNOWN: ipv6:%5B::1%5D:50051: Failed to connect to remote host: Connection refused"
	debug_error_string = "UNAVAILABLE:failed to connect to all addresses; last error: UNKNOWN: ipv6:%5B::1%5D:50051: Failed to connect to remote host: Connection refused"
>
2026-07-01 17:22:26,651 - Drone1.SimulationBackend - ERROR - Telemetry error: <AioRpcError of RPC that terminated with:
	status = StatusCode.UNAVAILABLE
	details = "failed to connect to all addresses; last error: UNKNOWN: ipv6:%5B::1%5D:50051: Failed to connect to remote host: Connection refused"
	debug_error_string = "UNAVAILABLE:failed to connect to all addresses; last error: UNKNOWN: ipv6:%5B::1%5D:50051: Failed to connect to remote host: Connection refused"
>
2026-07-01 17:22:27,652 - Drone1.SimulationBackend - ERROR - Telemetry error: <AioRpcError of RPC that terminated with:
	status = StatusCode.UNAVAILABLE
	details = "failed to connect to all addresses; last error: UNKNOWN: ipv6:%5B::1%5D:50051: Failed to connect to remote host: Connection refused"
	debug_error_string = "UNAVAILABLE:failed to connect to all addresses; last error: UNKNOWN: ipv6:%5B::1%5D:50051: Failed to connect to remote host: Connection refused"
>
2026-07-01 17:22:28,653 - Drone1.SimulationBackend - ERROR - Telemetry error: <AioRpcError of RPC that terminated with:
	status = StatusCode.UNAVAILABLE
	details = "failed to connect to all addresses; last error: UNKNOWN: ipv6:%5B::1%5D:50051: Failed to connect to remote host: Connection refused"
	debug_error_string = "UNAVAILABLE:failed to connect to all addresses; last error: UNKNOWN: ipv6:%5B::1%5D:50051: Failed to connect to remote host: Connection refused"
>
2026-07-01 17:22:29,654 - Drone1.SimulationBackend - ERROR - Telemetry error: <AioRpcError of RPC that terminated with:
	status = StatusCode.UNAVAILABLE
	details = "failed to connect to all addresses; last error: UNKNOWN: ipv6:%5B::1%5D:50051: Failed to connect to remote host: Connection refused"
	debug_error_string = "UNAVAILABLE:failed to connect to all addresses; last error: UNKNOWN: ipv6:%5B::1%5D:50051: Failed to connect to remote host: Connection refused"
>
2026-07-01 17:22:30,656 - Drone1.SimulationBackend - ERROR - Telemetry error: <AioRpcError of RPC that terminated with:
	status = StatusCode.UNAVAILABLE
	details = "failed to connect to all addresses; last error: UNKNOWN: ipv6:%5B::1%5D:50051: Failed to connect to remote host: Connection refused"
	debug_error_string = "UNAVAILABLE:failed to connect to all addresses; last error: UNKNOWN: ipv6:%5B::1%5D:50051: Failed to connect to remote host: Connection refused"
>
2026-07-01 17:22:31,657 - Drone1.SimulationBackend - ERROR - Telemetry error: <AioRpcError of RPC that terminated with:
	status = StatusCode.UNAVAILABLE
	details = "failed to connect to all addresses; last error: UNKNOWN: ipv6:%5B::1%5D:50051: Failed to connect to remote host: Connection refused"
	debug_error_string = "UNAVAILABLE:failed to connect to all addresses; last error: UNKNOWN: ipv6:%5B::1%5D:50051: Failed to connect to remote host: Connection refused"
>
2026-07-01 17:22:32,658 - Drone1.SimulationBackend - ERROR - Telemetry error: <AioRpcError of RPC that terminated with:
	status = StatusCode.UNAVAILABLE
	details = "failed to connect to all addresses; last error: UNKNOWN: ipv6:%5B::1%5D:50051: Failed to connect to remote host: Connection refused"
	debug_error_string = "UNAVAILABLE:failed to connect to all addresses; last error: UNKNOWN: ipv6:%5B::1%5D:50051: Failed to connect to remote host: Connection refused"
>
2026-07-01 17:22:33,659 - Drone1.SimulationBackend - ERROR - Telemetry error: <AioRpcError of RPC that terminated with:
	status = StatusCode.UNAVAILABLE
	details = "failed to connect to all addresses; last error: UNKNOWN: ipv6:%5B::1%5D:50051: Failed to connect to remote host: Connection refused"
	debug_error_string = "UNAVAILABLE:failed to connect to all addresses; last error: UNKNOWN: ipv6:%5B::1%5D:50051: Failed to connect to remote host: Connection refused"
>
2026-07-01 17:22:34,661 - Drone1.SimulationBackend - ERROR - Telemetry error: <AioRpcError of RPC that terminated with:
	status = StatusCode.UNAVAILABLE
	details = "failed to connect to all addresses; last error: UNKNOWN: ipv6:%5B::1%5D:50051: Failed to connect to remote host: Connection refused"
	debug_error_string = "UNAVAILABLE:failed to connect to all addresses; last error: UNKNOWN: ipv6:%5B::1%5D:50051: Failed to connect to remote host: Connection refused"
>
2026-07-01 17:22:35,662 - Drone1.SimulationBackend - ERROR - Telemetry error: <AioRpcError of RPC that terminated with:
	status = StatusCode.UNAVAILABLE
	details = "failed to connect to all addresses; last error: UNKNOWN: ipv6:%5B::1%5D:50051: Failed to connect to remote host: Connection refused"
	debug_error_string = "UNAVAILABLE:failed to connect to all addresses; last error: UNKNOWN: ipv6:%5B::1%5D:50051: Failed to connect to remote host: Connection refused"
>
2026-07-01 17:22:36,663 - Drone1.SimulationBackend - ERROR - Telemetry error: <AioRpcError of RPC that terminated with:
	status = StatusCode.UNAVAILABLE
	details = "failed to connect to all addresses; last error: UNKNOWN: ipv6:%5B::1%5D:50051: Failed to connect to remote host: Connection refused"
	debug_error_string = "UNAVAILABLE:failed to connect to all addresses; last error: UNKNOWN: ipv6:%5B::1%5D:50051: Failed to connect to remote host: Connection refused"
>
2026-07-01 17:22:37,664 - Drone1.SimulationBackend - ERROR - Telemetry error: <AioRpcError of RPC that terminated with:
	status = StatusCode.UNAVAILABLE
	details = "failed to connect to all addresses; last error: UNKNOWN: ipv6:%5B::1%5D:50051: Failed to connect to remote host: Connection refused"
	debug_error_string = "UNAVAILABLE:failed to connect to all addresses; last error: UNKNOWN: ipv6:%5B::1%5D:50051: Failed to connect to remote host: Connection refused"
>
2026-07-01 17:22:38,665 - Drone1.SimulationBackend - ERROR - Telemetry error: <AioRpcError of RPC that terminated with:
	status = StatusCode.UNAVAILABLE
	details = "failed to connect to all addresses; last error: UNKNOWN: ipv6:%5B::1%5D:50051: Failed to connect to remote host: Connection refused"
	debug_error_string = "UNAVAILABLE:failed to connect to all addresses; last error: UNKNOWN: ipv6:%5B::1%5D:50051: Failed to connect to remote host: Connection refused"
>
2026-07-01 17:22:39,667 - Drone1.SimulationBackend - ERROR - Telemetry error: <AioRpcError of RPC that terminated with:
	status = StatusCode.UNAVAILABLE
	details = "failed to connect to all addresses; last error: UNKNOWN: ipv6:%5B::1%5D:50051: Failed to connect to remote host: Connection refused"
	debug_error_string = "UNAVAILABLE:failed to connect to all addresses; last error: UNKNOWN: ipv6:%5B::1%5D:50051: Failed to connect to remote host: Connection refused"
>
2026-07-01 17:22:40,668 - Drone1.SimulationBackend - ERROR - Telemetry error: <AioRpcError of RPC that terminated with:
	status = StatusCode.UNAVAILABLE
	details = "failed to connect to all addresses; last error: UNKNOWN: ipv6:%5B::1%5D:50051: Failed to connect to remote host: Connection refused"
	debug_error_string = "UNAVAILABLE:failed to connect to all addresses; last error: UNKNOWN: ipv6:%5B::1%5D:50051: Failed to connect to remote host: Connection refused"
>
2026-07-01 17:22:41,669 - Drone1.SimulationBackend - ERROR - Telemetry error: <AioRpcError of RPC that terminated with:
	status = StatusCode.UNAVAILABLE
	details = "failed to connect to all addresses; last error: UNKNOWN: ipv6:%5B::1%5D:50051: Failed to connect to remote host: Connection refused"
	debug_error_string = "UNAVAILABLE:failed to connect to all addresses; last error: UNKNOWN: ipv6:%5B::1%5D:50051: Failed to connect to remote host: Connection refused"
>
2026-07-01 17:22:42,671 - Drone1.SimulationBackend - ERROR - Telemetry error: <AioRpcError of RPC that terminated with:
	status = StatusCode.UNAVAILABLE
	details = "failed to connect to all addresses; last error: UNKNOWN: ipv6:%5B::1%5D:50051: Failed to connect to remote host: Connection refused"
	debug_error_string = "UNAVAILABLE:failed to connect to all addresses; last error: UNKNOWN: ipv6:%5B::1%5D:50051: Failed to connect to remote host: Connection refused"
>
2026-07-01 17:22:43,672 - Drone1.SimulationBackend - ERROR - Telemetry error: <AioRpcError of RPC that terminated with:
	status = StatusCode.UNAVAILABLE
	details = "failed to connect to all addresses; last error: UNKNOWN: ipv6:%5B::1%5D:50051: Failed to connect to remote host: Connection refused"
	debug_error_string = "UNAVAILABLE:failed to connect to all addresses; last error: UNKNOWN: ipv6:%5B::1%5D:50051: Failed to connect to remote host: Connection refused"
>
2026-07-01 17:22:44,675 - Drone1.SimulationBackend - ERROR - Telemetry error: <AioRpcError of RPC that terminated with:
	status = StatusCode.UNAVAILABLE
	details = "failed to connect to all addresses; last error: UNKNOWN: ipv6:%5B::1%5D:50051: Failed to connect to remote host: Connection refused"
	debug_error_string = "UNAVAILABLE:failed to connect to all addresses; last error: UNKNOWN: ipv6:%5B::1%5D:50051: Failed to connect to remote host: Connection refused"
>
2026-07-01 17:22:44,798 - Drone1 - INFO - Logger initialized for drone 1
2026-07-01 17:22:44,799 - Drone1 - INFO - BackendFactory: Creating SimulationBackend
2026-07-01 17:22:44,799 - Drone1.Communication - INFO - Communication initialized on 0.0.0.0:14560
2026-07-01 17:22:44,799 - Drone1.StateMachine - INFO - StateMachine initialized
2026-07-01 17:22:44,800 - Drone1 - INFO - DroneAgent initialized
2026-07-01 17:22:44,800 - Drone1 - INFO - Starting DroneAgent...
2026-07-01 17:22:44,800 - Drone1.SimulationBackend - INFO - Starting SimulationBackend...
2026-07-01 17:22:44,800 - Drone1.SimulationBackend - INFO - Connecting to SITL simulation via udpin://0.0.0.0:14540
2026-07-01 17:22:45,676 - Drone1.SimulationBackend - ERROR - Telemetry error: <AioRpcError of RPC that terminated with:
	status = StatusCode.UNAVAILABLE
	details = "failed to connect to all addresses; last error: UNKNOWN: ipv6:%5B::1%5D:50051: Failed to connect to remote host: Connection refused"
	debug_error_string = "UNAVAILABLE:failed to connect to all addresses; last error: UNKNOWN: ipv6:%5B::1%5D:50051: Failed to connect to remote host: Connection refused"
>
2026-07-01 17:22:46,678 - Drone1.SimulationBackend - ERROR - Telemetry error: <AioRpcError of RPC that terminated with:
	status = StatusCode.UNAVAILABLE
	details = "failed to connect to all addresses; last error: UNKNOWN: ipv6:%5B::1%5D:50051: Failed to connect to remote host: Connection refused"
	debug_error_string = "UNAVAILABLE:failed to connect to all addresses; last error: UNKNOWN: ipv6:%5B::1%5D:50051: Failed to connect to remote host: Connection refused"
>
2026-07-01 17:22:47,680 - Drone1.SimulationBackend - ERROR - Telemetry error: <AioRpcError of RPC that terminated with:
	status = StatusCode.UNAVAILABLE
	details = "failed to connect to all addresses; last error: UNKNOWN: ipv6:%5B::1%5D:50051: Failed to connect to remote host: Connection refused"
	debug_error_string = "UNAVAILABLE:failed to connect to all addresses; last error: UNKNOWN: ipv6:%5B::1%5D:50051: Failed to connect to remote host: Connection refused"
>
2026-07-01 17:22:48,681 - Drone1.SimulationBackend - ERROR - Telemetry error: <AioRpcError of RPC that terminated with:
	status = StatusCode.UNAVAILABLE
	details = "failed to connect to all addresses; last error: UNKNOWN: ipv6:%5B::1%5D:50051: Failed to connect to remote host: Connection refused"
	debug_error_string = "UNAVAILABLE:failed to connect to all addresses; last error: UNKNOWN: ipv6:%5B::1%5D:50051: Failed to connect to remote host: Connection refused"
>
2026-07-01 17:22:49,683 - Drone1.SimulationBackend - ERROR - Telemetry error: <AioRpcError of RPC that terminated with:
	status = StatusCode.UNAVAILABLE
	details = "failed to connect to all addresses; last error: UNKNOWN: ipv6:%5B::1%5D:50051: Failed to connect to remote host: Connection refused"
	debug_error_string = "UNAVAILABLE:failed to connect to all addresses; last error: UNKNOWN: ipv6:%5B::1%5D:50051: Failed to connect to remote host: Connection refused"
>
2026-07-01 17:22:50,684 - Drone1.SimulationBackend - ERROR - Telemetry error: <AioRpcError of RPC that terminated with:
	status = StatusCode.UNAVAILABLE
	details = "failed to connect to all addresses; last error: UNKNOWN: ipv6:%5B::1%5D:50051: Failed to connect to remote host: Connection refused"
	debug_error_string = "UNAVAILABLE:failed to connect to all addresses; last error: UNKNOWN: ipv6:%5B::1%5D:50051: Failed to connect to remote host: Connection refused"
>
2026-07-01 17:22:51,686 - Drone1.SimulationBackend - ERROR - Telemetry error: <AioRpcError of RPC that terminated with:
	status = StatusCode.UNAVAILABLE
	details = "failed to connect to all addresses; last error: UNKNOWN: ipv6:%5B::1%5D:50051: Failed to connect to remote host: Connection refused"
	debug_error_string = "UNAVAILABLE:failed to connect to all addresses; last error: UNKNOWN: ipv6:%5B::1%5D:50051: Failed to connect to remote host: Connection refused"
>
2026-07-01 17:22:52,687 - Drone1.SimulationBackend - ERROR - Telemetry error: <AioRpcError of RPC that terminated with:
	status = StatusCode.UNAVAILABLE
	details = "failed to connect to all addresses; last error: UNKNOWN: ipv6:%5B::1%5D:50051: Failed to connect to remote host: Connection refused"
	debug_error_string = "UNAVAILABLE:failed to connect to all addresses; last error: UNKNOWN: ipv6:%5B::1%5D:50051: Failed to connect to remote host: Connection refused"
>
2026-07-01 17:22:53,688 - Drone1.SimulationBackend - ERROR - Telemetry error: <AioRpcError of RPC that terminated with:
	status = StatusCode.UNAVAILABLE
	details = "failed to connect to all addresses; last error: UNKNOWN: ipv6:%5B::1%5D:50051: Failed to connect to remote host: Connection refused"
	debug_error_string = "UNAVAILABLE:failed to connect to all addresses; last error: UNKNOWN: ipv6:%5B::1%5D:50051: Failed to connect to remote host: Connection refused"
>
2026-07-01 17:22:54,690 - Drone1.SimulationBackend - ERROR - Telemetry error: <AioRpcError of RPC that terminated with:
	status = StatusCode.UNAVAILABLE
	details = "failed to connect to all addresses; last error: UNKNOWN: ipv6:%5B::1%5D:50051: Failed to connect to remote host: Connection refused"
	debug_error_string = "UNAVAILABLE:failed to connect to all addresses; last error: UNKNOWN: ipv6:%5B::1%5D:50051: Failed to connect to remote host: Connection refused"
>
2026-07-01 17:22:55,691 - Drone1.SimulationBackend - ERROR - Telemetry error: <AioRpcError of RPC that terminated with:
	status = StatusCode.UNAVAILABLE
	details = "failed to connect to all addresses; last error: UNKNOWN: ipv6:%5B::1%5D:50051: Failed to connect to remote host: Connection refused"
	debug_error_string = "UNAVAILABLE:failed to connect to all addresses; last error: UNKNOWN: ipv6:%5B::1%5D:50051: Failed to connect to remote host: Connection refused"
>
2026-07-01 17:22:56,692 - Drone1.SimulationBackend - ERROR - Telemetry error: <AioRpcError of RPC that terminated with:
	status = StatusCode.UNAVAILABLE
	details = "failed to connect to all addresses; last error: UNKNOWN: ipv6:%5B::1%5D:50051: Failed to connect to remote host: Connection refused"
	debug_error_string = "UNAVAILABLE:failed to connect to all addresses; last error: UNKNOWN: ipv6:%5B::1%5D:50051: Failed to connect to remote host: Connection refused"
>
2026-07-01 17:22:57,693 - Drone1.SimulationBackend - ERROR - Telemetry error: <AioRpcError of RPC that terminated with:
	status = StatusCode.UNAVAILABLE
	details = "failed to connect to all addresses; last error: UNKNOWN: ipv6:%5B::1%5D:50051: Failed to connect to remote host: Connection refused"
	debug_error_string = "UNAVAILABLE:failed to connect to all addresses; last error: UNKNOWN: ipv6:%5B::1%5D:50051: Failed to connect to remote host: Connection refused"
>
2026-07-01 17:22:58,695 - Drone1.SimulationBackend - ERROR - Telemetry error: <AioRpcError of RPC that terminated with:
	status = StatusCode.UNAVAILABLE
	details = "failed to connect to all addresses; last error: UNKNOWN: ipv6:%5B::1%5D:50051: Failed to connect to remote host: Connection refused"
	debug_error_string = "UNAVAILABLE:failed to connect to all addresses; last error: UNKNOWN: ipv6:%5B::1%5D:50051: Failed to connect to remote host: Connection refused"
>
2026-07-01 17:22:59,607 - Drone1 - INFO - Received signal 15, initiating shutdown...
2026-07-01 17:22:59,607 - Drone1 - INFO - Shutting down DroneAgent...
2026-07-01 17:22:59,607 - Drone1.Heartbeat - INFO - Heartbeat stopped
2026-07-01 17:22:59,607 - Drone1.MovementController - INFO - Movement controller stopped
2026-07-01 17:22:59,607 - Drone1.Decision - INFO - Decision engine stopped
2026-07-01 17:22:59,607 - Drone1.Telemetry - INFO - Telemetry stopped
2026-07-01 17:22:59,607 - Drone1.Communication - INFO - Communication stopped
2026-07-01 17:22:59,608 - Drone1.SimulationBackend - INFO - Stopping SimulationBackend...
2026-07-01 17:22:59,696 - Drone1.SimulationBackend - ERROR - Telemetry error: <AioRpcError of RPC that terminated with:
	status = StatusCode.UNAVAILABLE
	details = "failed to connect to all addresses; last error: UNKNOWN: ipv6:%5B::1%5D:50051: Failed to connect to remote host: Connection refused"
	debug_error_string = "UNAVAILABLE:failed to connect to all addresses; last error: UNKNOWN: ipv6:%5B::1%5D:50051: Failed to connect to remote host: Connection refused"
>
2026-07-01 17:23:00,698 - Drone1.SimulationBackend - ERROR - Telemetry error: <AioRpcError of RPC that terminated with:
	status = StatusCode.UNAVAILABLE
	details = "failed to connect to all addresses; last error: UNKNOWN: ipv6:%5B::1%5D:50051: Failed to connect to remote host: Connection refused"
	debug_error_string = "UNAVAILABLE:failed to connect to all addresses; last error: UNKNOWN: ipv6:%5B::1%5D:50051: Failed to connect to remote host: Connection refused"
>
2026-07-01 17:23:01,699 - Drone1.SimulationBackend - ERROR - Telemetry error: <AioRpcError of RPC that terminated with:
	status = StatusCode.UNAVAILABLE
	details = "failed to connect to all addresses; last error: UNKNOWN: ipv6:%5B::1%5D:50051: Failed to connect to remote host: Connection refused"
	debug_error_string = "UNAVAILABLE:failed to connect to all addresses; last error: UNKNOWN: ipv6:%5B::1%5D:50051: Failed to connect to remote host: Connection refused"
>
2026-07-01 17:23:02,700 - Drone1.SimulationBackend - ERROR - Telemetry error: <AioRpcError of RPC that terminated with:
	status = StatusCode.UNAVAILABLE
	details = "failed to connect to all addresses; last error: UNKNOWN: ipv6:%5B::1%5D:50051: Failed to connect to remote host: Connection refused"
	debug_error_string = "UNAVAILABLE:failed to connect to all addresses; last error: UNKNOWN: ipv6:%5B::1%5D:50051: Failed to connect to remote host: Connection refused"
>
2026-07-01 17:23:03,702 - Drone1.SimulationBackend - ERROR - Telemetry error: <AioRpcError of RPC that terminated with:
	status = StatusCode.UNAVAILABLE
	details = "failed to connect to all addresses; last error: UNKNOWN: ipv6:%5B::1%5D:50051: Failed to connect to remote host: Connection refused"
	debug_error_string = "UNAVAILABLE:failed to connect to all addresses; last error: UNKNOWN: ipv6:%5B::1%5D:50051: Failed to connect to remote host: Connection refused"
>
2026-07-01 17:23:04,608 - Drone1 - INFO - DroneAgent shutdown complete
2026-07-01 17:23:04,703 - Drone1.SimulationBackend - ERROR - Telemetry error: <AioRpcError of RPC that terminated with:
	status = StatusCode.UNAVAILABLE
	details = "failed to connect to all addresses; last error: UNKNOWN: ipv6:%5B::1%5D:50051: Failed to connect to remote host: Connection refused"
	debug_error_string = "UNAVAILABLE:failed to connect to all addresses; last error: UNKNOWN: ipv6:%5B::1%5D:50051: Failed to connect to remote host: Connection refused"
>
2026-07-01 17:23:05,704 - Drone1.SimulationBackend - ERROR - Telemetry error: <AioRpcError of RPC that terminated with:
	status = StatusCode.UNAVAILABLE
	details = "failed to connect to all addresses; last error: UNKNOWN: ipv6:%5B::1%5D:50051: Failed to connect to remote host: Connection refused"
	debug_error_string = "UNAVAILABLE:failed to connect to all addresses; last error: UNKNOWN: ipv6:%5B::1%5D:50051: Failed to connect to remote host: Connection refused"
>
2026-07-01 17:23:06,705 - Drone1.SimulationBackend - ERROR - Telemetry error: <AioRpcError of RPC that terminated with:
	status = StatusCode.UNAVAILABLE
	details = "failed to connect to all addresses; last error: UNKNOWN: ipv6:%5B::1%5D:50051: Failed to connect to remote host: Connection refused"
	debug_error_string = "UNAVAILABLE:failed to connect to all addresses; last error: UNKNOWN: ipv6:%5B::1%5D:50051: Failed to connect to remote host: Connection refused"
>
2026-07-01 17:23:07,706 - Drone1.SimulationBackend - ERROR - Telemetry error: <AioRpcError of RPC that terminated with:
	status = StatusCode.UNAVAILABLE
	details = "failed to connect to all addresses; last error: UNKNOWN: ipv6:%5B::1%5D:50051: Failed to connect to remote host: Connection refused"
	debug_error_string = "UNAVAILABLE:failed to connect to all addresses; last error: UNKNOWN: ipv6:%5B::1%5D:50051: Failed to connect to remote host: Connection refused"
>
2026-07-01 17:23:08,709 - Drone1.SimulationBackend - ERROR - Telemetry error: <AioRpcError of RPC that terminated with:
	status = StatusCode.UNAVAILABLE
	details = "failed to connect to all addresses; last error: UNKNOWN: ipv6:%5B::1%5D:50051: Failed to connect to remote host: Connection refused"
	debug_error_string = "UNAVAILABLE:failed to connect to all addresses; last error: UNKNOWN: ipv6:%5B::1%5D:50051: Failed to connect to remote host: Connection refused"
>
2026-07-01 17:23:09,710 - Drone1.SimulationBackend - ERROR - Telemetry error: <AioRpcError of RPC that terminated with:
	status = StatusCode.UNAVAILABLE
	details = "failed to connect to all addresses; last error: UNKNOWN: ipv6:%5B::1%5D:50051: Failed to connect to remote host: Connection refused"
	debug_error_string = "UNAVAILABLE:failed to connect to all addresses; last error: UNKNOWN: ipv6:%5B::1%5D:50051: Failed to connect to remote host: Connection refused"
>
2026-07-01 17:23:10,713 - Drone1.SimulationBackend - ERROR - Telemetry error: <AioRpcError of RPC that terminated with:
	status = StatusCode.UNAVAILABLE
	details = "failed to connect to all addresses; last error: UNKNOWN: ipv6:%5B::1%5D:50051: Failed to connect to remote host: Connection refused"
	debug_error_string = "UNAVAILABLE:failed to connect to all addresses; last error: UNKNOWN: ipv6:%5B::1%5D:50051: Failed to connect to remote host: Connection refused"
>
2026-07-01 17:23:11,714 - Drone1.SimulationBackend - ERROR - Telemetry error: <AioRpcError of RPC that terminated with:
	status = StatusCode.UNAVAILABLE
	details = "failed to connect to all addresses; last error: UNKNOWN: ipv6:%5B::1%5D:50051: Failed to connect to remote host: Connection refused"
	debug_error_string = "UNAVAILABLE:failed to connect to all addresses; last error: UNKNOWN: ipv6:%5B::1%5D:50051: Failed to connect to remote host: Connection refused"
>
2026-07-01 17:23:12,715 - Drone1.SimulationBackend - ERROR - Telemetry error: <AioRpcError of RPC that terminated with:
	status = StatusCode.UNAVAILABLE
	details = "failed to connect to all addresses; last error: UNKNOWN: ipv6:%5B::1%5D:50051: Failed to connect to remote host: Connection refused"
	debug_error_string = "UNAVAILABLE:failed to connect to all addresses; last error: UNKNOWN: ipv6:%5B::1%5D:50051: Failed to connect to remote host: Connection refused"
>
2026-07-01 17:23:13,716 - Drone1.SimulationBackend - ERROR - Telemetry error: <AioRpcError of RPC that terminated with:
	status = StatusCode.UNAVAILABLE
	details = "failed to connect to all addresses; last error: UNKNOWN: ipv6:%5B::1%5D:50051: Failed to connect to remote host: Connection refused"
	debug_error_string = "UNAVAILABLE:failed to connect to all addresses; last error: UNKNOWN: ipv6:%5B::1%5D:50051: Failed to connect to remote host: Connection refused"
>
2026-07-01 17:23:14,719 - Drone1.SimulationBackend - ERROR - Telemetry error: <AioRpcError of RPC that terminated with:
	status = StatusCode.UNAVAILABLE
	details = "failed to connect to all addresses; last error: UNKNOWN: ipv6:%5B::1%5D:50051: Failed to connect to remote host: Connection refused"
	debug_error_string = "UNAVAILABLE:failed to connect to all addresses; last error: UNKNOWN: ipv6:%5B::1%5D:50051: Failed to connect to remote host: Connection refused"
>
2026-07-01 17:23:15,720 - Drone1.SimulationBackend - ERROR - Telemetry error: <AioRpcError of RPC that terminated with:
	status = StatusCode.UNAVAILABLE
	details = "failed to connect to all addresses; last error: UNKNOWN: ipv6:%5B::1%5D:50051: Failed to connect to remote host: Connection refused"
	debug_error_string = "UNAVAILABLE:failed to connect to all addresses; last error: UNKNOWN: ipv6:%5B::1%5D:50051: Failed to connect to remote host: Connection refused"
>
2026-07-01 17:23:16,721 - Drone1.SimulationBackend - ERROR - Telemetry error: <AioRpcError of RPC that terminated with:
	status = StatusCode.UNAVAILABLE
	details = "failed to connect to all addresses; last error: UNKNOWN: ipv6:%5B::1%5D:50051: Failed to connect to remote host: Connection refused"
	debug_error_string = "UNAVAILABLE:failed to connect to all addresses; last error: UNKNOWN: ipv6:%5B::1%5D:50051: Failed to connect to remote host: Connection refused"
>
2026-07-01 17:23:17,723 - Drone1.SimulationBackend - ERROR - Telemetry error: <AioRpcError of RPC that terminated with:
	status = StatusCode.UNAVAILABLE
	details = "failed to connect to all addresses; last error: UNKNOWN: ipv6:%5B::1%5D:50051: Failed to connect to remote host: Connection refused"
	debug_error_string = "UNAVAILABLE:failed to connect to all addresses; last error: UNKNOWN: ipv6:%5B::1%5D:50051: Failed to connect to remote host: Connection refused"
>
2026-07-01 17:23:18,724 - Drone1.SimulationBackend - ERROR - Telemetry error: <AioRpcError of RPC that terminated with:
	status = StatusCode.UNAVAILABLE
	details = "failed to connect to all addresses; last error: UNKNOWN: ipv6:%5B::1%5D:50051: Failed to connect to remote host: Connection refused"
	debug_error_string = "UNAVAILABLE:failed to connect to all addresses; last error: UNKNOWN: ipv6:%5B::1%5D:50051: Failed to connect to remote host: Connection refused"
>
2026-07-01 17:23:19,725 - Drone1.SimulationBackend - ERROR - Telemetry error: <AioRpcError of RPC that terminated with:
	status = StatusCode.UNAVAILABLE
	details = "failed to connect to all addresses; last error: UNKNOWN: ipv6:%5B::1%5D:50051: Failed to connect to remote host: Connection refused"
	debug_error_string = "UNAVAILABLE:failed to connect to all addresses; last error: UNKNOWN: ipv6:%5B::1%5D:50051: Failed to connect to remote host: Connection refused"
>
2026-07-01 17:23:20,727 - Drone1.SimulationBackend - ERROR - Telemetry error: <AioRpcError of RPC that terminated with:
	status = StatusCode.UNAVAILABLE
	details = "failed to connect to all addresses; last error: UNKNOWN: ipv6:%5B::1%5D:50051: Failed to connect to remote host: Connection refused"
	debug_error_string = "UNAVAILABLE:failed to connect to all addresses; last error: UNKNOWN: ipv6:%5B::1%5D:50051: Failed to connect to remote host: Connection refused"
>
2026-07-01 17:23:21,728 - Drone1.SimulationBackend - ERROR - Telemetry error: <AioRpcError of RPC that terminated with:
	status = StatusCode.UNAVAILABLE
	details = "failed to connect to all addresses; last error: UNKNOWN: ipv6:%5B::1%5D:50051: Failed to connect to remote host: Connection refused"
	debug_error_string = "UNAVAILABLE:failed to connect to all addresses; last error: UNKNOWN: ipv6:%5B::1%5D:50051: Failed to connect to remote host: Connection refused"
>
2026-07-01 17:23:22,731 - Drone1.SimulationBackend - ERROR - Telemetry error: <AioRpcError of RPC that terminated with:
	status = StatusCode.UNAVAILABLE
	details = "failed to connect to all addresses; last error: UNKNOWN: ipv6:%5B::1%5D:50051: Failed to connect to remote host: Connection refused"
	debug_error_string = "UNAVAILABLE:failed to connect to all addresses; last error: UNKNOWN: ipv6:%5B::1%5D:50051: Failed to connect to remote host: Connection refused"
>
2026-07-01 17:23:23,733 - Drone1.SimulationBackend - ERROR - Telemetry error: <AioRpcError of RPC that terminated with:
	status = StatusCode.UNAVAILABLE
	details = "failed to connect to all addresses; last error: UNKNOWN: ipv6:%5B::1%5D:50051: Failed to connect to remote host: Connection refused"
	debug_error_string = "UNAVAILABLE:failed to connect to all addresses; last error: UNKNOWN: ipv6:%5B::1%5D:50051: Failed to connect to remote host: Connection refused"
>
2026-07-01 17:23:24,735 - Drone1.SimulationBackend - ERROR - Telemetry error: <AioRpcError of RPC that terminated with:
	status = StatusCode.UNAVAILABLE
	details = "failed to connect to all addresses; last error: UNKNOWN: ipv6:%5B::1%5D:50051: Failed to connect to remote host: Connection refused"
	debug_error_string = "UNAVAILABLE:failed to connect to all addresses; last error: UNKNOWN: ipv6:%5B::1%5D:50051: Failed to connect to remote host: Connection refused"
>
2026-07-01 17:23:25,737 - Drone1.SimulationBackend - ERROR - Telemetry error: <AioRpcError of RPC that terminated with:
	status = StatusCode.UNAVAILABLE
	details = "failed to connect to all addresses; last error: UNKNOWN: ipv6:%5B::1%5D:50051: Failed to connect to remote host: Connection refused"
	debug_error_string = "UNAVAILABLE:failed to connect to all addresses; last error: UNKNOWN: ipv6:%5B::1%5D:50051: Failed to connect to remote host: Connection refused"
>
2026-07-01 17:23:26,740 - Drone1.SimulationBackend - ERROR - Telemetry error: <AioRpcError of RPC that terminated with:
	status = StatusCode.UNAVAILABLE
	details = "failed to connect to all addresses; last error: UNKNOWN: ipv6:%5B::1%5D:50051: Failed to connect to remote host: Connection refused"
	debug_error_string = "UNAVAILABLE:failed to connect to all addresses; last error: UNKNOWN: ipv6:%5B::1%5D:50051: Failed to connect to remote host: Connection refused"
>
2026-07-01 17:23:27,741 - Drone1.SimulationBackend - ERROR - Telemetry error: <AioRpcError of RPC that terminated with:
	status = StatusCode.UNAVAILABLE
	details = "failed to connect to all addresses; last error: UNKNOWN: ipv6:%5B::1%5D:50051: Failed to connect to remote host: Connection refused"
	debug_error_string = "UNAVAILABLE:failed to connect to all addresses; last error: UNKNOWN: ipv6:%5B::1%5D:50051: Failed to connect to remote host: Connection refused"
>
2026-07-01 17:23:28,743 - Drone1.SimulationBackend - ERROR - Telemetry error: <AioRpcError of RPC that terminated with:
	status = StatusCode.UNAVAILABLE
	details = "failed to connect to all addresses; last error: UNKNOWN: ipv6:%5B::1%5D:50051: Failed to connect to remote host: Connection refused"
	debug_error_string = "UNAVAILABLE:failed to connect to all addresses; last error: UNKNOWN: ipv6:%5B::1%5D:50051: Failed to connect to remote host: Connection refused"
>
2026-07-01 17:23:29,745 - Drone1.SimulationBackend - ERROR - Telemetry error: <AioRpcError of RPC that terminated with:
	status = StatusCode.UNAVAILABLE
	details = "failed to connect to all addresses; last error: UNKNOWN: ipv6:%5B::1%5D:50051: Failed to connect to remote host: Connection refused"
	debug_error_string = "UNAVAILABLE:failed to connect to all addresses; last error: UNKNOWN: ipv6:%5B::1%5D:50051: Failed to connect to remote host: Connection refused"
>
2026-07-01 17:23:30,747 - Drone1.SimulationBackend - ERROR - Telemetry error: <AioRpcError of RPC that terminated with:
	status = StatusCode.UNAVAILABLE
	details = "failed to connect to all addresses; last error: UNKNOWN: ipv6:%5B::1%5D:50051: Failed to connect to remote host: Connection refused"
	debug_error_string = "UNAVAILABLE:failed to connect to all addresses; last error: UNKNOWN: ipv6:%5B::1%5D:50051: Failed to connect to remote host: Connection refused"
>
2026-07-01 17:23:31,748 - Drone1.SimulationBackend - ERROR - Telemetry error: <AioRpcError of RPC that terminated with:
	status = StatusCode.UNAVAILABLE
	details = "failed to connect to all addresses; last error: UNKNOWN: ipv6:%5B::1%5D:50051: Failed to connect to remote host: Connection refused"
	debug_error_string = "UNAVAILABLE:failed to connect to all addresses; last error: UNKNOWN: ipv6:%5B::1%5D:50051: Failed to connect to remote host: Connection refused"
>
2026-07-01 17:23:32,749 - Drone1.SimulationBackend - ERROR - Telemetry error: <AioRpcError of RPC that terminated with:
	status = StatusCode.UNAVAILABLE
	details = "failed to connect to all addresses; last error: UNKNOWN: ipv6:%5B::1%5D:50051: Failed to connect to remote host: Connection refused"
	debug_error_string = "UNAVAILABLE:failed to connect to all addresses; last error: UNKNOWN: ipv6:%5B::1%5D:50051: Failed to connect to remote host: Connection refused"
>
2026-07-01 17:23:33,750 - Drone1.SimulationBackend - ERROR - Telemetry error: <AioRpcError of RPC that terminated with:
	status = StatusCode.UNAVAILABLE
	details = "failed to connect to all addresses; last error: UNKNOWN: ipv6:%5B::1%5D:50051: Failed to connect to remote host: Connection refused"
	debug_error_string = "UNAVAILABLE:failed to connect to all addresses; last error: UNKNOWN: ipv6:%5B::1%5D:50051: Failed to connect to remote host: Connection refused"
>
2026-07-01 17:23:34,752 - Drone1.SimulationBackend - ERROR - Telemetry error: <AioRpcError of RPC that terminated with:
	status = StatusCode.UNAVAILABLE
	details = "failed to connect to all addresses; last error: UNKNOWN: ipv6:%5B::1%5D:50051: Failed to connect to remote host: Connection refused"
	debug_error_string = "UNAVAILABLE:failed to connect to all addresses; last error: UNKNOWN: ipv6:%5B::1%5D:50051: Failed to connect to remote host: Connection refused"
>
2026-07-01 17:23:35,753 - Drone1.SimulationBackend - ERROR - Telemetry error: <AioRpcError of RPC that terminated with:
	status = StatusCode.UNAVAILABLE
	details = "failed to connect to all addresses; last error: UNKNOWN: ipv6:%5B::1%5D:50051: Failed to connect to remote host: Connection refused"
	debug_error_string = "UNAVAILABLE:failed to connect to all addresses; last error: UNKNOWN: ipv6:%5B::1%5D:50051: Failed to connect to remote host: Connection refused"
>
2026-07-01 17:23:36,756 - Drone1.SimulationBackend - ERROR - Telemetry error: <AioRpcError of RPC that terminated with:
	status = StatusCode.UNAVAILABLE
	details = "failed to connect to all addresses; last error: UNKNOWN: ipv6:%5B::1%5D:50051: Failed to connect to remote host: Connection refused"
	debug_error_string = "UNAVAILABLE:failed to connect to all addresses; last error: UNKNOWN: ipv6:%5B::1%5D:50051: Failed to connect to remote host: Connection refused"
>
2026-07-01 17:23:37,757 - Drone1.SimulationBackend - ERROR - Telemetry error: <AioRpcError of RPC that terminated with:
	status = StatusCode.UNAVAILABLE
	details = "failed to connect to all addresses; last error: UNKNOWN: ipv6:%5B::1%5D:50051: Failed to connect to remote host: Connection refused"
	debug_error_string = "UNAVAILABLE:failed to connect to all addresses; last error: UNKNOWN: ipv6:%5B::1%5D:50051: Failed to connect to remote host: Connection refused"
>
2026-07-01 17:23:38,758 - Drone1.SimulationBackend - ERROR - Telemetry error: <AioRpcError of RPC that terminated with:
	status = StatusCode.UNAVAILABLE
	details = "failed to connect to all addresses; last error: UNKNOWN: ipv6:%5B::1%5D:50051: Failed to connect to remote host: Connection refused"
	debug_error_string = "UNAVAILABLE:failed to connect to all addresses; last error: UNKNOWN: ipv6:%5B::1%5D:50051: Failed to connect to remote host: Connection refused"
>
2026-07-01 17:23:39,759 - Drone1.SimulationBackend - ERROR - Telemetry error: <AioRpcError of RPC that terminated with:
	status = StatusCode.UNAVAILABLE
	details = "failed to connect to all addresses; last error: UNKNOWN: ipv6:%5B::1%5D:50051: Failed to connect to remote host: Connection refused"
	debug_error_string = "UNAVAILABLE:failed to connect to all addresses; last error: UNKNOWN: ipv6:%5B::1%5D:50051: Failed to connect to remote host: Connection refused"
>
2026-07-01 17:23:40,761 - Drone1.SimulationBackend - ERROR - Telemetry error: <AioRpcError of RPC that terminated with:
	status = StatusCode.UNAVAILABLE
	details = "failed to connect to all addresses; last error: UNKNOWN: ipv6:%5B::1%5D:50051: Failed to connect to remote host: Connection refused"
	debug_error_string = "UNAVAILABLE:failed to connect to all addresses; last error: UNKNOWN: ipv6:%5B::1%5D:50051: Failed to connect to remote host: Connection refused"
>
2026-07-01 17:23:41,762 - Drone1.SimulationBackend - ERROR - Telemetry error: <AioRpcError of RPC that terminated with:
	status = StatusCode.UNAVAILABLE
	details = "failed to connect to all addresses; last error: UNKNOWN: ipv6:%5B::1%5D:50051: Failed to connect to remote host: Connection refused"
	debug_error_string = "UNAVAILABLE:failed to connect to all addresses; last error: UNKNOWN: ipv6:%5B::1%5D:50051: Failed to connect to remote host: Connection refused"
>
2026-07-01 17:23:42,763 - Drone1.SimulationBackend - ERROR - Telemetry error: <AioRpcError of RPC that terminated with:
	status = StatusCode.UNAVAILABLE
	details = "failed to connect to all addresses; last error: UNKNOWN: ipv6:%5B::1%5D:50051: Failed to connect to remote host: Connection refused"
	debug_error_string = "UNAVAILABLE:failed to connect to all addresses; last error: UNKNOWN: ipv6:%5B::1%5D:50051: Failed to connect to remote host: Connection refused"
>
2026-07-01 17:23:43,764 - Drone1.SimulationBackend - ERROR - Telemetry error: <AioRpcError of RPC that terminated with:
	status = StatusCode.UNAVAILABLE
	details = "failed to connect to all addresses; last error: UNKNOWN: ipv6:%5B::1%5D:50051: Failed to connect to remote host: Connection refused"
	debug_error_string = "UNAVAILABLE:failed to connect to all addresses; last error: UNKNOWN: ipv6:%5B::1%5D:50051: Failed to connect to remote host: Connection refused"
>
2026-07-01 17:23:44,765 - Drone1.SimulationBackend - ERROR - Telemetry error: <AioRpcError of RPC that terminated with:
	status = StatusCode.UNAVAILABLE
	details = "failed to connect to all addresses; last error: UNKNOWN: ipv6:%5B::1%5D:50051: Failed to connect to remote host: Connection refused"
	debug_error_string = "UNAVAILABLE:failed to connect to all addresses; last error: UNKNOWN: ipv6:%5B::1%5D:50051: Failed to connect to remote host: Connection refused"
>
2026-07-01 17:23:45,767 - Drone1.SimulationBackend - ERROR - Telemetry error: <AioRpcError of RPC that terminated with:
	status = StatusCode.UNAVAILABLE
	details = "failed to connect to all addresses; last error: UNKNOWN: ipv6:%5B::1%5D:50051: Failed to connect to remote host: Connection refused"
	debug_error_string = "UNAVAILABLE:failed to connect to all addresses; last error: UNKNOWN: ipv6:%5B::1%5D:50051: Failed to connect to remote host: Connection refused"
>
2026-07-01 17:23:46,768 - Drone1.SimulationBackend - ERROR - Telemetry error: <AioRpcError of RPC that terminated with:
	status = StatusCode.UNAVAILABLE
	details = "failed to connect to all addresses; last error: UNKNOWN: ipv6:%5B::1%5D:50051: Failed to connect to remote host: Connection refused"
	debug_error_string = "UNAVAILABLE:failed to connect to all addresses; last error: UNKNOWN: ipv6:%5B::1%5D:50051: Failed to connect to remote host: Connection refused"
>
2026-07-01 17:23:47,769 - Drone1.SimulationBackend - ERROR - Telemetry error: <AioRpcError of RPC that terminated with:
	status = StatusCode.UNAVAILABLE
	details = "failed to connect to all addresses; last error: UNKNOWN: ipv6:%5B::1%5D:50051: Failed to connect to remote host: Connection refused"
	debug_error_string = "UNAVAILABLE:failed to connect to all addresses; last error: UNKNOWN: ipv6:%5B::1%5D:50051: Failed to connect to remote host: Connection refused"
>
2026-07-01 17:23:48,770 - Drone1.SimulationBackend - ERROR - Telemetry error: <AioRpcError of RPC that terminated with:
	status = StatusCode.UNAVAILABLE
	details = "failed to connect to all addresses; last error: UNKNOWN: ipv6:%5B::1%5D:50051: Failed to connect to remote host: Connection refused"
	debug_error_string = "UNAVAILABLE:failed to connect to all addresses; last error: UNKNOWN: ipv6:%5B::1%5D:50051: Failed to connect to remote host: Connection refused"
>
2026-07-01 17:23:49,772 - Drone1.SimulationBackend - ERROR - Telemetry error: <AioRpcError of RPC that terminated with:
	status = StatusCode.UNAVAILABLE
	details = "failed to connect to all addresses; last error: UNKNOWN: ipv6:%5B::1%5D:50051: Failed to connect to remote host: Connection refused"
	debug_error_string = "UNAVAILABLE:failed to connect to all addresses; last error: UNKNOWN: ipv6:%5B::1%5D:50051: Failed to connect to remote host: Connection refused"
>
2026-07-01 17:23:50,773 - Drone1.SimulationBackend - ERROR - Telemetry error: <AioRpcError of RPC that terminated with:
	status = StatusCode.UNAVAILABLE
	details = "failed to connect to all addresses; last error: UNKNOWN: ipv6:%5B::1%5D:50051: Failed to connect to remote host: Connection refused"
	debug_error_string = "UNAVAILABLE:failed to connect to all addresses; last error: UNKNOWN: ipv6:%5B::1%5D:50051: Failed to connect to remote host: Connection refused"
>
2026-07-01 17:23:51,775 - Drone1.SimulationBackend - ERROR - Telemetry error: <AioRpcError of RPC that terminated with:
	status = StatusCode.UNAVAILABLE
	details = "failed to connect to all addresses; last error: UNKNOWN: ipv6:%5B::1%5D:50051: Failed to connect to remote host: Connection refused"
	debug_error_string = "UNAVAILABLE:failed to connect to all addresses; last error: UNKNOWN: ipv6:%5B::1%5D:50051: Failed to connect to remote host: Connection refused"
>
2026-07-01 17:23:52,776 - Drone1.SimulationBackend - ERROR - Telemetry error: <AioRpcError of RPC that terminated with:
	status = StatusCode.UNAVAILABLE
	details = "failed to connect to all addresses; last error: UNKNOWN: ipv6:%5B::1%5D:50051: Failed to connect to remote host: Connection refused"
	debug_error_string = "UNAVAILABLE:failed to connect to all addresses; last error: UNKNOWN: ipv6:%5B::1%5D:50051: Failed to connect to remote host: Connection refused"
>
2026-07-01 17:23:53,777 - Drone1.SimulationBackend - ERROR - Telemetry error: <AioRpcError of RPC that terminated with:
	status = StatusCode.UNAVAILABLE
	details = "failed to connect to all addresses; last error: UNKNOWN: ipv6:%5B::1%5D:50051: Failed to connect to remote host: Connection refused"
	debug_error_string = "UNAVAILABLE:failed to connect to all addresses; last error: UNKNOWN: ipv6:%5B::1%5D:50051: Failed to connect to remote host: Connection refused"
>
2026-07-01 17:23:54,778 - Drone1.SimulationBackend - ERROR - Telemetry error: <AioRpcError of RPC that terminated with:
	status = StatusCode.UNAVAILABLE
	details = "failed to connect to all addresses; last error: UNKNOWN: ipv6:%5B::1%5D:50051: Failed to connect to remote host: Connection refused"
	debug_error_string = "UNAVAILABLE:failed to connect to all addresses; last error: UNKNOWN: ipv6:%5B::1%5D:50051: Failed to connect to remote host: Connection refused"
>
2026-07-01 17:23:55,779 - Drone1.SimulationBackend - ERROR - Telemetry error: <AioRpcError of RPC that terminated with:
	status = StatusCode.UNAVAILABLE
	details = "failed to connect to all addresses; last error: UNKNOWN: ipv6:%5B::1%5D:50051: Failed to connect to remote host: Connection refused"
	debug_error_string = "UNAVAILABLE:failed to connect to all addresses; last error: UNKNOWN: ipv6:%5B::1%5D:50051: Failed to connect to remote host: Connection refused"
>
2026-07-01 17:23:56,780 - Drone1.SimulationBackend - ERROR - Telemetry error: <AioRpcError of RPC that terminated with:
	status = StatusCode.UNAVAILABLE
	details = "failed to connect to all addresses; last error: UNKNOWN: ipv6:%5B::1%5D:50051: Failed to connect to remote host: Connection refused"
	debug_error_string = "UNAVAILABLE:failed to connect to all addresses; last error: UNKNOWN: ipv6:%5B::1%5D:50051: Failed to connect to remote host: Connection refused"
>
2026-07-01 17:23:57,781 - Drone1.SimulationBackend - ERROR - Telemetry error: <AioRpcError of RPC that terminated with:
	status = StatusCode.UNAVAILABLE
	details = "failed to connect to all addresses; last error: UNKNOWN: ipv6:%5B::1%5D:50051: Failed to connect to remote host: Connection refused"
	debug_error_string = "UNAVAILABLE:failed to connect to all addresses; last error: UNKNOWN: ipv6:%5B::1%5D:50051: Failed to connect to remote host: Connection refused"
>
2026-07-01 17:23:58,782 - Drone1.SimulationBackend - ERROR - Telemetry error: <AioRpcError of RPC that terminated with:
	status = StatusCode.UNAVAILABLE
	details = "failed to connect to all addresses; last error: UNKNOWN: ipv6:%5B::1%5D:50051: Failed to connect to remote host: Connection refused"
	debug_error_string = "UNAVAILABLE:failed to connect to all addresses; last error: UNKNOWN: ipv6:%5B::1%5D:50051: Failed to connect to remote host: Connection refused"
>
2026-07-01 17:23:59,783 - Drone1.SimulationBackend - ERROR - Telemetry error: <AioRpcError of RPC that terminated with:
	status = StatusCode.UNAVAILABLE
	details = "failed to connect to all addresses; last error: UNKNOWN: ipv6:%5B::1%5D:50051: Failed to connect to remote host: Connection refused"
	debug_error_string = "UNAVAILABLE:failed to connect to all addresses; last error: UNKNOWN: ipv6:%5B::1%5D:50051: Failed to connect to remote host: Connection refused"
>
2026-07-01 17:24:00,784 - Drone1.SimulationBackend - ERROR - Telemetry error: <AioRpcError of RPC that terminated with:
	status = StatusCode.UNAVAILABLE
	details = "failed to connect to all addresses; last error: UNKNOWN: ipv6:%5B::1%5D:50051: Failed to connect to remote host: Connection refused"
	debug_error_string = "UNAVAILABLE:failed to connect to all addresses; last error: UNKNOWN: ipv6:%5B::1%5D:50051: Failed to connect to remote host: Connection refused"
>
2026-07-01 17:24:01,787 - Drone1.SimulationBackend - ERROR - Telemetry error: <AioRpcError of RPC that terminated with:
	status = StatusCode.UNAVAILABLE
	details = "failed to connect to all addresses; last error: UNKNOWN: ipv6:%5B::1%5D:50051: Failed to connect to remote host: Connection refused"
	debug_error_string = "UNAVAILABLE:failed to connect to all addresses; last error: UNKNOWN: ipv6:%5B::1%5D:50051: Failed to connect to remote host: Connection refused"
>
2026-07-01 17:24:02,788 - Drone1.SimulationBackend - ERROR - Telemetry error: <AioRpcError of RPC that terminated with:
	status = StatusCode.UNAVAILABLE
	details = "failed to connect to all addresses; last error: UNKNOWN: ipv6:%5B::1%5D:50051: Failed to connect to remote host: Connection refused"
	debug_error_string = "UNAVAILABLE:failed to connect to all addresses; last error: UNKNOWN: ipv6:%5B::1%5D:50051: Failed to connect to remote host: Connection refused"
>
2026-07-01 17:24:03,789 - Drone1.SimulationBackend - ERROR - Telemetry error: <AioRpcError of RPC that terminated with:
	status = StatusCode.UNAVAILABLE
	details = "failed to connect to all addresses; last error: UNKNOWN: ipv6:%5B::1%5D:50051: Failed to connect to remote host: Connection refused"
	debug_error_string = "UNAVAILABLE:failed to connect to all addresses; last error: UNKNOWN: ipv6:%5B::1%5D:50051: Failed to connect to remote host: Connection refused"
>
2026-07-01 17:24:04,791 - Drone1.SimulationBackend - ERROR - Telemetry error: <AioRpcError of RPC that terminated with:
	status = StatusCode.UNAVAILABLE
	details = "failed to connect to all addresses; last error: UNKNOWN: ipv6:%5B::1%5D:50051: Failed to connect to remote host: Connection refused"
	debug_error_string = "UNAVAILABLE:failed to connect to all addresses; last error: UNKNOWN: ipv6:%5B::1%5D:50051: Failed to connect to remote host: Connection refused"
>
2026-07-01 17:24:05,792 - Drone1.SimulationBackend - ERROR - Telemetry error: <AioRpcError of RPC that terminated with:
	status = StatusCode.UNAVAILABLE
	details = "failed to connect to all addresses; last error: UNKNOWN: ipv6:%5B::1%5D:50051: Failed to connect to remote host: Connection refused"
	debug_error_string = "UNAVAILABLE:failed to connect to all addresses; last error: UNKNOWN: ipv6:%5B::1%5D:50051: Failed to connect to remote host: Connection refused"
>
2026-07-01 17:24:06,794 - Drone1.SimulationBackend - ERROR - Telemetry error: <AioRpcError of RPC that terminated with:
	status = StatusCode.UNAVAILABLE
	details = "failed to connect to all addresses; last error: UNKNOWN: ipv6:%5B::1%5D:50051: Failed to connect to remote host: Connection refused"
	debug_error_string = "UNAVAILABLE:failed to connect to all addresses; last error: UNKNOWN: ipv6:%5B::1%5D:50051: Failed to connect to remote host: Connection refused"
>
2026-07-01 17:24:07,795 - Drone1.SimulationBackend - ERROR - Telemetry error: <AioRpcError of RPC that terminated with:
	status = StatusCode.UNAVAILABLE
	details = "failed to connect to all addresses; last error: UNKNOWN: ipv6:%5B::1%5D:50051: Failed to connect to remote host: Connection refused"
	debug_error_string = "UNAVAILABLE:failed to connect to all addresses; last error: UNKNOWN: ipv6:%5B::1%5D:50051: Failed to connect to remote host: Connection refused"
>
2026-07-01 17:24:08,797 - Drone1.SimulationBackend - ERROR - Telemetry error: <AioRpcError of RPC that terminated with:
	status = StatusCode.UNAVAILABLE
	details = "failed to connect to all addresses; last error: UNKNOWN: ipv6:%5B::1%5D:50051: Failed to connect to remote host: Connection refused"
	debug_error_string = "UNAVAILABLE:failed to connect to all addresses; last error: UNKNOWN: ipv6:%5B::1%5D:50051: Failed to connect to remote host: Connection refused"
>
2026-07-01 17:24:09,799 - Drone1.SimulationBackend - ERROR - Telemetry error: <AioRpcError of RPC that terminated with:
	status = StatusCode.UNAVAILABLE
	details = "failed to connect to all addresses; last error: UNKNOWN: ipv6:%5B::1%5D:50051: Failed to connect to remote host: Connection refused"
	debug_error_string = "UNAVAILABLE:failed to connect to all addresses; last error: UNKNOWN: ipv6:%5B::1%5D:50051: Failed to connect to remote host: Connection refused"
>
2026-07-01 17:24:10,800 - Drone1.SimulationBackend - ERROR - Telemetry error: <AioRpcError of RPC that terminated with:
	status = StatusCode.UNAVAILABLE
	details = "failed to connect to all addresses; last error: UNKNOWN: ipv6:%5B::1%5D:50051: Failed to connect to remote host: Connection refused"
	debug_error_string = "UNAVAILABLE:failed to connect to all addresses; last error: UNKNOWN: ipv6:%5B::1%5D:50051: Failed to connect to remote host: Connection refused"
>
2026-07-01 17:24:11,801 - Drone1.SimulationBackend - ERROR - Telemetry error: <AioRpcError of RPC that terminated with:
	status = StatusCode.UNAVAILABLE
	details = "failed to connect to all addresses; last error: UNKNOWN: ipv6:%5B::1%5D:50051: Failed to connect to remote host: Connection refused"
	debug_error_string = "UNAVAILABLE:failed to connect to all addresses; last error: UNKNOWN: ipv6:%5B::1%5D:50051: Failed to connect to remote host: Connection refused"
>
2026-07-01 17:24:12,803 - Drone1.SimulationBackend - ERROR - Telemetry error: <AioRpcError of RPC that terminated with:
	status = StatusCode.UNAVAILABLE
	details = "failed to connect to all addresses; last error: UNKNOWN: ipv6:%5B::1%5D:50051: Failed to connect to remote host: Connection refused"
	debug_error_string = "UNAVAILABLE:failed to connect to all addresses; last error: UNKNOWN: ipv6:%5B::1%5D:50051: Failed to connect to remote host: Connection refused"
>
2026-07-01 17:24:13,804 - Drone1.SimulationBackend - ERROR - Telemetry error: <AioRpcError of RPC that terminated with:
	status = StatusCode.UNAVAILABLE
	details = "failed to connect to all addresses; last error: UNKNOWN: ipv6:%5B::1%5D:50051: Failed to connect to remote host: Connection refused"
	debug_error_string = "UNAVAILABLE:failed to connect to all addresses; last error: UNKNOWN: ipv6:%5B::1%5D:50051: Failed to connect to remote host: Connection refused"
>
2026-07-01 17:24:14,805 - Drone1.SimulationBackend - ERROR - Telemetry error: <AioRpcError of RPC that terminated with:
	status = StatusCode.UNAVAILABLE
	details = "failed to connect to all addresses; last error: UNKNOWN: ipv6:%5B::1%5D:50051: Failed to connect to remote host: Connection refused"
	debug_error_string = "UNAVAILABLE:failed to connect to all addresses; last error: UNKNOWN: ipv6:%5B::1%5D:50051: Failed to connect to remote host: Connection refused"
>
2026-07-01 17:24:15,806 - Drone1.SimulationBackend - ERROR - Telemetry error: <AioRpcError of RPC that terminated with:
	status = StatusCode.UNAVAILABLE
	details = "failed to connect to all addresses; last error: UNKNOWN: ipv6:%5B::1%5D:50051: Failed to connect to remote host: Connection refused"
	debug_error_string = "UNAVAILABLE:failed to connect to all addresses; last error: UNKNOWN: ipv6:%5B::1%5D:50051: Failed to connect to remote host: Connection refused"
>
2026-07-01 17:24:16,807 - Drone1.SimulationBackend - ERROR - Telemetry error: <AioRpcError of RPC that terminated with:
	status = StatusCode.UNAVAILABLE
	details = "failed to connect to all addresses; last error: UNKNOWN: ipv6:%5B::1%5D:50051: Failed to connect to remote host: Connection refused"
	debug_error_string = "UNAVAILABLE:failed to connect to all addresses; last error: UNKNOWN: ipv6:%5B::1%5D:50051: Failed to connect to remote host: Connection refused"
>
2026-07-01 17:24:17,809 - Drone1.SimulationBackend - ERROR - Telemetry error: <AioRpcError of RPC that terminated with:
	status = StatusCode.UNAVAILABLE
	details = "failed to connect to all addresses; last error: UNKNOWN: ipv6:%5B::1%5D:50051: Failed to connect to remote host: Connection refused"
	debug_error_string = "UNAVAILABLE:failed to connect to all addresses; last error: UNKNOWN: ipv6:%5B::1%5D:50051: Failed to connect to remote host: Connection refused"
>
2026-07-01 17:24:18,811 - Drone1.SimulationBackend - ERROR - Telemetry error: <AioRpcError of RPC that terminated with:
	status = StatusCode.UNAVAILABLE
	details = "failed to connect to all addresses; last error: UNKNOWN: ipv6:%5B::1%5D:50051: Failed to connect to remote host: Connection refused"
	debug_error_string = "UNAVAILABLE:failed to connect to all addresses; last error: UNKNOWN: ipv6:%5B::1%5D:50051: Failed to connect to remote host: Connection refused"
>
2026-07-01 17:24:19,812 - Drone1.SimulationBackend - ERROR - Telemetry error: <AioRpcError of RPC that terminated with:
	status = StatusCode.UNAVAILABLE
	details = "failed to connect to all addresses; last error: UNKNOWN: ipv6:%5B::1%5D:50051: Failed to connect to remote host: Connection refused"
	debug_error_string = "UNAVAILABLE:failed to connect to all addresses; last error: UNKNOWN: ipv6:%5B::1%5D:50051: Failed to connect to remote host: Connection refused"
>
2026-07-01 17:24:20,813 - Drone1.SimulationBackend - ERROR - Telemetry error: <AioRpcError of RPC that terminated with:
	status = StatusCode.UNAVAILABLE
	details = "failed to connect to all addresses; last error: UNKNOWN: ipv6:%5B::1%5D:50051: Failed to connect to remote host: Connection refused"
	debug_error_string = "UNAVAILABLE:failed to connect to all addresses; last error: UNKNOWN: ipv6:%5B::1%5D:50051: Failed to connect to remote host: Connection refused"
>
2026-07-01 17:24:21,814 - Drone1.SimulationBackend - ERROR - Telemetry error: <AioRpcError of RPC that terminated with:
	status = StatusCode.UNAVAILABLE
	details = "failed to connect to all addresses; last error: UNKNOWN: ipv6:%5B::1%5D:50051: Failed to connect to remote host: Connection refused"
	debug_error_string = "UNAVAILABLE:failed to connect to all addresses; last error: UNKNOWN: ipv6:%5B::1%5D:50051: Failed to connect to remote host: Connection refused"
>
2026-07-01 17:24:22,815 - Drone1.SimulationBackend - ERROR - Telemetry error: <AioRpcError of RPC that terminated with:
	status = StatusCode.UNAVAILABLE
	details = "failed to connect to all addresses; last error: UNKNOWN: ipv6:%5B::1%5D:50051: Failed to connect to remote host: Connection refused"
	debug_error_string = "UNAVAILABLE:failed to connect to all addresses; last error: UNKNOWN: ipv6:%5B::1%5D:50051: Failed to connect to remote host: Connection refused"
>
2026-07-01 17:24:23,817 - Drone1.SimulationBackend - ERROR - Telemetry error: <AioRpcError of RPC that terminated with:
	status = StatusCode.UNAVAILABLE
	details = "failed to connect to all addresses; last error: UNKNOWN: ipv6:%5B::1%5D:50051: Failed to connect to remote host: Connection refused"
	debug_error_string = "UNAVAILABLE:failed to connect to all addresses; last error: UNKNOWN: ipv6:%5B::1%5D:50051: Failed to connect to remote host: Connection refused"
>
2026-07-01 17:24:24,818 - Drone1.SimulationBackend - ERROR - Telemetry error: <AioRpcError of RPC that terminated with:
	status = StatusCode.UNAVAILABLE
	details = "failed to connect to all addresses; last error: UNKNOWN: ipv6:%5B::1%5D:50051: Failed to connect to remote host: Connection refused"
	debug_error_string = "UNAVAILABLE:failed to connect to all addresses; last error: UNKNOWN: ipv6:%5B::1%5D:50051: Failed to connect to remote host: Connection refused"
>
2026-07-01 17:24:25,819 - Drone1.SimulationBackend - ERROR - Telemetry error: <AioRpcError of RPC that terminated with:
	status = StatusCode.UNAVAILABLE
	details = "failed to connect to all addresses; last error: UNKNOWN: ipv4:127.0.0.1:50051: Failed to connect to remote host: Connection refused"
	debug_error_string = "UNAVAILABLE:failed to connect to all addresses; last error: UNKNOWN: ipv4:127.0.0.1:50051: Failed to connect to remote host: Connection refused"
>
2026-07-01 17:24:26,820 - Drone1.SimulationBackend - ERROR - Telemetry error: <AioRpcError of RPC that terminated with:
	status = StatusCode.UNAVAILABLE
	details = "failed to connect to all addresses; last error: UNKNOWN: ipv4:127.0.0.1:50051: Failed to connect to remote host: Connection refused"
	debug_error_string = "UNAVAILABLE:failed to connect to all addresses; last error: UNKNOWN: ipv4:127.0.0.1:50051: Failed to connect to remote host: Connection refused"
>
2026-07-01 17:24:27,822 - Drone1.SimulationBackend - ERROR - Telemetry error: <AioRpcError of RPC that terminated with:
	status = StatusCode.UNAVAILABLE
	details = "failed to connect to all addresses; last error: UNKNOWN: ipv4:127.0.0.1:50051: Failed to connect to remote host: Connection refused"
	debug_error_string = "UNAVAILABLE:failed to connect to all addresses; last error: UNKNOWN: ipv4:127.0.0.1:50051: Failed to connect to remote host: Connection refused"
>
2026-07-01 17:24:28,823 - Drone1.SimulationBackend - ERROR - Telemetry error: <AioRpcError of RPC that terminated with:
	status = StatusCode.UNAVAILABLE
	details = "failed to connect to all addresses; last error: UNKNOWN: ipv4:127.0.0.1:50051: Failed to connect to remote host: Connection refused"
	debug_error_string = "UNAVAILABLE:failed to connect to all addresses; last error: UNKNOWN: ipv4:127.0.0.1:50051: Failed to connect to remote host: Connection refused"
>
2026-07-01 17:24:29,825 - Drone1.SimulationBackend - ERROR - Telemetry error: <AioRpcError of RPC that terminated with:
	status = StatusCode.UNAVAILABLE
	details = "failed to connect to all addresses; last error: UNKNOWN: ipv4:127.0.0.1:50051: Failed to connect to remote host: Connection refused"
	debug_error_string = "UNAVAILABLE:failed to connect to all addresses; last error: UNKNOWN: ipv4:127.0.0.1:50051: Failed to connect to remote host: Connection refused"
>
2026-07-01 17:24:30,827 - Drone1.SimulationBackend - ERROR - Telemetry error: <AioRpcError of RPC that terminated with:
	status = StatusCode.UNAVAILABLE
	details = "failed to connect to all addresses; last error: UNKNOWN: ipv4:127.0.0.1:50051: Failed to connect to remote host: Connection refused"
	debug_error_string = "UNAVAILABLE:failed to connect to all addresses; last error: UNKNOWN: ipv4:127.0.0.1:50051: Failed to connect to remote host: Connection refused"
>
2026-07-01 17:24:31,828 - Drone1.SimulationBackend - ERROR - Telemetry error: <AioRpcError of RPC that terminated with:
	status = StatusCode.UNAVAILABLE
	details = "failed to connect to all addresses; last error: UNKNOWN: ipv4:127.0.0.1:50051: Failed to connect to remote host: Connection refused"
	debug_error_string = "UNAVAILABLE:failed to connect to all addresses; last error: UNKNOWN: ipv4:127.0.0.1:50051: Failed to connect to remote host: Connection refused"
>
2026-07-01 17:24:32,829 - Drone1.SimulationBackend - ERROR - Telemetry error: <AioRpcError of RPC that terminated with:
	status = StatusCode.UNAVAILABLE
	details = "failed to connect to all addresses; last error: UNKNOWN: ipv4:127.0.0.1:50051: Failed to connect to remote host: Connection refused"
	debug_error_string = "UNAVAILABLE:failed to connect to all addresses; last error: UNKNOWN: ipv4:127.0.0.1:50051: Failed to connect to remote host: Connection refused"
>
2026-07-01 17:24:33,830 - Drone1.SimulationBackend - ERROR - Telemetry error: <AioRpcError of RPC that terminated with:
	status = StatusCode.UNAVAILABLE
	details = "failed to connect to all addresses; last error: UNKNOWN: ipv4:127.0.0.1:50051: Failed to connect to remote host: Connection refused"
	debug_error_string = "UNAVAILABLE:failed to connect to all addresses; last error: UNKNOWN: ipv4:127.0.0.1:50051: Failed to connect to remote host: Connection refused"
>
2026-07-01 17:24:34,832 - Drone1.SimulationBackend - ERROR - Telemetry error: <AioRpcError of RPC that terminated with:
	status = StatusCode.UNAVAILABLE
	details = "failed to connect to all addresses; last error: UNKNOWN: ipv4:127.0.0.1:50051: Failed to connect to remote host: Connection refused"
	debug_error_string = "UNAVAILABLE:failed to connect to all addresses; last error: UNKNOWN: ipv4:127.0.0.1:50051: Failed to connect to remote host: Connection refused"
>
2026-07-01 17:24:35,833 - Drone1.SimulationBackend - ERROR - Telemetry error: <AioRpcError of RPC that terminated with:
	status = StatusCode.UNAVAILABLE
	details = "failed to connect to all addresses; last error: UNKNOWN: ipv4:127.0.0.1:50051: Failed to connect to remote host: Connection refused"
	debug_error_string = "UNAVAILABLE:failed to connect to all addresses; last error: UNKNOWN: ipv4:127.0.0.1:50051: Failed to connect to remote host: Connection refused"
>
2026-07-01 17:24:36,835 - Drone1.SimulationBackend - ERROR - Telemetry error: <AioRpcError of RPC that terminated with:
	status = StatusCode.UNAVAILABLE
	details = "failed to connect to all addresses; last error: UNKNOWN: ipv4:127.0.0.1:50051: Failed to connect to remote host: Connection refused"
	debug_error_string = "UNAVAILABLE:failed to connect to all addresses; last error: UNKNOWN: ipv4:127.0.0.1:50051: Failed to connect to remote host: Connection refused"
>
2026-07-01 17:24:37,836 - Drone1.SimulationBackend - ERROR - Telemetry error: <AioRpcError of RPC that terminated with:
	status = StatusCode.UNAVAILABLE
	details = "failed to connect to all addresses; last error: UNKNOWN: ipv4:127.0.0.1:50051: Failed to connect to remote host: Connection refused"
	debug_error_string = "UNAVAILABLE:failed to connect to all addresses; last error: UNKNOWN: ipv4:127.0.0.1:50051: Failed to connect to remote host: Connection refused"
>
2026-07-01 17:24:38,837 - Drone1.SimulationBackend - ERROR - Telemetry error: <AioRpcError of RPC that terminated with:
	status = StatusCode.UNAVAILABLE
	details = "failed to connect to all addresses; last error: UNKNOWN: ipv4:127.0.0.1:50051: Failed to connect to remote host: Connection refused"
	debug_error_string = "UNAVAILABLE:failed to connect to all addresses; last error: UNKNOWN: ipv4:127.0.0.1:50051: Failed to connect to remote host: Connection refused"
>
2026-07-01 17:24:39,838 - Drone1.SimulationBackend - ERROR - Telemetry error: <AioRpcError of RPC that terminated with:
	status = StatusCode.UNAVAILABLE
	details = "failed to connect to all addresses; last error: UNKNOWN: ipv4:127.0.0.1:50051: Failed to connect to remote host: Connection refused"
	debug_error_string = "UNAVAILABLE:failed to connect to all addresses; last error: UNKNOWN: ipv4:127.0.0.1:50051: Failed to connect to remote host: Connection refused"
>
2026-07-01 17:24:40,839 - Drone1.SimulationBackend - ERROR - Telemetry error: <AioRpcError of RPC that terminated with:
	status = StatusCode.UNAVAILABLE
	details = "failed to connect to all addresses; last error: UNKNOWN: ipv4:127.0.0.1:50051: Failed to connect to remote host: Connection refused"
	debug_error_string = "UNAVAILABLE:failed to connect to all addresses; last error: UNKNOWN: ipv4:127.0.0.1:50051: Failed to connect to remote host: Connection refused"
>
2026-07-01 17:24:41,841 - Drone1.SimulationBackend - ERROR - Telemetry error: <AioRpcError of RPC that terminated with:
	status = StatusCode.UNAVAILABLE
	details = "failed to connect to all addresses; last error: UNKNOWN: ipv4:127.0.0.1:50051: Failed to connect to remote host: Connection refused"
	debug_error_string = "UNAVAILABLE:failed to connect to all addresses; last error: UNKNOWN: ipv4:127.0.0.1:50051: Failed to connect to remote host: Connection refused"
>
2026-07-01 17:24:42,842 - Drone1.SimulationBackend - ERROR - Telemetry error: <AioRpcError of RPC that terminated with:
	status = StatusCode.UNAVAILABLE
	details = "failed to connect to all addresses; last error: UNKNOWN: ipv4:127.0.0.1:50051: Failed to connect to remote host: Connection refused"
	debug_error_string = "UNAVAILABLE:failed to connect to all addresses; last error: UNKNOWN: ipv4:127.0.0.1:50051: Failed to connect to remote host: Connection refused"
>
2026-07-01 17:24:43,843 - Drone1.SimulationBackend - ERROR - Telemetry error: <AioRpcError of RPC that terminated with:
	status = StatusCode.UNAVAILABLE
	details = "failed to connect to all addresses; last error: UNKNOWN: ipv4:127.0.0.1:50051: Failed to connect to remote host: Connection refused"
	debug_error_string = "UNAVAILABLE:failed to connect to all addresses; last error: UNKNOWN: ipv4:127.0.0.1:50051: Failed to connect to remote host: Connection refused"
>
2026-07-01 17:24:44,844 - Drone1.SimulationBackend - ERROR - Telemetry error: <AioRpcError of RPC that terminated with:
	status = StatusCode.UNAVAILABLE
	details = "failed to connect to all addresses; last error: UNKNOWN: ipv4:127.0.0.1:50051: Failed to connect to remote host: Connection refused"
	debug_error_string = "UNAVAILABLE:failed to connect to all addresses; last error: UNKNOWN: ipv4:127.0.0.1:50051: Failed to connect to remote host: Connection refused"
>
2026-07-01 17:24:45,845 - Drone1.SimulationBackend - ERROR - Telemetry error: <AioRpcError of RPC that terminated with:
	status = StatusCode.UNAVAILABLE
	details = "failed to connect to all addresses; last error: UNKNOWN: ipv4:127.0.0.1:50051: Failed to connect to remote host: Connection refused"
	debug_error_string = "UNAVAILABLE:failed to connect to all addresses; last error: UNKNOWN: ipv4:127.0.0.1:50051: Failed to connect to remote host: Connection refused"
>
2026-07-01 17:24:46,847 - Drone1.SimulationBackend - ERROR - Telemetry error: <AioRpcError of RPC that terminated with:
	status = StatusCode.UNAVAILABLE
	details = "failed to connect to all addresses; last error: UNKNOWN: ipv4:127.0.0.1:50051: Failed to connect to remote host: Connection refused"
	debug_error_string = "UNAVAILABLE:failed to connect to all addresses; last error: UNKNOWN: ipv4:127.0.0.1:50051: Failed to connect to remote host: Connection refused"
>
2026-07-01 17:24:47,848 - Drone1.SimulationBackend - ERROR - Telemetry error: <AioRpcError of RPC that terminated with:
	status = StatusCode.UNAVAILABLE
	details = "failed to connect to all addresses; last error: UNKNOWN: ipv4:127.0.0.1:50051: Failed to connect to remote host: Connection refused"
	debug_error_string = "UNAVAILABLE:failed to connect to all addresses; last error: UNKNOWN: ipv4:127.0.0.1:50051: Failed to connect to remote host: Connection refused"
>
2026-07-01 17:24:48,849 - Drone1.SimulationBackend - ERROR - Telemetry error: <AioRpcError of RPC that terminated with:
	status = StatusCode.UNAVAILABLE
	details = "failed to connect to all addresses; last error: UNKNOWN: ipv4:127.0.0.1:50051: Failed to connect to remote host: Connection refused"
	debug_error_string = "UNAVAILABLE:failed to connect to all addresses; last error: UNKNOWN: ipv4:127.0.0.1:50051: Failed to connect to remote host: Connection refused"
>
2026-07-01 17:24:49,850 - Drone1.SimulationBackend - ERROR - Telemetry error: <AioRpcError of RPC that terminated with:
	status = StatusCode.UNAVAILABLE
	details = "failed to connect to all addresses; last error: UNKNOWN: ipv4:127.0.0.1:50051: Failed to connect to remote host: Connection refused"
	debug_error_string = "UNAVAILABLE:failed to connect to all addresses; last error: UNKNOWN: ipv4:127.0.0.1:50051: Failed to connect to remote host: Connection refused"
>
2026-07-01 17:24:50,851 - Drone1.SimulationBackend - ERROR - Telemetry error: <AioRpcError of RPC that terminated with:
	status = StatusCode.UNAVAILABLE
	details = "failed to connect to all addresses; last error: UNKNOWN: ipv4:127.0.0.1:50051: Failed to connect to remote host: Connection refused"
	debug_error_string = "UNAVAILABLE:failed to connect to all addresses; last error: UNKNOWN: ipv4:127.0.0.1:50051: Failed to connect to remote host: Connection refused"
>
2026-07-01 17:24:51,852 - Drone1.SimulationBackend - ERROR - Telemetry error: <AioRpcError of RPC that terminated with:
	status = StatusCode.UNAVAILABLE
	details = "failed to connect to all addresses; last error: UNKNOWN: ipv4:127.0.0.1:50051: Failed to connect to remote host: Connection refused"
	debug_error_string = "UNAVAILABLE:failed to connect to all addresses; last error: UNKNOWN: ipv4:127.0.0.1:50051: Failed to connect to remote host: Connection refused"
>
2026-07-01 17:24:52,854 - Drone1.SimulationBackend - ERROR - Telemetry error: <AioRpcError of RPC that terminated with:
	status = StatusCode.UNAVAILABLE
	details = "failed to connect to all addresses; last error: UNKNOWN: ipv4:127.0.0.1:50051: Failed to connect to remote host: Connection refused"
	debug_error_string = "UNAVAILABLE:failed to connect to all addresses; last error: UNKNOWN: ipv4:127.0.0.1:50051: Failed to connect to remote host: Connection refused"
>
2026-07-01 17:24:53,856 - Drone1.SimulationBackend - ERROR - Telemetry error: <AioRpcError of RPC that terminated with:
	status = StatusCode.UNAVAILABLE
	details = "failed to connect to all addresses; last error: UNKNOWN: ipv4:127.0.0.1:50051: Failed to connect to remote host: Connection refused"
	debug_error_string = "UNAVAILABLE:failed to connect to all addresses; last error: UNKNOWN: ipv4:127.0.0.1:50051: Failed to connect to remote host: Connection refused"
>
2026-07-01 17:24:54,857 - Drone1.SimulationBackend - ERROR - Telemetry error: <AioRpcError of RPC that terminated with:
	status = StatusCode.UNAVAILABLE
	details = "failed to connect to all addresses; last error: UNKNOWN: ipv4:127.0.0.1:50051: Failed to connect to remote host: Connection refused"
	debug_error_string = "UNAVAILABLE:failed to connect to all addresses; last error: UNKNOWN: ipv4:127.0.0.1:50051: Failed to connect to remote host: Connection refused"
>
2026-07-01 17:24:55,859 - Drone1.SimulationBackend - ERROR - Telemetry error: <AioRpcError of RPC that terminated with:
	status = StatusCode.UNAVAILABLE
	details = "failed to connect to all addresses; last error: UNKNOWN: ipv4:127.0.0.1:50051: Failed to connect to remote host: Connection refused"
	debug_error_string = "UNAVAILABLE:failed to connect to all addresses; last error: UNKNOWN: ipv4:127.0.0.1:50051: Failed to connect to remote host: Connection refused"
>
2026-07-01 17:24:56,860 - Drone1.SimulationBackend - ERROR - Telemetry error: <AioRpcError of RPC that terminated with:
	status = StatusCode.UNAVAILABLE
	details = "failed to connect to all addresses; last error: UNKNOWN: ipv4:127.0.0.1:50051: Failed to connect to remote host: Connection refused"
	debug_error_string = "UNAVAILABLE:failed to connect to all addresses; last error: UNKNOWN: ipv4:127.0.0.1:50051: Failed to connect to remote host: Connection refused"
>
2026-07-01 17:24:57,861 - Drone1.SimulationBackend - ERROR - Telemetry error: <AioRpcError of RPC that terminated with:
	status = StatusCode.UNAVAILABLE
	details = "failed to connect to all addresses; last error: UNKNOWN: ipv4:127.0.0.1:50051: Failed to connect to remote host: Connection refused"
	debug_error_string = "UNAVAILABLE:failed to connect to all addresses; last error: UNKNOWN: ipv4:127.0.0.1:50051: Failed to connect to remote host: Connection refused"
>
2026-07-01 17:24:58,862 - Drone1.SimulationBackend - ERROR - Telemetry error: <AioRpcError of RPC that terminated with:
	status = StatusCode.UNAVAILABLE
	details = "failed to connect to all addresses; last error: UNKNOWN: ipv4:127.0.0.1:50051: Failed to connect to remote host: Connection refused"
	debug_error_string = "UNAVAILABLE:failed to connect to all addresses; last error: UNKNOWN: ipv4:127.0.0.1:50051: Failed to connect to remote host: Connection refused"
>
2026-07-01 17:24:59,863 - Drone1.SimulationBackend - ERROR - Telemetry error: <AioRpcError of RPC that terminated with:
	status = StatusCode.UNAVAILABLE
	details = "failed to connect to all addresses; last error: UNKNOWN: ipv4:127.0.0.1:50051: Failed to connect to remote host: Connection refused"
	debug_error_string = "UNAVAILABLE:failed to connect to all addresses; last error: UNKNOWN: ipv4:127.0.0.1:50051: Failed to connect to remote host: Connection refused"
>
2026-07-01 17:25:00,864 - Drone1.SimulationBackend - ERROR - Telemetry error: <AioRpcError of RPC that terminated with:
	status = StatusCode.UNAVAILABLE
	details = "failed to connect to all addresses; last error: UNKNOWN: ipv4:127.0.0.1:50051: Failed to connect to remote host: Connection refused"
	debug_error_string = "UNAVAILABLE:failed to connect to all addresses; last error: UNKNOWN: ipv4:127.0.0.1:50051: Failed to connect to remote host: Connection refused"
>
2026-07-01 17:25:01,865 - Drone1.SimulationBackend - ERROR - Telemetry error: <AioRpcError of RPC that terminated with:
	status = StatusCode.UNAVAILABLE
	details = "failed to connect to all addresses; last error: UNKNOWN: ipv4:127.0.0.1:50051: Failed to connect to remote host: Connection refused"
	debug_error_string = "UNAVAILABLE:failed to connect to all addresses; last error: UNKNOWN: ipv4:127.0.0.1:50051: Failed to connect to remote host: Connection refused"
>
2026-07-01 17:25:02,867 - Drone1.SimulationBackend - ERROR - Telemetry error: <AioRpcError of RPC that terminated with:
	status = StatusCode.UNAVAILABLE
	details = "failed to connect to all addresses; last error: UNKNOWN: ipv4:127.0.0.1:50051: Failed to connect to remote host: Connection refused"
	debug_error_string = "UNAVAILABLE:failed to connect to all addresses; last error: UNKNOWN: ipv4:127.0.0.1:50051: Failed to connect to remote host: Connection refused"
>
2026-07-01 17:25:03,868 - Drone1.SimulationBackend - ERROR - Telemetry error: <AioRpcError of RPC that terminated with:
	status = StatusCode.UNAVAILABLE
	details = "failed to connect to all addresses; last error: UNKNOWN: ipv4:127.0.0.1:50051: Failed to connect to remote host: Connection refused"
	debug_error_string = "UNAVAILABLE:failed to connect to all addresses; last error: UNKNOWN: ipv4:127.0.0.1:50051: Failed to connect to remote host: Connection refused"
>
2026-07-01 17:25:04,869 - Drone1.SimulationBackend - ERROR - Telemetry error: <AioRpcError of RPC that terminated with:
	status = StatusCode.UNAVAILABLE
	details = "failed to connect to all addresses; last error: UNKNOWN: ipv4:127.0.0.1:50051: Failed to connect to remote host: Connection refused"
	debug_error_string = "UNAVAILABLE:failed to connect to all addresses; last error: UNKNOWN: ipv4:127.0.0.1:50051: Failed to connect to remote host: Connection refused"
>
2026-07-01 17:25:05,870 - Drone1.SimulationBackend - ERROR - Telemetry error: <AioRpcError of RPC that terminated with:
	status = StatusCode.UNAVAILABLE
	details = "failed to connect to all addresses; last error: UNKNOWN: ipv4:127.0.0.1:50051: Failed to connect to remote host: Connection refused"
	debug_error_string = "UNAVAILABLE:failed to connect to all addresses; last error: UNKNOWN: ipv4:127.0.0.1:50051: Failed to connect to remote host: Connection refused"
>
2026-07-01 17:25:06,872 - Drone1.SimulationBackend - ERROR - Telemetry error: <AioRpcError of RPC that terminated with:
	status = StatusCode.UNAVAILABLE
	details = "failed to connect to all addresses; last error: UNKNOWN: ipv4:127.0.0.1:50051: Failed to connect to remote host: Connection refused"
	debug_error_string = "UNAVAILABLE:failed to connect to all addresses; last error: UNKNOWN: ipv4:127.0.0.1:50051: Failed to connect to remote host: Connection refused"
>
2026-07-01 17:25:07,873 - Drone1.SimulationBackend - ERROR - Telemetry error: <AioRpcError of RPC that terminated with:
	status = StatusCode.UNAVAILABLE
	details = "failed to connect to all addresses; last error: UNKNOWN: ipv4:127.0.0.1:50051: Failed to connect to remote host: Connection refused"
	debug_error_string = "UNAVAILABLE:failed to connect to all addresses; last error: UNKNOWN: ipv4:127.0.0.1:50051: Failed to connect to remote host: Connection refused"
>
2026-07-01 17:25:08,874 - Drone1.SimulationBackend - ERROR - Telemetry error: <AioRpcError of RPC that terminated with:
	status = StatusCode.UNAVAILABLE
	details = "failed to connect to all addresses; last error: UNKNOWN: ipv4:127.0.0.1:50051: Failed to connect to remote host: Connection refused"
	debug_error_string = "UNAVAILABLE:failed to connect to all addresses; last error: UNKNOWN: ipv4:127.0.0.1:50051: Failed to connect to remote host: Connection refused"
>
2026-07-01 17:25:09,875 - Drone1.SimulationBackend - ERROR - Telemetry error: <AioRpcError of RPC that terminated with:
	status = StatusCode.UNAVAILABLE
	details = "failed to connect to all addresses; last error: UNKNOWN: ipv4:127.0.0.1:50051: Failed to connect to remote host: Connection refused"
	debug_error_string = "UNAVAILABLE:failed to connect to all addresses; last error: UNKNOWN: ipv4:127.0.0.1:50051: Failed to connect to remote host: Connection refused"
>
2026-07-01 17:25:10,876 - Drone1.SimulationBackend - ERROR - Telemetry error: <AioRpcError of RPC that terminated with:
	status = StatusCode.UNAVAILABLE
	details = "failed to connect to all addresses; last error: UNKNOWN: ipv4:127.0.0.1:50051: Failed to connect to remote host: Connection refused"
	debug_error_string = "UNAVAILABLE:failed to connect to all addresses; last error: UNKNOWN: ipv4:127.0.0.1:50051: Failed to connect to remote host: Connection refused"
>
2026-07-01 17:25:11,877 - Drone1.SimulationBackend - ERROR - Telemetry error: <AioRpcError of RPC that terminated with:
	status = StatusCode.UNAVAILABLE
	details = "failed to connect to all addresses; last error: UNKNOWN: ipv4:127.0.0.1:50051: Failed to connect to remote host: Connection refused"
	debug_error_string = "UNAVAILABLE:failed to connect to all addresses; last error: UNKNOWN: ipv4:127.0.0.1:50051: Failed to connect to remote host: Connection refused"
>
2026-07-01 17:25:12,878 - Drone1.SimulationBackend - ERROR - Telemetry error: <AioRpcError of RPC that terminated with:
	status = StatusCode.UNAVAILABLE
	details = "failed to connect to all addresses; last error: UNKNOWN: ipv4:127.0.0.1:50051: Failed to connect to remote host: Connection refused"
	debug_error_string = "UNAVAILABLE:failed to connect to all addresses; last error: UNKNOWN: ipv4:127.0.0.1:50051: Failed to connect to remote host: Connection refused"
>
2026-07-01 17:25:13,880 - Drone1.SimulationBackend - ERROR - Telemetry error: <AioRpcError of RPC that terminated with:
	status = StatusCode.UNAVAILABLE
	details = "failed to connect to all addresses; last error: UNKNOWN: ipv4:127.0.0.1:50051: Failed to connect to remote host: Connection refused"
	debug_error_string = "UNAVAILABLE:failed to connect to all addresses; last error: UNKNOWN: ipv4:127.0.0.1:50051: Failed to connect to remote host: Connection refused"
>
2026-07-01 17:25:14,881 - Drone1.SimulationBackend - ERROR - Telemetry error: <AioRpcError of RPC that terminated with:
	status = StatusCode.UNAVAILABLE
	details = "failed to connect to all addresses; last error: UNKNOWN: ipv4:127.0.0.1:50051: Failed to connect to remote host: Connection refused"
	debug_error_string = "UNAVAILABLE:failed to connect to all addresses; last error: UNKNOWN: ipv4:127.0.0.1:50051: Failed to connect to remote host: Connection refused"
>
2026-07-01 17:25:15,882 - Drone1.SimulationBackend - ERROR - Telemetry error: <AioRpcError of RPC that terminated with:
	status = StatusCode.UNAVAILABLE
	details = "failed to connect to all addresses; last error: UNKNOWN: ipv4:127.0.0.1:50051: Failed to connect to remote host: Connection refused"
	debug_error_string = "UNAVAILABLE:failed to connect to all addresses; last error: UNKNOWN: ipv4:127.0.0.1:50051: Failed to connect to remote host: Connection refused"
>
2026-07-01 17:25:16,883 - Drone1.SimulationBackend - ERROR - Telemetry error: <AioRpcError of RPC that terminated with:
	status = StatusCode.UNAVAILABLE
	details = "failed to connect to all addresses; last error: UNKNOWN: ipv4:127.0.0.1:50051: Failed to connect to remote host: Connection refused"
	debug_error_string = "UNAVAILABLE:failed to connect to all addresses; last error: UNKNOWN: ipv4:127.0.0.1:50051: Failed to connect to remote host: Connection refused"
>
2026-07-01 17:25:17,885 - Drone1.SimulationBackend - ERROR - Telemetry error: <AioRpcError of RPC that terminated with:
	status = StatusCode.UNAVAILABLE
	details = "failed to connect to all addresses; last error: UNKNOWN: ipv4:127.0.0.1:50051: Failed to connect to remote host: Connection refused"
	debug_error_string = "UNAVAILABLE:failed to connect to all addresses; last error: UNKNOWN: ipv4:127.0.0.1:50051: Failed to connect to remote host: Connection refused"
>
2026-07-01 17:25:18,886 - Drone1.SimulationBackend - ERROR - Telemetry error: <AioRpcError of RPC that terminated with:
	status = StatusCode.UNAVAILABLE
	details = "failed to connect to all addresses; last error: UNKNOWN: ipv4:127.0.0.1:50051: Failed to connect to remote host: Connection refused"
	debug_error_string = "UNAVAILABLE:failed to connect to all addresses; last error: UNKNOWN: ipv4:127.0.0.1:50051: Failed to connect to remote host: Connection refused"
>
2026-07-01 17:25:19,888 - Drone1.SimulationBackend - ERROR - Telemetry error: <AioRpcError of RPC that terminated with:
	status = StatusCode.UNAVAILABLE
	details = "failed to connect to all addresses; last error: UNKNOWN: ipv4:127.0.0.1:50051: Failed to connect to remote host: Connection refused"
	debug_error_string = "UNAVAILABLE:failed to connect to all addresses; last error: UNKNOWN: ipv4:127.0.0.1:50051: Failed to connect to remote host: Connection refused"
>
2026-07-01 17:25:20,889 - Drone1.SimulationBackend - ERROR - Telemetry error: <AioRpcError of RPC that terminated with:
	status = StatusCode.UNAVAILABLE
	details = "failed to connect to all addresses; last error: UNKNOWN: ipv4:127.0.0.1:50051: Failed to connect to remote host: Connection refused"
	debug_error_string = "UNAVAILABLE:failed to connect to all addresses; last error: UNKNOWN: ipv4:127.0.0.1:50051: Failed to connect to remote host: Connection refused"
>
2026-07-01 17:25:21,890 - Drone1.SimulationBackend - ERROR - Telemetry error: <AioRpcError of RPC that terminated with:
	status = StatusCode.UNAVAILABLE
	details = "failed to connect to all addresses; last error: UNKNOWN: ipv4:127.0.0.1:50051: Failed to connect to remote host: Connection refused"
	debug_error_string = "UNAVAILABLE:failed to connect to all addresses; last error: UNKNOWN: ipv4:127.0.0.1:50051: Failed to connect to remote host: Connection refused"
>
2026-07-01 17:25:22,892 - Drone1.SimulationBackend - ERROR - Telemetry error: <AioRpcError of RPC that terminated with:
	status = StatusCode.UNAVAILABLE
	details = "failed to connect to all addresses; last error: UNKNOWN: ipv4:127.0.0.1:50051: Failed to connect to remote host: Connection refused"
	debug_error_string = "UNAVAILABLE:failed to connect to all addresses; last error: UNKNOWN: ipv4:127.0.0.1:50051: Failed to connect to remote host: Connection refused"
>
2026-07-01 17:25:23,893 - Drone1.SimulationBackend - ERROR - Telemetry error: <AioRpcError of RPC that terminated with:
	status = StatusCode.UNAVAILABLE
	details = "failed to connect to all addresses; last error: UNKNOWN: ipv4:127.0.0.1:50051: Failed to connect to remote host: Connection refused"
	debug_error_string = "UNAVAILABLE:failed to connect to all addresses; last error: UNKNOWN: ipv4:127.0.0.1:50051: Failed to connect to remote host: Connection refused"
>
2026-07-01 17:25:24,895 - Drone1.SimulationBackend - ERROR - Telemetry error: <AioRpcError of RPC that terminated with:
	status = StatusCode.UNAVAILABLE
	details = "failed to connect to all addresses; last error: UNKNOWN: ipv4:127.0.0.1:50051: Failed to connect to remote host: Connection refused"
	debug_error_string = "UNAVAILABLE:failed to connect to all addresses; last error: UNKNOWN: ipv4:127.0.0.1:50051: Failed to connect to remote host: Connection refused"
>
2026-07-01 17:25:25,896 - Drone1.SimulationBackend - ERROR - Telemetry error: <AioRpcError of RPC that terminated with:
	status = StatusCode.UNAVAILABLE
	details = "failed to connect to all addresses; last error: UNKNOWN: ipv6:%5B::1%5D:50051: Failed to connect to remote host: Connection refused"
	debug_error_string = "UNAVAILABLE:failed to connect to all addresses; last error: UNKNOWN: ipv6:%5B::1%5D:50051: Failed to connect to remote host: Connection refused"
>
2026-07-01 17:25:26,897 - Drone1.SimulationBackend - ERROR - Telemetry error: <AioRpcError of RPC that terminated with:
	status = StatusCode.UNAVAILABLE
	details = "failed to connect to all addresses; last error: UNKNOWN: ipv6:%5B::1%5D:50051: Failed to connect to remote host: Connection refused"
	debug_error_string = "UNAVAILABLE:failed to connect to all addresses; last error: UNKNOWN: ipv6:%5B::1%5D:50051: Failed to connect to remote host: Connection refused"
>
2026-07-01 17:25:27,898 - Drone1.SimulationBackend - ERROR - Telemetry error: <AioRpcError of RPC that terminated with:
	status = StatusCode.UNAVAILABLE
	details = "failed to connect to all addresses; last error: UNKNOWN: ipv6:%5B::1%5D:50051: Failed to connect to remote host: Connection refused"
	debug_error_string = "UNAVAILABLE:failed to connect to all addresses; last error: UNKNOWN: ipv6:%5B::1%5D:50051: Failed to connect to remote host: Connection refused"
>
2026-07-01 17:25:28,900 - Drone1.SimulationBackend - ERROR - Telemetry error: <AioRpcError of RPC that terminated with:
	status = StatusCode.UNAVAILABLE
	details = "failed to connect to all addresses; last error: UNKNOWN: ipv6:%5B::1%5D:50051: Failed to connect to remote host: Connection refused"
	debug_error_string = "UNAVAILABLE:failed to connect to all addresses; last error: UNKNOWN: ipv6:%5B::1%5D:50051: Failed to connect to remote host: Connection refused"
>
2026-07-01 17:25:29,901 - Drone1.SimulationBackend - ERROR - Telemetry error: <AioRpcError of RPC that terminated with:
	status = StatusCode.UNAVAILABLE
	details = "failed to connect to all addresses; last error: UNKNOWN: ipv6:%5B::1%5D:50051: Failed to connect to remote host: Connection refused"
	debug_error_string = "UNAVAILABLE:failed to connect to all addresses; last error: UNKNOWN: ipv6:%5B::1%5D:50051: Failed to connect to remote host: Connection refused"
>
2026-07-01 17:25:30,903 - Drone1.SimulationBackend - ERROR - Telemetry error: <AioRpcError of RPC that terminated with:
	status = StatusCode.UNAVAILABLE
	details = "failed to connect to all addresses; last error: UNKNOWN: ipv6:%5B::1%5D:50051: Failed to connect to remote host: Connection refused"
	debug_error_string = "UNAVAILABLE:failed to connect to all addresses; last error: UNKNOWN: ipv6:%5B::1%5D:50051: Failed to connect to remote host: Connection refused"
>
2026-07-01 17:25:31,904 - Drone1.SimulationBackend - ERROR - Telemetry error: <AioRpcError of RPC that terminated with:
	status = StatusCode.UNAVAILABLE
	details = "failed to connect to all addresses; last error: UNKNOWN: ipv6:%5B::1%5D:50051: Failed to connect to remote host: Connection refused"
	debug_error_string = "UNAVAILABLE:failed to connect to all addresses; last error: UNKNOWN: ipv6:%5B::1%5D:50051: Failed to connect to remote host: Connection refused"
>
2026-07-01 17:25:32,905 - Drone1.SimulationBackend - ERROR - Telemetry error: <AioRpcError of RPC that terminated with:
	status = StatusCode.UNAVAILABLE
	details = "failed to connect to all addresses; last error: UNKNOWN: ipv6:%5B::1%5D:50051: Failed to connect to remote host: Connection refused"
	debug_error_string = "UNAVAILABLE:failed to connect to all addresses; last error: UNKNOWN: ipv6:%5B::1%5D:50051: Failed to connect to remote host: Connection refused"
>
2026-07-01 17:25:33,907 - Drone1.SimulationBackend - ERROR - Telemetry error: <AioRpcError of RPC that terminated with:
	status = StatusCode.UNAVAILABLE
	details = "failed to connect to all addresses; last error: UNKNOWN: ipv6:%5B::1%5D:50051: Failed to connect to remote host: Connection refused"
	debug_error_string = "UNAVAILABLE:failed to connect to all addresses; last error: UNKNOWN: ipv6:%5B::1%5D:50051: Failed to connect to remote host: Connection refused"
>
2026-07-01 17:25:34,908 - Drone1.SimulationBackend - ERROR - Telemetry error: <AioRpcError of RPC that terminated with:
	status = StatusCode.UNAVAILABLE
	details = "failed to connect to all addresses; last error: UNKNOWN: ipv6:%5B::1%5D:50051: Failed to connect to remote host: Connection refused"
	debug_error_string = "UNAVAILABLE:failed to connect to all addresses; last error: UNKNOWN: ipv6:%5B::1%5D:50051: Failed to connect to remote host: Connection refused"
>
2026-07-01 17:25:35,909 - Drone1.SimulationBackend - ERROR - Telemetry error: <AioRpcError of RPC that terminated with:
	status = StatusCode.UNAVAILABLE
	details = "failed to connect to all addresses; last error: UNKNOWN: ipv6:%5B::1%5D:50051: Failed to connect to remote host: Connection refused"
	debug_error_string = "UNAVAILABLE:failed to connect to all addresses; last error: UNKNOWN: ipv6:%5B::1%5D:50051: Failed to connect to remote host: Connection refused"
>
2026-07-01 17:25:36,910 - Drone1.SimulationBackend - ERROR - Telemetry error: <AioRpcError of RPC that terminated with:
	status = StatusCode.UNAVAILABLE
	details = "failed to connect to all addresses; last error: UNKNOWN: ipv6:%5B::1%5D:50051: Failed to connect to remote host: Connection refused"
	debug_error_string = "UNAVAILABLE:failed to connect to all addresses; last error: UNKNOWN: ipv6:%5B::1%5D:50051: Failed to connect to remote host: Connection refused"
>
2026-07-01 17:25:37,911 - Drone1.SimulationBackend - ERROR - Telemetry error: <AioRpcError of RPC that terminated with:
	status = StatusCode.UNAVAILABLE
	details = "failed to connect to all addresses; last error: UNKNOWN: ipv6:%5B::1%5D:50051: Failed to connect to remote host: Connection refused"
	debug_error_string = "UNAVAILABLE:failed to connect to all addresses; last error: UNKNOWN: ipv6:%5B::1%5D:50051: Failed to connect to remote host: Connection refused"
>
2026-07-01 17:25:38,913 - Drone1.SimulationBackend - ERROR - Telemetry error: <AioRpcError of RPC that terminated with:
	status = StatusCode.UNAVAILABLE
	details = "failed to connect to all addresses; last error: UNKNOWN: ipv6:%5B::1%5D:50051: Failed to connect to remote host: Connection refused"
	debug_error_string = "UNAVAILABLE:failed to connect to all addresses; last error: UNKNOWN: ipv6:%5B::1%5D:50051: Failed to connect to remote host: Connection refused"
>
2026-07-01 17:25:39,915 - Drone1.SimulationBackend - ERROR - Telemetry error: <AioRpcError of RPC that terminated with:
	status = StatusCode.UNAVAILABLE
	details = "failed to connect to all addresses; last error: UNKNOWN: ipv6:%5B::1%5D:50051: Failed to connect to remote host: Connection refused"
	debug_error_string = "UNAVAILABLE:failed to connect to all addresses; last error: UNKNOWN: ipv6:%5B::1%5D:50051: Failed to connect to remote host: Connection refused"
>
2026-07-01 17:25:40,917 - Drone1.SimulationBackend - ERROR - Telemetry error: <AioRpcError of RPC that terminated with:
	status = StatusCode.UNAVAILABLE
	details = "failed to connect to all addresses; last error: UNKNOWN: ipv6:%5B::1%5D:50051: Failed to connect to remote host: Connection refused"
	debug_error_string = "UNAVAILABLE:failed to connect to all addresses; last error: UNKNOWN: ipv6:%5B::1%5D:50051: Failed to connect to remote host: Connection refused"
>
2026-07-01 17:25:41,919 - Drone1.SimulationBackend - ERROR - Telemetry error: <AioRpcError of RPC that terminated with:
	status = StatusCode.UNAVAILABLE
	details = "failed to connect to all addresses; last error: UNKNOWN: ipv6:%5B::1%5D:50051: Failed to connect to remote host: Connection refused"
	debug_error_string = "UNAVAILABLE:failed to connect to all addresses; last error: UNKNOWN: ipv6:%5B::1%5D:50051: Failed to connect to remote host: Connection refused"
>
2026-07-01 17:25:42,920 - Drone1.SimulationBackend - ERROR - Telemetry error: <AioRpcError of RPC that terminated with:
	status = StatusCode.UNAVAILABLE
	details = "failed to connect to all addresses; last error: UNKNOWN: ipv6:%5B::1%5D:50051: Failed to connect to remote host: Connection refused"
	debug_error_string = "UNAVAILABLE:failed to connect to all addresses; last error: UNKNOWN: ipv6:%5B::1%5D:50051: Failed to connect to remote host: Connection refused"
>
2026-07-01 17:25:43,921 - Drone1.SimulationBackend - ERROR - Telemetry error: <AioRpcError of RPC that terminated with:
	status = StatusCode.UNAVAILABLE
	details = "failed to connect to all addresses; last error: UNKNOWN: ipv6:%5B::1%5D:50051: Failed to connect to remote host: Connection refused"
	debug_error_string = "UNAVAILABLE:failed to connect to all addresses; last error: UNKNOWN: ipv6:%5B::1%5D:50051: Failed to connect to remote host: Connection refused"
>
2026-07-01 17:25:44,922 - Drone1.SimulationBackend - ERROR - Telemetry error: <AioRpcError of RPC that terminated with:
	status = StatusCode.UNAVAILABLE
	details = "failed to connect to all addresses; last error: UNKNOWN: ipv6:%5B::1%5D:50051: Failed to connect to remote host: Connection refused"
	debug_error_string = "UNAVAILABLE:failed to connect to all addresses; last error: UNKNOWN: ipv6:%5B::1%5D:50051: Failed to connect to remote host: Connection refused"
>
2026-07-01 17:25:45,923 - Drone1.SimulationBackend - ERROR - Telemetry error: <AioRpcError of RPC that terminated with:
	status = StatusCode.UNAVAILABLE
	details = "failed to connect to all addresses; last error: UNKNOWN: ipv6:%5B::1%5D:50051: Failed to connect to remote host: Connection refused"
	debug_error_string = "UNAVAILABLE:failed to connect to all addresses; last error: UNKNOWN: ipv6:%5B::1%5D:50051: Failed to connect to remote host: Connection refused"
>
2026-07-01 17:25:46,925 - Drone1.SimulationBackend - ERROR - Telemetry error: <AioRpcError of RPC that terminated with:
	status = StatusCode.UNAVAILABLE
	details = "failed to connect to all addresses; last error: UNKNOWN: ipv6:%5B::1%5D:50051: Failed to connect to remote host: Connection refused"
	debug_error_string = "UNAVAILABLE:failed to connect to all addresses; last error: UNKNOWN: ipv6:%5B::1%5D:50051: Failed to connect to remote host: Connection refused"
>
2026-07-01 17:25:47,928 - Drone1.SimulationBackend - ERROR - Telemetry error: <AioRpcError of RPC that terminated with:
	status = StatusCode.UNAVAILABLE
	details = "failed to connect to all addresses; last error: UNKNOWN: ipv6:%5B::1%5D:50051: Failed to connect to remote host: Connection refused"
	debug_error_string = "UNAVAILABLE:failed to connect to all addresses; last error: UNKNOWN: ipv6:%5B::1%5D:50051: Failed to connect to remote host: Connection refused"
>
2026-07-01 17:25:48,929 - Drone1.SimulationBackend - ERROR - Telemetry error: <AioRpcError of RPC that terminated with:
	status = StatusCode.UNAVAILABLE
	details = "failed to connect to all addresses; last error: UNKNOWN: ipv6:%5B::1%5D:50051: Failed to connect to remote host: Connection refused"
	debug_error_string = "UNAVAILABLE:failed to connect to all addresses; last error: UNKNOWN: ipv6:%5B::1%5D:50051: Failed to connect to remote host: Connection refused"
>
2026-07-01 17:25:49,930 - Drone1.SimulationBackend - ERROR - Telemetry error: <AioRpcError of RPC that terminated with:
	status = StatusCode.UNAVAILABLE
	details = "failed to connect to all addresses; last error: UNKNOWN: ipv6:%5B::1%5D:50051: Failed to connect to remote host: Connection refused"
	debug_error_string = "UNAVAILABLE:failed to connect to all addresses; last error: UNKNOWN: ipv6:%5B::1%5D:50051: Failed to connect to remote host: Connection refused"
>
2026-07-01 17:25:50,932 - Drone1.SimulationBackend - ERROR - Telemetry error: <AioRpcError of RPC that terminated with:
	status = StatusCode.UNAVAILABLE
	details = "failed to connect to all addresses; last error: UNKNOWN: ipv6:%5B::1%5D:50051: Failed to connect to remote host: Connection refused"
	debug_error_string = "UNAVAILABLE:failed to connect to all addresses; last error: UNKNOWN: ipv6:%5B::1%5D:50051: Failed to connect to remote host: Connection refused"
>
2026-07-01 17:25:51,933 - Drone1.SimulationBackend - ERROR - Telemetry error: <AioRpcError of RPC that terminated with:
	status = StatusCode.UNAVAILABLE
	details = "failed to connect to all addresses; last error: UNKNOWN: ipv6:%5B::1%5D:50051: Failed to connect to remote host: Connection refused"
	debug_error_string = "UNAVAILABLE:failed to connect to all addresses; last error: UNKNOWN: ipv6:%5B::1%5D:50051: Failed to connect to remote host: Connection refused"
>
2026-07-01 17:25:52,934 - Drone1.SimulationBackend - ERROR - Telemetry error: <AioRpcError of RPC that terminated with:
	status = StatusCode.UNAVAILABLE
	details = "failed to connect to all addresses; last error: UNKNOWN: ipv6:%5B::1%5D:50051: Failed to connect to remote host: Connection refused"
	debug_error_string = "UNAVAILABLE:failed to connect to all addresses; last error: UNKNOWN: ipv6:%5B::1%5D:50051: Failed to connect to remote host: Connection refused"
>
2026-07-01 17:25:53,936 - Drone1.SimulationBackend - ERROR - Telemetry error: <AioRpcError of RPC that terminated with:
	status = StatusCode.UNAVAILABLE
	details = "failed to connect to all addresses; last error: UNKNOWN: ipv6:%5B::1%5D:50051: Failed to connect to remote host: Connection refused"
	debug_error_string = "UNAVAILABLE:failed to connect to all addresses; last error: UNKNOWN: ipv6:%5B::1%5D:50051: Failed to connect to remote host: Connection refused"
>
2026-07-01 17:25:54,937 - Drone1.SimulationBackend - ERROR - Telemetry error: <AioRpcError of RPC that terminated with:
	status = StatusCode.UNAVAILABLE
	details = "failed to connect to all addresses; last error: UNKNOWN: ipv6:%5B::1%5D:50051: Failed to connect to remote host: Connection refused"
	debug_error_string = "UNAVAILABLE:failed to connect to all addresses; last error: UNKNOWN: ipv6:%5B::1%5D:50051: Failed to connect to remote host: Connection refused"
>
2026-07-01 17:25:55,939 - Drone1.SimulationBackend - ERROR - Telemetry error: <AioRpcError of RPC that terminated with:
	status = StatusCode.UNAVAILABLE
	details = "failed to connect to all addresses; last error: UNKNOWN: ipv6:%5B::1%5D:50051: Failed to connect to remote host: Connection refused"
	debug_error_string = "UNAVAILABLE:failed to connect to all addresses; last error: UNKNOWN: ipv6:%5B::1%5D:50051: Failed to connect to remote host: Connection refused"
>
2026-07-01 17:25:56,940 - Drone1.SimulationBackend - ERROR - Telemetry error: <AioRpcError of RPC that terminated with:
	status = StatusCode.UNAVAILABLE
	details = "failed to connect to all addresses; last error: UNKNOWN: ipv6:%5B::1%5D:50051: Failed to connect to remote host: Connection refused"
	debug_error_string = "UNAVAILABLE:failed to connect to all addresses; last error: UNKNOWN: ipv6:%5B::1%5D:50051: Failed to connect to remote host: Connection refused"
>
2026-07-01 17:25:57,941 - Drone1.SimulationBackend - ERROR - Telemetry error: <AioRpcError of RPC that terminated with:
	status = StatusCode.UNAVAILABLE
	details = "failed to connect to all addresses; last error: UNKNOWN: ipv6:%5B::1%5D:50051: Failed to connect to remote host: Connection refused"
	debug_error_string = "UNAVAILABLE:failed to connect to all addresses; last error: UNKNOWN: ipv6:%5B::1%5D:50051: Failed to connect to remote host: Connection refused"
>
2026-07-01 17:25:58,942 - Drone1.SimulationBackend - ERROR - Telemetry error: <AioRpcError of RPC that terminated with:
	status = StatusCode.UNAVAILABLE
	details = "failed to connect to all addresses; last error: UNKNOWN: ipv6:%5B::1%5D:50051: Failed to connect to remote host: Connection refused"
	debug_error_string = "UNAVAILABLE:failed to connect to all addresses; last error: UNKNOWN: ipv6:%5B::1%5D:50051: Failed to connect to remote host: Connection refused"
>
2026-07-01 17:25:59,943 - Drone1.SimulationBackend - ERROR - Telemetry error: <AioRpcError of RPC that terminated with:
	status = StatusCode.UNAVAILABLE
	details = "failed to connect to all addresses; last error: UNKNOWN: ipv6:%5B::1%5D:50051: Failed to connect to remote host: Connection refused"
	debug_error_string = "UNAVAILABLE:failed to connect to all addresses; last error: UNKNOWN: ipv6:%5B::1%5D:50051: Failed to connect to remote host: Connection refused"
>
2026-07-01 17:26:00,945 - Drone1.SimulationBackend - ERROR - Telemetry error: <AioRpcError of RPC that terminated with:
	status = StatusCode.UNAVAILABLE
	details = "failed to connect to all addresses; last error: UNKNOWN: ipv6:%5B::1%5D:50051: Failed to connect to remote host: Connection refused"
	debug_error_string = "UNAVAILABLE:failed to connect to all addresses; last error: UNKNOWN: ipv6:%5B::1%5D:50051: Failed to connect to remote host: Connection refused"
>
2026-07-01 17:26:01,946 - Drone1.SimulationBackend - ERROR - Telemetry error: <AioRpcError of RPC that terminated with:
	status = StatusCode.UNAVAILABLE
	details = "failed to connect to all addresses; last error: UNKNOWN: ipv6:%5B::1%5D:50051: Failed to connect to remote host: Connection refused"
	debug_error_string = "UNAVAILABLE:failed to connect to all addresses; last error: UNKNOWN: ipv6:%5B::1%5D:50051: Failed to connect to remote host: Connection refused"
>
2026-07-01 17:26:02,948 - Drone1.SimulationBackend - ERROR - Telemetry error: <AioRpcError of RPC that terminated with:
	status = StatusCode.UNAVAILABLE
	details = "failed to connect to all addresses; last error: UNKNOWN: ipv6:%5B::1%5D:50051: Failed to connect to remote host: Connection refused"
	debug_error_string = "UNAVAILABLE:failed to connect to all addresses; last error: UNKNOWN: ipv6:%5B::1%5D:50051: Failed to connect to remote host: Connection refused"
>
2026-07-01 17:26:03,949 - Drone1.SimulationBackend - ERROR - Telemetry error: <AioRpcError of RPC that terminated with:
	status = StatusCode.UNAVAILABLE
	details = "failed to connect to all addresses; last error: UNKNOWN: ipv6:%5B::1%5D:50051: Failed to connect to remote host: Connection refused"
	debug_error_string = "UNAVAILABLE:failed to connect to all addresses; last error: UNKNOWN: ipv6:%5B::1%5D:50051: Failed to connect to remote host: Connection refused"
>
2026-07-01 17:26:04,951 - Drone1.SimulationBackend - ERROR - Telemetry error: <AioRpcError of RPC that terminated with:
	status = StatusCode.UNAVAILABLE
	details = "failed to connect to all addresses; last error: UNKNOWN: ipv6:%5B::1%5D:50051: Failed to connect to remote host: Connection refused"
	debug_error_string = "UNAVAILABLE:failed to connect to all addresses; last error: UNKNOWN: ipv6:%5B::1%5D:50051: Failed to connect to remote host: Connection refused"
>
2026-07-01 17:26:05,952 - Drone1.SimulationBackend - ERROR - Telemetry error: <AioRpcError of RPC that terminated with:
	status = StatusCode.UNAVAILABLE
	details = "failed to connect to all addresses; last error: UNKNOWN: ipv6:%5B::1%5D:50051: Failed to connect to remote host: Connection refused"
	debug_error_string = "UNAVAILABLE:failed to connect to all addresses; last error: UNKNOWN: ipv6:%5B::1%5D:50051: Failed to connect to remote host: Connection refused"
>
2026-07-01 17:26:06,954 - Drone1.SimulationBackend - ERROR - Telemetry error: <AioRpcError of RPC that terminated with:
	status = StatusCode.UNAVAILABLE
	details = "failed to connect to all addresses; last error: UNKNOWN: ipv6:%5B::1%5D:50051: Failed to connect to remote host: Connection refused"
	debug_error_string = "UNAVAILABLE:failed to connect to all addresses; last error: UNKNOWN: ipv6:%5B::1%5D:50051: Failed to connect to remote host: Connection refused"
>
2026-07-01 17:26:07,955 - Drone1.SimulationBackend - ERROR - Telemetry error: <AioRpcError of RPC that terminated with:
	status = StatusCode.UNAVAILABLE
	details = "failed to connect to all addresses; last error: UNKNOWN: ipv6:%5B::1%5D:50051: Failed to connect to remote host: Connection refused"
	debug_error_string = "UNAVAILABLE:failed to connect to all addresses; last error: UNKNOWN: ipv6:%5B::1%5D:50051: Failed to connect to remote host: Connection refused"
>
2026-07-01 17:26:08,956 - Drone1.SimulationBackend - ERROR - Telemetry error: <AioRpcError of RPC that terminated with:
	status = StatusCode.UNAVAILABLE
	details = "failed to connect to all addresses; last error: UNKNOWN: ipv6:%5B::1%5D:50051: Failed to connect to remote host: Connection refused"
	debug_error_string = "UNAVAILABLE:failed to connect to all addresses; last error: UNKNOWN: ipv6:%5B::1%5D:50051: Failed to connect to remote host: Connection refused"
>
2026-07-01 17:26:09,957 - Drone1.SimulationBackend - ERROR - Telemetry error: <AioRpcError of RPC that terminated with:
	status = StatusCode.UNAVAILABLE
	details = "failed to connect to all addresses; last error: UNKNOWN: ipv6:%5B::1%5D:50051: Failed to connect to remote host: Connection refused"
	debug_error_string = "UNAVAILABLE:failed to connect to all addresses; last error: UNKNOWN: ipv6:%5B::1%5D:50051: Failed to connect to remote host: Connection refused"
>
2026-07-01 17:26:10,959 - Drone1.SimulationBackend - ERROR - Telemetry error: <AioRpcError of RPC that terminated with:
	status = StatusCode.UNAVAILABLE
	details = "failed to connect to all addresses; last error: UNKNOWN: ipv6:%5B::1%5D:50051: Failed to connect to remote host: Connection refused"
	debug_error_string = "UNAVAILABLE:failed to connect to all addresses; last error: UNKNOWN: ipv6:%5B::1%5D:50051: Failed to connect to remote host: Connection refused"
>
2026-07-01 17:26:11,960 - Drone1.SimulationBackend - ERROR - Telemetry error: <AioRpcError of RPC that terminated with:
	status = StatusCode.UNAVAILABLE
	details = "failed to connect to all addresses; last error: UNKNOWN: ipv6:%5B::1%5D:50051: Failed to connect to remote host: Connection refused"
	debug_error_string = "UNAVAILABLE:failed to connect to all addresses; last error: UNKNOWN: ipv6:%5B::1%5D:50051: Failed to connect to remote host: Connection refused"
>
2026-07-01 17:26:12,961 - Drone1.SimulationBackend - ERROR - Telemetry error: <AioRpcError of RPC that terminated with:
	status = StatusCode.UNAVAILABLE
	details = "failed to connect to all addresses; last error: UNKNOWN: ipv6:%5B::1%5D:50051: Failed to connect to remote host: Connection refused"
	debug_error_string = "UNAVAILABLE:failed to connect to all addresses; last error: UNKNOWN: ipv6:%5B::1%5D:50051: Failed to connect to remote host: Connection refused"
>
2026-07-01 17:26:13,962 - Drone1.SimulationBackend - ERROR - Telemetry error: <AioRpcError of RPC that terminated with:
	status = StatusCode.UNAVAILABLE
	details = "failed to connect to all addresses; last error: UNKNOWN: ipv6:%5B::1%5D:50051: Failed to connect to remote host: Connection refused"
	debug_error_string = "UNAVAILABLE:failed to connect to all addresses; last error: UNKNOWN: ipv6:%5B::1%5D:50051: Failed to connect to remote host: Connection refused"
>
2026-07-01 17:26:14,964 - Drone1.SimulationBackend - ERROR - Telemetry error: <AioRpcError of RPC that terminated with:
	status = StatusCode.UNAVAILABLE
	details = "failed to connect to all addresses; last error: UNKNOWN: ipv6:%5B::1%5D:50051: Failed to connect to remote host: Connection refused"
	debug_error_string = "UNAVAILABLE:failed to connect to all addresses; last error: UNKNOWN: ipv6:%5B::1%5D:50051: Failed to connect to remote host: Connection refused"
>
2026-07-01 17:26:15,965 - Drone1.SimulationBackend - ERROR - Telemetry error: <AioRpcError of RPC that terminated with:
	status = StatusCode.UNAVAILABLE
	details = "failed to connect to all addresses; last error: UNKNOWN: ipv6:%5B::1%5D:50051: Failed to connect to remote host: Connection refused"
	debug_error_string = "UNAVAILABLE:failed to connect to all addresses; last error: UNKNOWN: ipv6:%5B::1%5D:50051: Failed to connect to remote host: Connection refused"
>
2026-07-01 17:26:16,966 - Drone1.SimulationBackend - ERROR - Telemetry error: <AioRpcError of RPC that terminated with:
	status = StatusCode.UNAVAILABLE
	details = "failed to connect to all addresses; last error: UNKNOWN: ipv6:%5B::1%5D:50051: Failed to connect to remote host: Connection refused"
	debug_error_string = "UNAVAILABLE:failed to connect to all addresses; last error: UNKNOWN: ipv6:%5B::1%5D:50051: Failed to connect to remote host: Connection refused"
>
2026-07-01 17:26:17,967 - Drone1.SimulationBackend - ERROR - Telemetry error: <AioRpcError of RPC that terminated with:
	status = StatusCode.UNAVAILABLE
	details = "failed to connect to all addresses; last error: UNKNOWN: ipv6:%5B::1%5D:50051: Failed to connect to remote host: Connection refused"
	debug_error_string = "UNAVAILABLE:failed to connect to all addresses; last error: UNKNOWN: ipv6:%5B::1%5D:50051: Failed to connect to remote host: Connection refused"
>
2026-07-01 17:26:18,968 - Drone1.SimulationBackend - ERROR - Telemetry error: <AioRpcError of RPC that terminated with:
	status = StatusCode.UNAVAILABLE
	details = "failed to connect to all addresses; last error: UNKNOWN: ipv6:%5B::1%5D:50051: Failed to connect to remote host: Connection refused"
	debug_error_string = "UNAVAILABLE:failed to connect to all addresses; last error: UNKNOWN: ipv6:%5B::1%5D:50051: Failed to connect to remote host: Connection refused"
>
2026-07-01 17:26:19,971 - Drone1.SimulationBackend - ERROR - Telemetry error: <AioRpcError of RPC that terminated with:
	status = StatusCode.UNAVAILABLE
	details = "failed to connect to all addresses; last error: UNKNOWN: ipv6:%5B::1%5D:50051: Failed to connect to remote host: Connection refused"
	debug_error_string = "UNAVAILABLE:failed to connect to all addresses; last error: UNKNOWN: ipv6:%5B::1%5D:50051: Failed to connect to remote host: Connection refused"
>
2026-07-01 17:26:20,972 - Drone1.SimulationBackend - ERROR - Telemetry error: <AioRpcError of RPC that terminated with:
	status = StatusCode.UNAVAILABLE
	details = "failed to connect to all addresses; last error: UNKNOWN: ipv6:%5B::1%5D:50051: Failed to connect to remote host: Connection refused"
	debug_error_string = "UNAVAILABLE:failed to connect to all addresses; last error: UNKNOWN: ipv6:%5B::1%5D:50051: Failed to connect to remote host: Connection refused"
>
2026-07-01 17:26:21,973 - Drone1.SimulationBackend - ERROR - Telemetry error: <AioRpcError of RPC that terminated with:
	status = StatusCode.UNAVAILABLE
	details = "failed to connect to all addresses; last error: UNKNOWN: ipv6:%5B::1%5D:50051: Failed to connect to remote host: Connection refused"
	debug_error_string = "UNAVAILABLE:failed to connect to all addresses; last error: UNKNOWN: ipv6:%5B::1%5D:50051: Failed to connect to remote host: Connection refused"
>
2026-07-01 17:26:22,975 - Drone1.SimulationBackend - ERROR - Telemetry error: <AioRpcError of RPC that terminated with:
	status = StatusCode.UNAVAILABLE
	details = "failed to connect to all addresses; last error: UNKNOWN: ipv6:%5B::1%5D:50051: Failed to connect to remote host: Connection refused"
	debug_error_string = "UNAVAILABLE:failed to connect to all addresses; last error: UNKNOWN: ipv6:%5B::1%5D:50051: Failed to connect to remote host: Connection refused"
>
2026-07-01 17:26:23,976 - Drone1.SimulationBackend - ERROR - Telemetry error: <AioRpcError of RPC that terminated with:
	status = StatusCode.UNAVAILABLE
	details = "failed to connect to all addresses; last error: UNKNOWN: ipv6:%5B::1%5D:50051: Failed to connect to remote host: Connection refused"
	debug_error_string = "UNAVAILABLE:failed to connect to all addresses; last error: UNKNOWN: ipv6:%5B::1%5D:50051: Failed to connect to remote host: Connection refused"
>
2026-07-01 17:26:24,977 - Drone1.SimulationBackend - ERROR - Telemetry error: <AioRpcError of RPC that terminated with:
	status = StatusCode.UNAVAILABLE
	details = "failed to connect to all addresses; last error: UNKNOWN: ipv6:%5B::1%5D:50051: Failed to connect to remote host: Connection refused"
	debug_error_string = "UNAVAILABLE:failed to connect to all addresses; last error: UNKNOWN: ipv6:%5B::1%5D:50051: Failed to connect to remote host: Connection refused"
>
2026-07-01 17:26:25,978 - Drone1.SimulationBackend - ERROR - Telemetry error: <AioRpcError of RPC that terminated with:
	status = StatusCode.UNAVAILABLE
	details = "failed to connect to all addresses; last error: UNKNOWN: ipv6:%5B::1%5D:50051: Failed to connect to remote host: Connection refused"
	debug_error_string = "UNAVAILABLE:failed to connect to all addresses; last error: UNKNOWN: ipv6:%5B::1%5D:50051: Failed to connect to remote host: Connection refused"
>
2026-07-01 17:26:26,979 - Drone1.SimulationBackend - ERROR - Telemetry error: <AioRpcError of RPC that terminated with:
	status = StatusCode.UNAVAILABLE
	details = "failed to connect to all addresses; last error: UNKNOWN: ipv6:%5B::1%5D:50051: Failed to connect to remote host: Connection refused"
	debug_error_string = "UNAVAILABLE:failed to connect to all addresses; last error: UNKNOWN: ipv6:%5B::1%5D:50051: Failed to connect to remote host: Connection refused"
>
2026-07-01 17:26:27,981 - Drone1.SimulationBackend - ERROR - Telemetry error: <AioRpcError of RPC that terminated with:
	status = StatusCode.UNAVAILABLE
	details = "failed to connect to all addresses; last error: UNKNOWN: ipv6:%5B::1%5D:50051: Failed to connect to remote host: Connection refused"
	debug_error_string = "UNAVAILABLE:failed to connect to all addresses; last error: UNKNOWN: ipv6:%5B::1%5D:50051: Failed to connect to remote host: Connection refused"
>
2026-07-01 17:26:28,983 - Drone1.SimulationBackend - ERROR - Telemetry error: <AioRpcError of RPC that terminated with:
	status = StatusCode.UNAVAILABLE
	details = "failed to connect to all addresses; last error: UNKNOWN: ipv6:%5B::1%5D:50051: Failed to connect to remote host: Connection refused"
	debug_error_string = "UNAVAILABLE:failed to connect to all addresses; last error: UNKNOWN: ipv6:%5B::1%5D:50051: Failed to connect to remote host: Connection refused"
>
2026-07-01 17:26:29,984 - Drone1.SimulationBackend - ERROR - Telemetry error: <AioRpcError of RPC that terminated with:
	status = StatusCode.UNAVAILABLE
	details = "failed to connect to all addresses; last error: UNKNOWN: ipv6:%5B::1%5D:50051: Failed to connect to remote host: Connection refused"
	debug_error_string = "UNAVAILABLE:failed to connect to all addresses; last error: UNKNOWN: ipv6:%5B::1%5D:50051: Failed to connect to remote host: Connection refused"
>
2026-07-01 17:26:30,985 - Drone1.SimulationBackend - ERROR - Telemetry error: <AioRpcError of RPC that terminated with:
	status = StatusCode.UNAVAILABLE
	details = "failed to connect to all addresses; last error: UNKNOWN: ipv6:%5B::1%5D:50051: Failed to connect to remote host: Connection refused"
	debug_error_string = "UNAVAILABLE:failed to connect to all addresses; last error: UNKNOWN: ipv6:%5B::1%5D:50051: Failed to connect to remote host: Connection refused"
>
2026-07-01 17:26:31,987 - Drone1.SimulationBackend - ERROR - Telemetry error: <AioRpcError of RPC that terminated with:
	status = StatusCode.UNAVAILABLE
	details = "failed to connect to all addresses; last error: UNKNOWN: ipv6:%5B::1%5D:50051: Failed to connect to remote host: Connection refused"
	debug_error_string = "UNAVAILABLE:failed to connect to all addresses; last error: UNKNOWN: ipv6:%5B::1%5D:50051: Failed to connect to remote host: Connection refused"
>
2026-07-01 17:26:32,988 - Drone1.SimulationBackend - ERROR - Telemetry error: <AioRpcError of RPC that terminated with:
	status = StatusCode.UNAVAILABLE
	details = "failed to connect to all addresses; last error: UNKNOWN: ipv6:%5B::1%5D:50051: Failed to connect to remote host: Connection refused"
	debug_error_string = "UNAVAILABLE:failed to connect to all addresses; last error: UNKNOWN: ipv6:%5B::1%5D:50051: Failed to connect to remote host: Connection refused"
>
2026-07-01 17:26:33,990 - Drone1.SimulationBackend - ERROR - Telemetry error: <AioRpcError of RPC that terminated with:
	status = StatusCode.UNAVAILABLE
	details = "failed to connect to all addresses; last error: UNKNOWN: ipv6:%5B::1%5D:50051: Failed to connect to remote host: Connection refused"
	debug_error_string = "UNAVAILABLE:failed to connect to all addresses; last error: UNKNOWN: ipv6:%5B::1%5D:50051: Failed to connect to remote host: Connection refused"
>
2026-07-01 17:26:34,991 - Drone1.SimulationBackend - ERROR - Telemetry error: <AioRpcError of RPC that terminated with:
	status = StatusCode.UNAVAILABLE
	details = "failed to connect to all addresses; last error: UNKNOWN: ipv6:%5B::1%5D:50051: Failed to connect to remote host: Connection refused"
	debug_error_string = "UNAVAILABLE:failed to connect to all addresses; last error: UNKNOWN: ipv6:%5B::1%5D:50051: Failed to connect to remote host: Connection refused"
>
2026-07-01 17:26:35,992 - Drone1.SimulationBackend - ERROR - Telemetry error: <AioRpcError of RPC that terminated with:
	status = StatusCode.UNAVAILABLE
	details = "failed to connect to all addresses; last error: UNKNOWN: ipv6:%5B::1%5D:50051: Failed to connect to remote host: Connection refused"
	debug_error_string = "UNAVAILABLE:failed to connect to all addresses; last error: UNKNOWN: ipv6:%5B::1%5D:50051: Failed to connect to remote host: Connection refused"
>
2026-07-01 17:26:36,995 - Drone1.SimulationBackend - ERROR - Telemetry error: <AioRpcError of RPC that terminated with:
	status = StatusCode.UNAVAILABLE
	details = "failed to connect to all addresses; last error: UNKNOWN: ipv6:%5B::1%5D:50051: Failed to connect to remote host: Connection refused"
	debug_error_string = "UNAVAILABLE:failed to connect to all addresses; last error: UNKNOWN: ipv6:%5B::1%5D:50051: Failed to connect to remote host: Connection refused"
>
2026-07-01 17:26:37,996 - Drone1.SimulationBackend - ERROR - Telemetry error: <AioRpcError of RPC that terminated with:
	status = StatusCode.UNAVAILABLE
	details = "failed to connect to all addresses; last error: UNKNOWN: ipv6:%5B::1%5D:50051: Failed to connect to remote host: Connection refused"
	debug_error_string = "UNAVAILABLE:failed to connect to all addresses; last error: UNKNOWN: ipv6:%5B::1%5D:50051: Failed to connect to remote host: Connection refused"
>
2026-07-01 17:26:38,997 - Drone1.SimulationBackend - ERROR - Telemetry error: <AioRpcError of RPC that terminated with:
	status = StatusCode.UNAVAILABLE
	details = "failed to connect to all addresses; last error: UNKNOWN: ipv6:%5B::1%5D:50051: Failed to connect to remote host: Connection refused"
	debug_error_string = "UNAVAILABLE:failed to connect to all addresses; last error: UNKNOWN: ipv6:%5B::1%5D:50051: Failed to connect to remote host: Connection refused"
>
2026-07-01 17:26:39,998 - Drone1.SimulationBackend - ERROR - Telemetry error: <AioRpcError of RPC that terminated with:
	status = StatusCode.UNAVAILABLE
	details = "failed to connect to all addresses; last error: UNKNOWN: ipv6:%5B::1%5D:50051: Failed to connect to remote host: Connection refused"
	debug_error_string = "UNAVAILABLE:failed to connect to all addresses; last error: UNKNOWN: ipv6:%5B::1%5D:50051: Failed to connect to remote host: Connection refused"
>
2026-07-01 17:26:40,999 - Drone1.SimulationBackend - ERROR - Telemetry error: <AioRpcError of RPC that terminated with:
	status = StatusCode.UNAVAILABLE
	details = "failed to connect to all addresses; last error: UNKNOWN: ipv6:%5B::1%5D:50051: Failed to connect to remote host: Connection refused"
	debug_error_string = "UNAVAILABLE:failed to connect to all addresses; last error: UNKNOWN: ipv6:%5B::1%5D:50051: Failed to connect to remote host: Connection refused"
>
2026-07-01 17:26:42,000 - Drone1.SimulationBackend - ERROR - Telemetry error: <AioRpcError of RPC that terminated with:
	status = StatusCode.UNAVAILABLE
	details = "failed to connect to all addresses; last error: UNKNOWN: ipv6:%5B::1%5D:50051: Failed to connect to remote host: Connection refused"
	debug_error_string = "UNAVAILABLE:failed to connect to all addresses; last error: UNKNOWN: ipv6:%5B::1%5D:50051: Failed to connect to remote host: Connection refused"
>
2026-07-01 17:26:43,001 - Drone1.SimulationBackend - ERROR - Telemetry error: <AioRpcError of RPC that terminated with:
	status = StatusCode.UNAVAILABLE
	details = "failed to connect to all addresses; last error: UNKNOWN: ipv6:%5B::1%5D:50051: Failed to connect to remote host: Connection refused"
	debug_error_string = "UNAVAILABLE:failed to connect to all addresses; last error: UNKNOWN: ipv6:%5B::1%5D:50051: Failed to connect to remote host: Connection refused"
>
2026-07-01 17:26:44,002 - Drone1.SimulationBackend - ERROR - Telemetry error: <AioRpcError of RPC that terminated with:
	status = StatusCode.UNAVAILABLE
	details = "failed to connect to all addresses; last error: UNKNOWN: ipv6:%5B::1%5D:50051: Failed to connect to remote host: Connection refused"
	debug_error_string = "UNAVAILABLE:failed to connect to all addresses; last error: UNKNOWN: ipv6:%5B::1%5D:50051: Failed to connect to remote host: Connection refused"
>
2026-07-01 17:26:45,004 - Drone1.SimulationBackend - ERROR - Telemetry error: <AioRpcError of RPC that terminated with:
	status = StatusCode.UNAVAILABLE
	details = "failed to connect to all addresses; last error: UNKNOWN: ipv6:%5B::1%5D:50051: Failed to connect to remote host: Connection refused"
	debug_error_string = "UNAVAILABLE:failed to connect to all addresses; last error: UNKNOWN: ipv6:%5B::1%5D:50051: Failed to connect to remote host: Connection refused"
>
2026-07-01 17:26:46,005 - Drone1.SimulationBackend - ERROR - Telemetry error: <AioRpcError of RPC that terminated with:
	status = StatusCode.UNAVAILABLE
	details = "failed to connect to all addresses; last error: UNKNOWN: ipv6:%5B::1%5D:50051: Failed to connect to remote host: Connection refused"
	debug_error_string = "UNAVAILABLE:failed to connect to all addresses; last error: UNKNOWN: ipv6:%5B::1%5D:50051: Failed to connect to remote host: Connection refused"
>
2026-07-01 17:26:47,007 - Drone1.SimulationBackend - ERROR - Telemetry error: <AioRpcError of RPC that terminated with:
	status = StatusCode.UNAVAILABLE
	details = "failed to connect to all addresses; last error: UNKNOWN: ipv6:%5B::1%5D:50051: Failed to connect to remote host: Connection refused"
	debug_error_string = "UNAVAILABLE:failed to connect to all addresses; last error: UNKNOWN: ipv6:%5B::1%5D:50051: Failed to connect to remote host: Connection refused"
>
2026-07-01 17:26:48,008 - Drone1.SimulationBackend - ERROR - Telemetry error: <AioRpcError of RPC that terminated with:
	status = StatusCode.UNAVAILABLE
	details = "failed to connect to all addresses; last error: UNKNOWN: ipv6:%5B::1%5D:50051: Failed to connect to remote host: Connection refused"
	debug_error_string = "UNAVAILABLE:failed to connect to all addresses; last error: UNKNOWN: ipv6:%5B::1%5D:50051: Failed to connect to remote host: Connection refused"
>
2026-07-01 17:26:49,009 - Drone1.SimulationBackend - ERROR - Telemetry error: <AioRpcError of RPC that terminated with:
	status = StatusCode.UNAVAILABLE
	details = "failed to connect to all addresses; last error: UNKNOWN: ipv6:%5B::1%5D:50051: Failed to connect to remote host: Connection refused"
	debug_error_string = "UNAVAILABLE:failed to connect to all addresses; last error: UNKNOWN: ipv6:%5B::1%5D:50051: Failed to connect to remote host: Connection refused"
>
2026-07-01 17:26:50,010 - Drone1.SimulationBackend - ERROR - Telemetry error: <AioRpcError of RPC that terminated with:
	status = StatusCode.UNAVAILABLE
	details = "failed to connect to all addresses; last error: UNKNOWN: ipv6:%5B::1%5D:50051: Failed to connect to remote host: Connection refused"
	debug_error_string = "UNAVAILABLE:failed to connect to all addresses; last error: UNKNOWN: ipv6:%5B::1%5D:50051: Failed to connect to remote host: Connection refused"
>
2026-07-01 17:26:51,012 - Drone1.SimulationBackend - ERROR - Telemetry error: <AioRpcError of RPC that terminated with:
	status = StatusCode.UNAVAILABLE
	details = "failed to connect to all addresses; last error: UNKNOWN: ipv6:%5B::1%5D:50051: Failed to connect to remote host: Connection refused"
	debug_error_string = "UNAVAILABLE:failed to connect to all addresses; last error: UNKNOWN: ipv6:%5B::1%5D:50051: Failed to connect to remote host: Connection refused"
>
2026-07-01 17:26:52,013 - Drone1.SimulationBackend - ERROR - Telemetry error: <AioRpcError of RPC that terminated with:
	status = StatusCode.UNAVAILABLE
	details = "failed to connect to all addresses; last error: UNKNOWN: ipv6:%5B::1%5D:50051: Failed to connect to remote host: Connection refused"
	debug_error_string = "UNAVAILABLE:failed to connect to all addresses; last error: UNKNOWN: ipv6:%5B::1%5D:50051: Failed to connect to remote host: Connection refused"
>
2026-07-01 17:26:53,014 - Drone1.SimulationBackend - ERROR - Telemetry error: <AioRpcError of RPC that terminated with:
	status = StatusCode.UNAVAILABLE
	details = "failed to connect to all addresses; last error: UNKNOWN: ipv6:%5B::1%5D:50051: Failed to connect to remote host: Connection refused"
	debug_error_string = "UNAVAILABLE:failed to connect to all addresses; last error: UNKNOWN: ipv6:%5B::1%5D:50051: Failed to connect to remote host: Connection refused"
>
2026-07-01 17:26:54,016 - Drone1.SimulationBackend - ERROR - Telemetry error: <AioRpcError of RPC that terminated with:
	status = StatusCode.UNAVAILABLE
	details = "failed to connect to all addresses; last error: UNKNOWN: ipv6:%5B::1%5D:50051: Failed to connect to remote host: Connection refused"
	debug_error_string = "UNAVAILABLE:failed to connect to all addresses; last error: UNKNOWN: ipv6:%5B::1%5D:50051: Failed to connect to remote host: Connection refused"
>
2026-07-01 17:26:55,018 - Drone1.SimulationBackend - ERROR - Telemetry error: <AioRpcError of RPC that terminated with:
	status = StatusCode.UNAVAILABLE
	details = "failed to connect to all addresses; last error: UNKNOWN: ipv6:%5B::1%5D:50051: Failed to connect to remote host: Connection refused"
	debug_error_string = "UNAVAILABLE:failed to connect to all addresses; last error: UNKNOWN: ipv6:%5B::1%5D:50051: Failed to connect to remote host: Connection refused"
>
2026-07-01 17:26:56,020 - Drone1.SimulationBackend - ERROR - Telemetry error: <AioRpcError of RPC that terminated with:
	status = StatusCode.UNAVAILABLE
	details = "failed to connect to all addresses; last error: UNKNOWN: ipv6:%5B::1%5D:50051: Failed to connect to remote host: Connection refused"
	debug_error_string = "UNAVAILABLE:failed to connect to all addresses; last error: UNKNOWN: ipv6:%5B::1%5D:50051: Failed to connect to remote host: Connection refused"
>
2026-07-01 17:26:57,021 - Drone1.SimulationBackend - ERROR - Telemetry error: <AioRpcError of RPC that terminated with:
	status = StatusCode.UNAVAILABLE
	details = "failed to connect to all addresses; last error: UNKNOWN: ipv6:%5B::1%5D:50051: Failed to connect to remote host: Connection refused"
	debug_error_string = "UNAVAILABLE:failed to connect to all addresses; last error: UNKNOWN: ipv6:%5B::1%5D:50051: Failed to connect to remote host: Connection refused"
>
2026-07-01 17:26:58,022 - Drone1.SimulationBackend - ERROR - Telemetry error: <AioRpcError of RPC that terminated with:
	status = StatusCode.UNAVAILABLE
	details = "failed to connect to all addresses; last error: UNKNOWN: ipv6:%5B::1%5D:50051: Failed to connect to remote host: Connection refused"
	debug_error_string = "UNAVAILABLE:failed to connect to all addresses; last error: UNKNOWN: ipv6:%5B::1%5D:50051: Failed to connect to remote host: Connection refused"
>
2026-07-01 17:26:59,024 - Drone1.SimulationBackend - ERROR - Telemetry error: <AioRpcError of RPC that terminated with:
	status = StatusCode.UNAVAILABLE
	details = "failed to connect to all addresses; last error: UNKNOWN: ipv6:%5B::1%5D:50051: Failed to connect to remote host: Connection refused"
	debug_error_string = "UNAVAILABLE:failed to connect to all addresses; last error: UNKNOWN: ipv6:%5B::1%5D:50051: Failed to connect to remote host: Connection refused"
>
2026-07-01 17:27:00,025 - Drone1.SimulationBackend - ERROR - Telemetry error: <AioRpcError of RPC that terminated with:
	status = StatusCode.UNAVAILABLE
	details = "failed to connect to all addresses; last error: UNKNOWN: ipv6:%5B::1%5D:50051: Failed to connect to remote host: Connection refused"
	debug_error_string = "UNAVAILABLE:failed to connect to all addresses; last error: UNKNOWN: ipv6:%5B::1%5D:50051: Failed to connect to remote host: Connection refused"
>
2026-07-01 17:27:01,026 - Drone1.SimulationBackend - ERROR - Telemetry error: <AioRpcError of RPC that terminated with:
	status = StatusCode.UNAVAILABLE
	details = "failed to connect to all addresses; last error: UNKNOWN: ipv6:%5B::1%5D:50051: Failed to connect to remote host: Connection refused"
	debug_error_string = "UNAVAILABLE:failed to connect to all addresses; last error: UNKNOWN: ipv6:%5B::1%5D:50051: Failed to connect to remote host: Connection refused"
>
2026-07-01 17:27:02,027 - Drone1.SimulationBackend - ERROR - Telemetry error: <AioRpcError of RPC that terminated with:
	status = StatusCode.UNAVAILABLE
	details = "failed to connect to all addresses; last error: UNKNOWN: ipv6:%5B::1%5D:50051: Failed to connect to remote host: Connection refused"
	debug_error_string = "UNAVAILABLE:failed to connect to all addresses; last error: UNKNOWN: ipv6:%5B::1%5D:50051: Failed to connect to remote host: Connection refused"
>
2026-07-01 17:27:03,028 - Drone1.SimulationBackend - ERROR - Telemetry error: <AioRpcError of RPC that terminated with:
	status = StatusCode.UNAVAILABLE
	details = "failed to connect to all addresses; last error: UNKNOWN: ipv6:%5B::1%5D:50051: Failed to connect to remote host: Connection refused"
	debug_error_string = "UNAVAILABLE:failed to connect to all addresses; last error: UNKNOWN: ipv6:%5B::1%5D:50051: Failed to connect to remote host: Connection refused"
>
2026-07-01 17:27:04,029 - Drone1.SimulationBackend - ERROR - Telemetry error: <AioRpcError of RPC that terminated with:
	status = StatusCode.UNAVAILABLE
	details = "failed to connect to all addresses; last error: UNKNOWN: ipv6:%5B::1%5D:50051: Failed to connect to remote host: Connection refused"
	debug_error_string = "UNAVAILABLE:failed to connect to all addresses; last error: UNKNOWN: ipv6:%5B::1%5D:50051: Failed to connect to remote host: Connection refused"
>
2026-07-01 17:27:05,031 - Drone1.SimulationBackend - ERROR - Telemetry error: <AioRpcError of RPC that terminated with:
	status = StatusCode.UNAVAILABLE
	details = "failed to connect to all addresses; last error: UNKNOWN: ipv6:%5B::1%5D:50051: Failed to connect to remote host: Connection refused"
	debug_error_string = "UNAVAILABLE:failed to connect to all addresses; last error: UNKNOWN: ipv6:%5B::1%5D:50051: Failed to connect to remote host: Connection refused"
>
2026-07-01 17:27:06,032 - Drone1.SimulationBackend - ERROR - Telemetry error: <AioRpcError of RPC that terminated with:
	status = StatusCode.UNAVAILABLE
	details = "failed to connect to all addresses; last error: UNKNOWN: ipv6:%5B::1%5D:50051: Failed to connect to remote host: Connection refused"
	debug_error_string = "UNAVAILABLE:failed to connect to all addresses; last error: UNKNOWN: ipv6:%5B::1%5D:50051: Failed to connect to remote host: Connection refused"
>
2026-07-01 17:27:07,033 - Drone1.SimulationBackend - ERROR - Telemetry error: <AioRpcError of RPC that terminated with:
	status = StatusCode.UNAVAILABLE
	details = "failed to connect to all addresses; last error: UNKNOWN: ipv6:%5B::1%5D:50051: Failed to connect to remote host: Connection refused"
	debug_error_string = "UNAVAILABLE:failed to connect to all addresses; last error: UNKNOWN: ipv6:%5B::1%5D:50051: Failed to connect to remote host: Connection refused"
>
2026-07-01 17:27:08,034 - Drone1.SimulationBackend - ERROR - Telemetry error: <AioRpcError of RPC that terminated with:
	status = StatusCode.UNAVAILABLE
	details = "failed to connect to all addresses; last error: UNKNOWN: ipv6:%5B::1%5D:50051: Failed to connect to remote host: Connection refused"
	debug_error_string = "UNAVAILABLE:failed to connect to all addresses; last error: UNKNOWN: ipv6:%5B::1%5D:50051: Failed to connect to remote host: Connection refused"
>
2026-07-01 17:27:09,035 - Drone1.SimulationBackend - ERROR - Telemetry error: <AioRpcError of RPC that terminated with:
	status = StatusCode.UNAVAILABLE
	details = "failed to connect to all addresses; last error: UNKNOWN: ipv6:%5B::1%5D:50051: Failed to connect to remote host: Connection refused"
	debug_error_string = "UNAVAILABLE:failed to connect to all addresses; last error: UNKNOWN: ipv6:%5B::1%5D:50051: Failed to connect to remote host: Connection refused"
>
2026-07-01 17:27:10,037 - Drone1.SimulationBackend - ERROR - Telemetry error: <AioRpcError of RPC that terminated with:
	status = StatusCode.UNAVAILABLE
	details = "failed to connect to all addresses; last error: UNKNOWN: ipv6:%5B::1%5D:50051: Failed to connect to remote host: Connection refused"
	debug_error_string = "UNAVAILABLE:failed to connect to all addresses; last error: UNKNOWN: ipv6:%5B::1%5D:50051: Failed to connect to remote host: Connection refused"
>
2026-07-01 17:27:11,038 - Drone1.SimulationBackend - ERROR - Telemetry error: <AioRpcError of RPC that terminated with:
	status = StatusCode.UNAVAILABLE
	details = "failed to connect to all addresses; last error: UNKNOWN: ipv6:%5B::1%5D:50051: Failed to connect to remote host: Connection refused"
	debug_error_string = "UNAVAILABLE:failed to connect to all addresses; last error: UNKNOWN: ipv6:%5B::1%5D:50051: Failed to connect to remote host: Connection refused"
>
2026-07-01 17:27:12,039 - Drone1.SimulationBackend - ERROR - Telemetry error: <AioRpcError of RPC that terminated with:
	status = StatusCode.UNAVAILABLE
	details = "failed to connect to all addresses; last error: UNKNOWN: ipv6:%5B::1%5D:50051: Failed to connect to remote host: Connection refused"
	debug_error_string = "UNAVAILABLE:failed to connect to all addresses; last error: UNKNOWN: ipv6:%5B::1%5D:50051: Failed to connect to remote host: Connection refused"
>
2026-07-01 17:27:13,040 - Drone1.SimulationBackend - ERROR - Telemetry error: <AioRpcError of RPC that terminated with:
	status = StatusCode.UNAVAILABLE
	details = "failed to connect to all addresses; last error: UNKNOWN: ipv6:%5B::1%5D:50051: Failed to connect to remote host: Connection refused"
	debug_error_string = "UNAVAILABLE:failed to connect to all addresses; last error: UNKNOWN: ipv6:%5B::1%5D:50051: Failed to connect to remote host: Connection refused"
>
2026-07-01 17:27:14,041 - Drone1.SimulationBackend - ERROR - Telemetry error: <AioRpcError of RPC that terminated with:
	status = StatusCode.UNAVAILABLE
	details = "failed to connect to all addresses; last error: UNKNOWN: ipv6:%5B::1%5D:50051: Failed to connect to remote host: Connection refused"
	debug_error_string = "UNAVAILABLE:failed to connect to all addresses; last error: UNKNOWN: ipv6:%5B::1%5D:50051: Failed to connect to remote host: Connection refused"
>
2026-07-01 17:27:15,043 - Drone1.SimulationBackend - ERROR - Telemetry error: <AioRpcError of RPC that terminated with:
	status = StatusCode.UNAVAILABLE
	details = "failed to connect to all addresses; last error: UNKNOWN: ipv6:%5B::1%5D:50051: Failed to connect to remote host: Connection refused"
	debug_error_string = "UNAVAILABLE:failed to connect to all addresses; last error: UNKNOWN: ipv6:%5B::1%5D:50051: Failed to connect to remote host: Connection refused"
>
2026-07-01 17:27:16,044 - Drone1.SimulationBackend - ERROR - Telemetry error: <AioRpcError of RPC that terminated with:
	status = StatusCode.UNAVAILABLE
	details = "failed to connect to all addresses; last error: UNKNOWN: ipv6:%5B::1%5D:50051: Failed to connect to remote host: Connection refused"
	debug_error_string = "UNAVAILABLE:failed to connect to all addresses; last error: UNKNOWN: ipv6:%5B::1%5D:50051: Failed to connect to remote host: Connection refused"
>
2026-07-01 17:27:17,045 - Drone1.SimulationBackend - ERROR - Telemetry error: <AioRpcError of RPC that terminated with:
	status = StatusCode.UNAVAILABLE
	details = "failed to connect to all addresses; last error: UNKNOWN: ipv6:%5B::1%5D:50051: Failed to connect to remote host: Connection refused"
	debug_error_string = "UNAVAILABLE:failed to connect to all addresses; last error: UNKNOWN: ipv6:%5B::1%5D:50051: Failed to connect to remote host: Connection refused"
>
2026-07-01 17:27:18,046 - Drone1.SimulationBackend - ERROR - Telemetry error: <AioRpcError of RPC that terminated with:
	status = StatusCode.UNAVAILABLE
	details = "failed to connect to all addresses; last error: UNKNOWN: ipv6:%5B::1%5D:50051: Failed to connect to remote host: Connection refused"
	debug_error_string = "UNAVAILABLE:failed to connect to all addresses; last error: UNKNOWN: ipv6:%5B::1%5D:50051: Failed to connect to remote host: Connection refused"
>
2026-07-01 17:27:19,047 - Drone1.SimulationBackend - ERROR - Telemetry error: <AioRpcError of RPC that terminated with:
	status = StatusCode.UNAVAILABLE
	details = "failed to connect to all addresses; last error: UNKNOWN: ipv6:%5B::1%5D:50051: Failed to connect to remote host: Connection refused"
	debug_error_string = "UNAVAILABLE:failed to connect to all addresses; last error: UNKNOWN: ipv6:%5B::1%5D:50051: Failed to connect to remote host: Connection refused"
>
2026-07-01 17:27:20,049 - Drone1.SimulationBackend - ERROR - Telemetry error: <AioRpcError of RPC that terminated with:
	status = StatusCode.UNAVAILABLE
	details = "failed to connect to all addresses; last error: UNKNOWN: ipv6:%5B::1%5D:50051: Failed to connect to remote host: Connection refused"
	debug_error_string = "UNAVAILABLE:failed to connect to all addresses; last error: UNKNOWN: ipv6:%5B::1%5D:50051: Failed to connect to remote host: Connection refused"
>
2026-07-01 17:27:21,051 - Drone1.SimulationBackend - ERROR - Telemetry error: <AioRpcError of RPC that terminated with:
	status = StatusCode.UNAVAILABLE
	details = "failed to connect to all addresses; last error: UNKNOWN: ipv6:%5B::1%5D:50051: Failed to connect to remote host: Connection refused"
	debug_error_string = "UNAVAILABLE:failed to connect to all addresses; last error: UNKNOWN: ipv6:%5B::1%5D:50051: Failed to connect to remote host: Connection refused"
>
2026-07-01 17:27:22,052 - Drone1.SimulationBackend - ERROR - Telemetry error: <AioRpcError of RPC that terminated with:
	status = StatusCode.UNAVAILABLE
	details = "failed to connect to all addresses; last error: UNKNOWN: ipv6:%5B::1%5D:50051: Failed to connect to remote host: Connection refused"
	debug_error_string = "UNAVAILABLE:failed to connect to all addresses; last error: UNKNOWN: ipv6:%5B::1%5D:50051: Failed to connect to remote host: Connection refused"
>
2026-07-01 17:27:23,053 - Drone1.SimulationBackend - ERROR - Telemetry error: <AioRpcError of RPC that terminated with:
	status = StatusCode.UNAVAILABLE
	details = "failed to connect to all addresses; last error: UNKNOWN: ipv6:%5B::1%5D:50051: Failed to connect to remote host: Connection refused"
	debug_error_string = "UNAVAILABLE:failed to connect to all addresses; last error: UNKNOWN: ipv6:%5B::1%5D:50051: Failed to connect to remote host: Connection refused"
>
2026-07-01 17:27:24,054 - Drone1.SimulationBackend - ERROR - Telemetry error: <AioRpcError of RPC that terminated with:
	status = StatusCode.UNAVAILABLE
	details = "failed to connect to all addresses; last error: UNKNOWN: ipv6:%5B::1%5D:50051: Failed to connect to remote host: Connection refused"
	debug_error_string = "UNAVAILABLE:failed to connect to all addresses; last error: UNKNOWN: ipv6:%5B::1%5D:50051: Failed to connect to remote host: Connection refused"
>
2026-07-01 17:27:25,056 - Drone1.SimulationBackend - ERROR - Telemetry error: <AioRpcError of RPC that terminated with:
	status = StatusCode.UNAVAILABLE
	details = "failed to connect to all addresses; last error: UNKNOWN: ipv6:%5B::1%5D:50051: Failed to connect to remote host: Connection refused"
	debug_error_string = "UNAVAILABLE:failed to connect to all addresses; last error: UNKNOWN: ipv6:%5B::1%5D:50051: Failed to connect to remote host: Connection refused"
>
2026-07-01 17:27:26,057 - Drone1.SimulationBackend - ERROR - Telemetry error: <AioRpcError of RPC that terminated with:
	status = StatusCode.UNAVAILABLE
	details = "failed to connect to all addresses; last error: UNKNOWN: ipv4:127.0.0.1:50051: Failed to connect to remote host: Connection refused"
	debug_error_string = "UNAVAILABLE:failed to connect to all addresses; last error: UNKNOWN: ipv4:127.0.0.1:50051: Failed to connect to remote host: Connection refused"
>
2026-07-01 17:27:27,058 - Drone1.SimulationBackend - ERROR - Telemetry error: <AioRpcError of RPC that terminated with:
	status = StatusCode.UNAVAILABLE
	details = "failed to connect to all addresses; last error: UNKNOWN: ipv4:127.0.0.1:50051: Failed to connect to remote host: Connection refused"
	debug_error_string = "UNAVAILABLE:failed to connect to all addresses; last error: UNKNOWN: ipv4:127.0.0.1:50051: Failed to connect to remote host: Connection refused"
>
2026-07-01 17:27:28,059 - Drone1.SimulationBackend - ERROR - Telemetry error: <AioRpcError of RPC that terminated with:
	status = StatusCode.UNAVAILABLE
	details = "failed to connect to all addresses; last error: UNKNOWN: ipv4:127.0.0.1:50051: Failed to connect to remote host: Connection refused"
	debug_error_string = "UNAVAILABLE:failed to connect to all addresses; last error: UNKNOWN: ipv4:127.0.0.1:50051: Failed to connect to remote host: Connection refused"
>
2026-07-01 17:27:29,061 - Drone1.SimulationBackend - ERROR - Telemetry error: <AioRpcError of RPC that terminated with:
	status = StatusCode.UNAVAILABLE
	details = "failed to connect to all addresses; last error: UNKNOWN: ipv4:127.0.0.1:50051: Failed to connect to remote host: Connection refused"
	debug_error_string = "UNAVAILABLE:failed to connect to all addresses; last error: UNKNOWN: ipv4:127.0.0.1:50051: Failed to connect to remote host: Connection refused"
>
2026-07-01 17:27:30,063 - Drone1.SimulationBackend - ERROR - Telemetry error: <AioRpcError of RPC that terminated with:
	status = StatusCode.UNAVAILABLE
	details = "failed to connect to all addresses; last error: UNKNOWN: ipv4:127.0.0.1:50051: Failed to connect to remote host: Connection refused"
	debug_error_string = "UNAVAILABLE:failed to connect to all addresses; last error: UNKNOWN: ipv4:127.0.0.1:50051: Failed to connect to remote host: Connection refused"
>
2026-07-01 17:27:31,064 - Drone1.SimulationBackend - ERROR - Telemetry error: <AioRpcError of RPC that terminated with:
	status = StatusCode.UNAVAILABLE
	details = "failed to connect to all addresses; last error: UNKNOWN: ipv4:127.0.0.1:50051: Failed to connect to remote host: Connection refused"
	debug_error_string = "UNAVAILABLE:failed to connect to all addresses; last error: UNKNOWN: ipv4:127.0.0.1:50051: Failed to connect to remote host: Connection refused"
>
2026-07-01 17:27:32,065 - Drone1.SimulationBackend - ERROR - Telemetry error: <AioRpcError of RPC that terminated with:
	status = StatusCode.UNAVAILABLE
	details = "failed to connect to all addresses; last error: UNKNOWN: ipv4:127.0.0.1:50051: Failed to connect to remote host: Connection refused"
	debug_error_string = "UNAVAILABLE:failed to connect to all addresses; last error: UNKNOWN: ipv4:127.0.0.1:50051: Failed to connect to remote host: Connection refused"
>
2026-07-01 17:27:33,066 - Drone1.SimulationBackend - ERROR - Telemetry error: <AioRpcError of RPC that terminated with:
	status = StatusCode.UNAVAILABLE
	details = "failed to connect to all addresses; last error: UNKNOWN: ipv4:127.0.0.1:50051: Failed to connect to remote host: Connection refused"
	debug_error_string = "UNAVAILABLE:failed to connect to all addresses; last error: UNKNOWN: ipv4:127.0.0.1:50051: Failed to connect to remote host: Connection refused"
>
2026-07-01 17:35:56,572 - Drone1 - INFO - Logger initialized for drone 1
2026-07-01 17:35:56,573 - Drone1 - INFO - BackendFactory: Creating SimulationBackend
2026-07-01 17:35:56,573 - Drone1.Communication - INFO - Communication initialized on 0.0.0.0:14560
2026-07-01 17:35:56,573 - Drone1.StateMachine - INFO - StateMachine initialized
2026-07-01 17:35:56,574 - Drone1 - INFO - DroneAgent initialized
2026-07-01 17:35:56,574 - Drone1 - INFO - Starting DroneAgent...
2026-07-01 17:35:56,574 - Drone1.SimulationBackend - INFO - Starting SimulationBackend...
2026-07-01 17:35:56,574 - Drone1.SimulationBackend - INFO - Connecting to SITL simulation via udpin://0.0.0.0:14540
2026-07-01 17:36:01,579 - Drone1.SimulationBackend - ERROR - Timeout: MAVSDK server failed to start (check for orphaned mavsdk_server processes holding port 14540)
2026-07-01 17:36:01,579 - Drone1.SimulationBackend - ERROR - Telemetry error: Telemetry plugin has not been initialized! Did you run `System.connect()`?
2026-07-01 17:36:02,580 - Drone1.SimulationBackend - ERROR - Telemetry error: Telemetry plugin has not been initialized! Did you run `System.connect()`?
2026-07-01 17:36:03,581 - Drone1.SimulationBackend - ERROR - Telemetry error: Telemetry plugin has not been initialized! Did you run `System.connect()`?
2026-07-01 17:36:04,582 - Drone1.SimulationBackend - ERROR - Telemetry error: Telemetry plugin has not been initialized! Did you run `System.connect()`?
2026-07-01 17:36:05,583 - Drone1.SimulationBackend - ERROR - Telemetry error: Telemetry plugin has not been initialized! Did you run `System.connect()`?
2026-07-01 17:36:06,584 - Drone1.SimulationBackend - ERROR - Telemetry error: Telemetry plugin has not been initialized! Did you run `System.connect()`?
2026-07-01 17:36:07,585 - Drone1.SimulationBackend - ERROR - Telemetry error: Telemetry plugin has not been initialized! Did you run `System.connect()`?
2026-07-01 17:36:08,586 - Drone1.SimulationBackend - ERROR - Telemetry error: Telemetry plugin has not been initialized! Did you run `System.connect()`?
2026-07-01 17:36:09,587 - Drone1.SimulationBackend - ERROR - Telemetry error: Telemetry plugin has not been initialized! Did you run `System.connect()`?
2026-07-01 17:36:10,588 - Drone1.SimulationBackend - ERROR - Telemetry error: Telemetry plugin has not been initialized! Did you run `System.connect()`?
2026-07-01 17:36:11,589 - Drone1.SimulationBackend - ERROR - Telemetry error: Telemetry plugin has not been initialized! Did you run `System.connect()`?
2026-07-01 17:36:12,590 - Drone1.SimulationBackend - ERROR - Telemetry error: Telemetry plugin has not been initialized! Did you run `System.connect()`?
2026-07-01 17:36:13,591 - Drone1.SimulationBackend - ERROR - Telemetry error: Telemetry plugin has not been initialized! Did you run `System.connect()`?
2026-07-01 17:36:14,592 - Drone1.SimulationBackend - ERROR - Telemetry error: Telemetry plugin has not been initialized! Did you run `System.connect()`?
2026-07-01 17:36:15,593 - Drone1.SimulationBackend - ERROR - Telemetry error: Telemetry plugin has not been initialized! Did you run `System.connect()`?
2026-07-01 17:36:16,378 - Drone1 - INFO - Received signal 15, initiating shutdown...
2026-07-01 17:36:16,379 - Drone1 - INFO - Shutting down DroneAgent...
2026-07-01 17:36:16,379 - Drone1.Heartbeat - INFO - Heartbeat stopped
2026-07-01 17:36:16,380 - Drone1.MovementController - INFO - Movement controller stopped
2026-07-01 17:36:16,380 - Drone1.Decision - INFO - Decision engine stopped
2026-07-01 17:36:16,380 - Drone1.Telemetry - INFO - Telemetry stopped
2026-07-01 17:36:16,381 - Drone1.Communication - INFO - Communication stopped
2026-07-01 17:36:16,381 - Drone1.SimulationBackend - INFO - Stopping SimulationBackend...
2026-07-01 17:36:16,381 - Drone1 - INFO - DroneAgent shutdown complete
2026-07-01 17:36:53,375 - Drone1 - INFO - Logger initialized for drone 1
2026-07-01 17:36:53,376 - Drone1 - INFO - BackendFactory: Creating SimulationBackend
2026-07-01 17:37:23,177 - Drone1 - INFO - Logger initialized for drone 1
2026-07-01 17:37:23,177 - Drone1 - INFO - BackendFactory: Creating SimulationBackend
2026-07-01 17:37:23,177 - Drone1.Communication - INFO - Communication initialized on 0.0.0.0:14560
2026-07-01 17:37:23,178 - Drone1.StateMachine - INFO - StateMachine initialized
2026-07-01 17:37:23,178 - Drone1 - INFO - DroneAgent initialized
2026-07-01 17:37:23,178 - Drone1 - INFO - Starting DroneAgent...
2026-07-01 17:37:23,178 - Drone1.SimulationBackend - INFO - Connecting SimulationBackend...
2026-07-01 17:37:23,179 - Drone1.SimulationBackend - INFO - Connecting to SITL simulation via udpin://0.0.0.0:14540
2026-07-01 17:37:28,185 - Drone1.SimulationBackend - ERROR - Timeout: MAVSDK server failed to start (check for orphaned mavsdk_server processes holding port 14540)
2026-07-01 17:37:43,013 - Drone1 - INFO - Received signal 15, initiating shutdown...
2026-07-01 17:37:43,013 - Drone1 - INFO - Shutting down DroneAgent...
2026-07-01 17:37:43,013 - Drone1.Heartbeat - INFO - Heartbeat stopped
2026-07-01 17:37:43,014 - Drone1.MovementController - INFO - Movement controller stopped
2026-07-01 17:37:43,014 - Drone1.Decision - INFO - Decision engine stopped
2026-07-01 17:37:43,014 - Drone1.Telemetry - INFO - Telemetry stopped
2026-07-01 17:37:43,014 - Drone1.Communication - INFO - Communication stopped
2026-07-01 17:37:43,014 - Drone1.SimulationBackend - INFO - Stopping SimulationBackend...
2026-07-01 17:37:43,014 - Drone1 - INFO - DroneAgent shutdown complete
2026-07-01 17:38:11,896 - Drone1 - INFO - Logger initialized for drone 1
2026-07-01 17:38:11,896 - Drone1 - INFO - BackendFactory: Creating SimulationBackend
2026-07-01 17:38:11,896 - Drone1.Communication - INFO - Communication initialized on 0.0.0.0:14560
2026-07-01 17:38:11,896 - Drone1.StateMachine - INFO - StateMachine initialized
2026-07-01 17:38:11,896 - Drone1 - INFO - DroneAgent initialized
2026-07-01 17:38:11,897 - Drone1 - INFO - Starting DroneAgent...
2026-07-01 17:38:11,897 - Drone1.SimulationBackend - INFO - Connecting SimulationBackend...
2026-07-01 17:38:11,897 - Drone1.SimulationBackend - INFO - Connecting to SITL simulation via udpin://0.0.0.0:14540
2026-07-01 17:38:16,899 - Drone1.SimulationBackend - ERROR - Timeout: MAVSDK server failed to start (check for orphaned mavsdk_server processes holding port 14540)
2026-07-01 17:38:16,905 - Drone1.SimulationBackend - ERROR - SimulationBackend connection failed.
2026-07-01 17:38:16,905 - Drone1.SimulationBackend - INFO - Stopping SimulationBackend...
2026-07-01 17:38:16,905 - Drone1 - ERROR - Backend connection failed. Exiting.
2026-07-01 18:21:20,995 - Drone1 - INFO - Logger initialized for drone 1
2026-07-01 18:21:20,995 - Drone1 - INFO - BackendFactory: Creating SimulationBackend
2026-07-01 18:21:20,996 - Drone1.Communication - INFO - Communication initialized on 0.0.0.0:14560
2026-07-01 18:21:20,996 - Drone1.StateMachine - INFO - StateMachine initialized
2026-07-01 18:21:20,996 - Drone1 - INFO - DroneAgent initialized
2026-07-01 18:21:20,996 - Drone1 - INFO - Starting DroneAgent...
2026-07-01 18:21:20,996 - Drone1.SimulationBackend - INFO - Connecting SimulationBackend...
2026-07-01 18:21:20,997 - Drone1.SimulationBackend - INFO - Connecting to SITL simulation via udpin://0.0.0.0:14540
2026-07-01 18:21:26,002 - Drone1.SimulationBackend - ERROR - Timeout: MAVSDK server failed to start (check for orphaned mavsdk_server processes holding port 14540)
2026-07-01 18:21:26,102 - Drone1.SimulationBackend - ERROR - SimulationBackend connection failed.
2026-07-01 18:21:26,102 - Drone1.SimulationBackend - INFO - Stopping SimulationBackend...
2026-07-01 18:21:26,102 - Drone1 - ERROR - Backend connection failed. Exiting.
2026-07-01 18:27:23,018 - Drone1 - INFO - Logger initialized for drone 1
2026-07-01 18:27:23,018 - Drone1 - INFO - BackendFactory: Creating SimulationBackend
2026-07-01 18:27:23,019 - Drone1.Communication - INFO - Communication initialized on 0.0.0.0:14560
2026-07-01 18:27:23,019 - Drone1.StateMachine - INFO - StateMachine initialized
2026-07-01 18:27:23,019 - Drone1 - INFO - DroneAgent initialized
2026-07-01 18:27:23,019 - Drone1 - INFO - Starting DroneAgent...
2026-07-01 18:27:23,019 - Drone1.SimulationBackend - INFO - Connecting SimulationBackend...
2026-07-01 18:27:23,020 - Drone1.SimulationBackend - INFO - Connecting to SITL simulation via udpin://0.0.0.0:14540
2026-07-01 18:27:28,025 - Drone1.SimulationBackend - ERROR - Timeout: MAVSDK server failed to start (check for orphaned mavsdk_server processes holding port 14540)
2026-07-01 18:27:28,126 - Drone1.SimulationBackend - ERROR - SimulationBackend connection failed.
2026-07-01 18:27:28,126 - Drone1.SimulationBackend - INFO - Stopping SimulationBackend...
2026-07-01 18:27:28,127 - Drone1 - ERROR - Backend connection failed. Exiting.
2026-07-01 18:36:38,272 - Drone1 - INFO - Logger initialized for drone 1
2026-07-01 18:36:38,273 - Drone1 - INFO - BackendFactory: Creating SimulationBackend
2026-07-01 18:36:38,273 - Drone1.Communication - INFO - Communication initialized on 0.0.0.0:14560
2026-07-01 18:36:38,273 - Drone1.StateMachine - INFO - StateMachine initialized
2026-07-01 18:36:38,274 - Drone1 - INFO - DroneAgent initialized
2026-07-01 18:36:38,274 - Drone1 - INFO - Starting DroneAgent...
2026-07-01 18:36:38,274 - Drone1.SimulationBackend - INFO - Connecting SimulationBackend...
2026-07-01 18:36:38,275 - Drone1.SimulationBackend - INFO - Connecting to SITL simulation via udpin://0.0.0.0:14540
2026-07-01 18:36:43,281 - Drone1.SimulationBackend - ERROR - Timeout: MAVSDK server failed to start (check for orphaned mavsdk_server processes holding port 14540)
2026-07-01 18:36:43,380 - Drone1.SimulationBackend - ERROR - SimulationBackend connection failed.
2026-07-01 18:36:43,381 - Drone1.SimulationBackend - INFO - Stopping SimulationBackend...
2026-07-01 18:36:43,381 - Drone1 - ERROR - Backend connection failed. Exiting.
2026-07-01 18:41:37,337 - Drone1 - INFO - Logger initialized for drone 1
2026-07-01 18:41:37,341 - Drone1 - INFO - BackendFactory: Creating SimulationBackend
2026-07-01 18:41:37,343 - Drone1.SimulationBackend - INFO - Existing MAVSDK server detected.
2026-07-01 18:41:37,346 - Drone1.SimulationBackend - INFO - Connected to existing server.
2026-07-01 18:41:37,346 - Drone1.Communication - INFO - Communication initialized on 0.0.0.0:14560
2026-07-01 18:41:37,347 - Drone1.StateMachine - INFO - StateMachine initialized
2026-07-01 18:41:37,348 - Drone1 - INFO - DroneAgent initialized
2026-07-01 18:41:37,348 - Drone1 - INFO - Starting DroneAgent...
2026-07-01 18:41:37,348 - Drone1.SimulationBackend - INFO - Connecting SimulationBackend...
2026-07-01 18:41:37,350 - Drone1.SimulationBackend - INFO - Connecting to SITL simulation via udpin://0.0.0.0:14540
2026-07-01 18:41:37,368 - Drone1.SimulationBackend - INFO - Waiting for drone discovery (Attempt 1/5)...
2026-07-01 18:41:47,390 - Drone1.SimulationBackend - WARNING - Connection state or health check timed out (Attempt 1).
2026-07-01 18:41:49,397 - Drone1.SimulationBackend - INFO - Waiting for drone discovery (Attempt 2/5)...
2026-07-01 18:41:59,408 - Drone1.SimulationBackend - WARNING - Connection state or health check timed out (Attempt 2).
2026-07-01 18:42:01,411 - Drone1.SimulationBackend - INFO - Waiting for drone discovery (Attempt 3/5)...
2026-07-01 18:42:11,422 - Drone1.SimulationBackend - WARNING - Connection state or health check timed out (Attempt 3).
2026-07-01 18:42:13,426 - Drone1.SimulationBackend - INFO - Waiting for drone discovery (Attempt 4/5)...
2026-07-01 18:42:23,442 - Drone1.SimulationBackend - WARNING - Connection state or health check timed out (Attempt 4).
2026-07-01 18:42:25,447 - Drone1.SimulationBackend - INFO - Waiting for drone discovery (Attempt 5/5)...
2026-07-01 18:42:35,457 - Drone1.SimulationBackend - WARNING - Connection state or health check timed out (Attempt 5).
2026-07-01 18:42:35,458 - Drone1.SimulationBackend - ERROR - Failed to connect to SITL simulation after maximum retries.
2026-07-01 18:42:35,505 - Drone1.SimulationBackend - ERROR - SimulationBackend connection failed.
2026-07-01 18:42:35,505 - Drone1.SimulationBackend - INFO - Stopping SimulationBackend...
2026-07-01 18:42:35,505 - Drone1 - ERROR - Backend connection failed. Exiting.
2026-07-02 10:59:50,263 - Drone1 - INFO - Logger initialized for drone 1
2026-07-02 10:59:50,265 - Drone1 - INFO - BackendFactory: Creating SimulationBackend
2026-07-02 10:59:50,266 - Drone1.SimulationBackend - INFO - Starting embedded MAVSDK server.
2026-07-02 10:59:50,267 - Drone1.SimulationBackend - INFO - Embedded server started successfully.
2026-07-02 10:59:50,267 - Drone1.Communication - INFO - Communication initialized on 0.0.0.0:14560
2026-07-02 10:59:50,268 - Drone1.StateMachine - INFO - StateMachine initialized
2026-07-02 10:59:50,268 - Drone1 - INFO - DroneAgent initialized
2026-07-02 10:59:50,268 - Drone1 - INFO - Starting DroneAgent...
2026-07-02 10:59:50,269 - Drone1.SimulationBackend - INFO - Connecting SimulationBackend...
2026-07-02 10:59:50,370 - Drone1.SimulationBackend - ERROR - SimulationBackend connection failed.
2026-07-02 10:59:50,371 - Drone1.SimulationBackend - INFO - Stopping SimulationBackend...
2026-07-02 10:59:50,372 - Drone1 - ERROR - Backend connection failed. Exiting.
2026-07-02 11:04:16,330 - Drone1 - INFO - Logger initialized for drone 1
2026-07-02 11:04:16,330 - Drone1 - INFO - BackendFactory: Creating SimulationBackend
2026-07-02 11:04:16,331 - Drone1.SimulationBackend - INFO - Starting embedded MAVSDK server.
2026-07-02 11:04:16,331 - Drone1.SimulationBackend - INFO - Embedded server started successfully.
2026-07-02 11:04:16,331 - Drone1.Communication - INFO - Communication initialized on 0.0.0.0:14560
2026-07-02 11:04:16,331 - Drone1.StateMachine - INFO - StateMachine initialized
2026-07-02 11:04:16,332 - Drone1 - INFO - DroneAgent initialized
2026-07-02 11:04:16,332 - Drone1 - INFO - Starting DroneAgent...
2026-07-02 11:04:16,332 - Drone1.SimulationBackend - INFO - Connecting SimulationBackend...
2026-07-02 11:04:16,332 - Drone1.SimulationBackend - INFO - Connecting
2026-07-02 11:04:16,333 - Drone1.SimulationBackend - ERROR - Failed to start MAVSDK server: 'SimulationBackend' object has no attribute 'connection_url'
2026-07-02 11:04:16,333 - Drone1.SimulationBackend - INFO - Waiting connection
2026-07-02 11:04:16,333 - Drone1.SimulationBackend - ERROR - Connection state error: Core plugin has not been initialized! Did you run `System.connect()`?
2026-07-02 11:04:16,333 - Drone1.SimulationBackend - INFO - Retrying connection...
2026-07-02 11:04:18,335 - Drone1.SimulationBackend - INFO - Waiting connection
2026-07-02 11:04:18,335 - Drone1.SimulationBackend - ERROR - Connection state error: Core plugin has not been initialized! Did you run `System.connect()`?
2026-07-02 11:04:18,335 - Drone1.SimulationBackend - INFO - Retrying connection...
2026-07-02 11:04:20,337 - Drone1.SimulationBackend - INFO - Waiting connection
2026-07-02 11:04:20,337 - Drone1.SimulationBackend - ERROR - Connection state error: Core plugin has not been initialized! Did you run `System.connect()`?
2026-07-02 11:04:20,337 - Drone1.SimulationBackend - INFO - Retrying connection...
2026-07-02 11:04:22,339 - Drone1.SimulationBackend - INFO - Waiting connection
2026-07-02 11:04:22,339 - Drone1.SimulationBackend - ERROR - Connection state error: Core plugin has not been initialized! Did you run `System.connect()`?
2026-07-02 11:04:22,339 - Drone1.SimulationBackend - INFO - Retrying connection...
2026-07-02 11:04:24,341 - Drone1.SimulationBackend - INFO - Waiting connection
2026-07-02 11:04:24,341 - Drone1.SimulationBackend - ERROR - Connection state error: Core plugin has not been initialized! Did you run `System.connect()`?
2026-07-02 11:04:24,341 - Drone1.SimulationBackend - ERROR - Failed to connect to SITL simulation after maximum retries.
2026-07-02 11:04:24,441 - Drone1.SimulationBackend - ERROR - SimulationBackend connection failed.
2026-07-02 11:04:24,442 - Drone1.SimulationBackend - INFO - Stopping SimulationBackend...
2026-07-02 11:04:24,442 - Drone1 - ERROR - Backend connection failed. Exiting.
2026-07-02 11:10:12,758 - Drone1 - INFO - Logger initialized for drone 1
2026-07-02 11:10:12,758 - Drone1 - INFO - BackendFactory: Creating SimulationBackend
2026-07-02 11:10:12,759 - Drone1.SimulationBackend - INFO - Starting embedded MAVSDK server.
2026-07-02 11:10:12,759 - Drone1.SimulationBackend - INFO - Embedded server started successfully.
2026-07-02 11:10:12,760 - Drone1.Communication - INFO - Communication initialized on 0.0.0.0:14560
2026-07-02 11:10:12,760 - Drone1.StateMachine - INFO - StateMachine initialized
2026-07-02 11:10:12,760 - Drone1 - INFO - DroneAgent initialized
2026-07-02 11:10:12,760 - Drone1 - INFO - Starting DroneAgent...
2026-07-02 11:10:12,760 - Drone1.SimulationBackend - INFO - Connecting SimulationBackend...
2026-07-02 11:10:12,761 - Drone1.SimulationBackend - INFO - Connecting
2026-07-02 11:10:17,766 - Drone1.SimulationBackend - ERROR - Timeout: MAVSDK server failed to start
2026-07-02 11:10:17,875 - Drone1.SimulationBackend - ERROR - SimulationBackend connection failed.
2026-07-02 11:10:17,876 - Drone1.SimulationBackend - INFO - Stopping SimulationBackend...
2026-07-02 11:10:17,876 - Drone1 - ERROR - Backend connection failed. Exiting.
2026-07-02 11:21:06,632 - Drone1 - INFO - Logger initialized for drone 1
2026-07-02 11:21:06,634 - Drone1 - INFO - BackendFactory: Creating SimulationBackend
2026-07-02 11:21:06,634 - Drone1.SimulationBackend - INFO - Embedded MAVSDK server will be started.
2026-07-02 11:21:06,634 - Drone1.Communication - INFO - Communication initialized on 0.0.0.0:14560
2026-07-02 11:28:10,355 - Drone1 - INFO - Logger initialized for drone 1
2026-07-02 11:28:10,355 - Drone1 - INFO - BackendFactory: Creating SimulationBackend
2026-07-02 11:28:10,356 - Drone1.SimulationBackend - INFO - Embedded MAVSDK server will be started.
2026-07-02 11:28:10,356 - Drone1.Communication - INFO - Communication initialized on 0.0.0.0:14560
2026-07-02 11:28:10,356 - Drone1.StateMachine - INFO - StateMachine initialized
2026-07-02 11:28:10,357 - Drone1 - INFO - DroneAgent initialized
2026-07-02 11:28:10,357 - Drone1 - INFO - Starting DroneAgent...
2026-07-02 11:28:10,357 - Drone1.SimulationBackend - INFO - Connecting SimulationBackend...
2026-07-02 11:28:10,357 - Drone1.SimulationBackend - INFO - Launching embedded MAVSDK server subprocess...
2026-07-02 11:28:10,458 - Drone1.SimulationBackend - ERROR - SimulationBackend connection failed.
2026-07-02 11:28:10,459 - Drone1.SimulationBackend - INFO - Stopping SimulationBackend...
2026-07-02 11:28:10,459 - Drone1 - ERROR - Backend connection failed. Exiting.
2026-07-02 11:51:25,260 - Drone1 - INFO - Logger initialized for drone 1
2026-07-02 11:51:25,261 - Drone1 - INFO - BackendFactory: Creating SimulationBackend
2026-07-02 11:51:25,261 - Drone1.SimulationBackend - INFO - Embedded MAVSDK server will be started.
2026-07-02 11:51:25,261 - Drone1.Communication - INFO - Communication initialized on 0.0.0.0:14560
2026-07-02 11:51:25,261 - Drone1.StateMachine - INFO - StateMachine initialized
2026-07-02 11:51:25,262 - Drone1 - INFO - DroneAgent initialized
2026-07-02 11:51:25,262 - Drone1 - INFO - Starting DroneAgent...
2026-07-02 11:51:25,262 - Drone1.SimulationBackend - INFO - Connecting SimulationBackend...
2026-07-02 11:51:25,262 - Drone1.SimulationBackend - INFO - Launching embedded MAVSDK server subprocess: /home/priyanshu/DroneAgent/venv/lib/python3.12/site-packages/mavsdk/bin/mavsdk_server
2026-07-02 11:51:26,271 - Drone1.SimulationBackend - INFO - Attempting System.connect() to embedded server
2026-07-02 11:51:26,294 - Drone1.SimulationBackend - INFO - Waiting connection
2026-07-02 11:51:26,297 - Drone1.SimulationBackend - INFO - Embedded server started successfully and is accepting connections.
2026-07-02 11:51:26,297 - Drone1.SimulationBackend - INFO - Connection established
2026-07-02 11:51:26,297 - Drone1.SimulationBackend - INFO - Health received
2026-07-02 11:51:26,584 - Drone1.SimulationBackend - INFO - GPS OK
2026-07-02 11:51:26,584 - Drone1.SimulationBackend - INFO - Global position OK
2026-07-02 11:51:26,584 - Drone1.SimulationBackend - INFO - Ready
2026-07-02 11:51:26,663 - Drone1.SimulationBackend - INFO - SimulationBackend successfully connected to MAVSDK.
2026-07-02 11:51:26,664 - Drone1.Telemetry - INFO - Telemetry background tasks scheduled
2026-07-02 11:51:26,664 - Drone1.Communication - INFO - Communication started
2026-07-02 11:51:26,668 - Drone1.Decision - INFO - Decision engine started
2026-07-02 11:51:26,668 - Drone1.MovementController - INFO - Movement controller started
2026-07-02 11:51:26,668 - Drone1.Heartbeat - INFO - Heartbeat started at 10.0 Hz
2026-07-02 11:51:26,668 - Drone1 - INFO - All subsystems started
2026-07-02 11:51:26,784 - Drone1.SimulationBackend - DEBUG - Sim Battery: 10000.0%
2026-07-02 11:51:29,584 - Drone1.SimulationBackend - DEBUG - Sim Battery: 10000.0%
2026-07-02 11:51:31,584 - Drone1.SimulationBackend - DEBUG - Sim Battery: 10000.0%
2026-07-02 11:51:33,584 - Drone1.SimulationBackend - DEBUG - Sim Battery: 10000.0%
2026-07-02 11:51:35,584 - Drone1.SimulationBackend - DEBUG - Sim Battery: 10000.0%
2026-07-02 11:51:37,584 - Drone1.SimulationBackend - DEBUG - Sim Battery: 10000.0%
2026-07-02 11:51:39,584 - Drone1.SimulationBackend - DEBUG - Sim Battery: 10000.0%
2026-07-02 11:51:41,584 - Drone1.SimulationBackend - DEBUG - Sim Battery: 10000.0%
2026-07-02 11:51:43,584 - Drone1.SimulationBackend - DEBUG - Sim Battery: 10000.0%
2026-07-02 11:51:45,584 - Drone1.SimulationBackend - DEBUG - Sim Battery: 10000.0%
2026-07-02 11:51:47,584 - Drone1.SimulationBackend - DEBUG - Sim Battery: 10000.0%
2026-07-02 11:51:49,584 - Drone1.SimulationBackend - DEBUG - Sim Battery: 10000.0%
2026-07-02 11:51:51,584 - Drone1.SimulationBackend - DEBUG - Sim Battery: 10000.0%
2026-07-02 11:51:53,584 - Drone1.SimulationBackend - DEBUG - Sim Battery: 10000.0%
2026-07-02 11:51:55,584 - Drone1.SimulationBackend - DEBUG - Sim Battery: 10000.0%
2026-07-02 11:51:57,584 - Drone1.SimulationBackend - DEBUG - Sim Battery: 10000.0%
2026-07-02 11:51:59,584 - Drone1.SimulationBackend - DEBUG - Sim Battery: 10000.0%
2026-07-02 11:52:01,583 - Drone1.SimulationBackend - DEBUG - Sim Battery: 10000.0%
2026-07-02 11:52:03,584 - Drone1.SimulationBackend - DEBUG - Sim Battery: 10000.0%
2026-07-02 11:52:05,583 - Drone1.SimulationBackend - DEBUG - Sim Battery: 10000.0%
2026-07-02 11:52:07,584 - Drone1.SimulationBackend - DEBUG - Sim Battery: 10000.0%
2026-07-02 11:52:09,583 - Drone1.SimulationBackend - DEBUG - Sim Battery: 10000.0%
2026-07-02 11:52:11,584 - Drone1.SimulationBackend - DEBUG - Sim Battery: 10000.0%
2026-07-02 11:52:13,584 - Drone1.SimulationBackend - DEBUG - Sim Battery: 10000.0%
2026-07-02 11:52:15,583 - Drone1.SimulationBackend - DEBUG - Sim Battery: 10000.0%
2026-07-02 11:52:17,583 - Drone1.SimulationBackend - DEBUG - Sim Battery: 10000.0%
2026-07-02 11:52:19,584 - Drone1.SimulationBackend - DEBUG - Sim Battery: 10000.0%
2026-07-02 11:52:21,584 - Drone1.SimulationBackend - DEBUG - Sim Battery: 10000.0%
2026-07-02 11:52:23,585 - Drone1.SimulationBackend - DEBUG - Sim Battery: 10000.0%
2026-07-02 11:52:25,584 - Drone1.SimulationBackend - DEBUG - Sim Battery: 10000.0%
2026-07-02 11:52:27,584 - Drone1.SimulationBackend - DEBUG - Sim Battery: 10000.0%
2026-07-02 11:52:29,584 - Drone1.SimulationBackend - DEBUG - Sim Battery: 10000.0%
2026-07-02 11:52:31,584 - Drone1.SimulationBackend - DEBUG - Sim Battery: 10000.0%
2026-07-02 11:52:33,583 - Drone1.SimulationBackend - DEBUG - Sim Battery: 10000.0%
2026-07-02 11:52:35,584 - Drone1.SimulationBackend - DEBUG - Sim Battery: 10000.0%
2026-07-02 11:52:37,584 - Drone1.SimulationBackend - DEBUG - Sim Battery: 10000.0%
2026-07-02 11:52:39,584 - Drone1.SimulationBackend - DEBUG - Sim Battery: 10000.0%
2026-07-02 11:52:41,584 - Drone1.SimulationBackend - DEBUG - Sim Battery: 10000.0%
2026-07-02 11:52:43,584 - Drone1.SimulationBackend - DEBUG - Sim Battery: 10000.0%
2026-07-02 11:52:45,584 - Drone1.SimulationBackend - DEBUG - Sim Battery: 10000.0%
2026-07-02 11:52:47,584 - Drone1.SimulationBackend - DEBUG - Sim Battery: 10000.0%
2026-07-02 11:52:49,584 - Drone1.SimulationBackend - DEBUG - Sim Battery: 10000.0%
2026-07-02 11:52:51,584 - Drone1.SimulationBackend - DEBUG - Sim Battery: 10000.0%
2026-07-02 11:52:53,583 - Drone1.SimulationBackend - DEBUG - Sim Battery: 10000.0%
2026-07-02 11:52:55,584 - Drone1.SimulationBackend - DEBUG - Sim Battery: 10000.0%
2026-07-02 11:52:57,583 - Drone1.SimulationBackend - DEBUG - Sim Battery: 10000.0%
2026-07-02 11:52:59,584 - Drone1.SimulationBackend - DEBUG - Sim Battery: 10000.0%
2026-07-02 11:53:01,583 - Drone1.SimulationBackend - DEBUG - Sim Battery: 10000.0%
2026-07-02 11:53:03,584 - Drone1.SimulationBackend - DEBUG - Sim Battery: 10000.0%
2026-07-02 11:53:05,584 - Drone1.SimulationBackend - DEBUG - Sim Battery: 10000.0%
2026-07-02 11:53:07,584 - Drone1.SimulationBackend - DEBUG - Sim Battery: 10000.0%
2026-07-02 11:53:09,584 - Drone1.SimulationBackend - DEBUG - Sim Battery: 10000.0%
2026-07-02 11:53:11,584 - Drone1.SimulationBackend - DEBUG - Sim Battery: 10000.0%
2026-07-02 11:53:13,584 - Drone1.SimulationBackend - DEBUG - Sim Battery: 10000.0%
2026-07-02 11:53:15,584 - Drone1.SimulationBackend - DEBUG - Sim Battery: 10000.0%
2026-07-02 11:53:17,584 - Drone1.SimulationBackend - DEBUG - Sim Battery: 10000.0%
2026-07-02 11:53:19,584 - Drone1.SimulationBackend - DEBUG - Sim Battery: 10000.0%
2026-07-02 11:53:21,583 - Drone1.SimulationBackend - DEBUG - Sim Battery: 10000.0%
2026-07-02 11:53:23,584 - Drone1.SimulationBackend - DEBUG - Sim Battery: 10000.0%
2026-07-02 11:53:25,584 - Drone1.SimulationBackend - DEBUG - Sim Battery: 10000.0%
2026-07-02 11:53:27,583 - Drone1.SimulationBackend - DEBUG - Sim Battery: 10000.0%
2026-07-02 11:53:29,584 - Drone1.SimulationBackend - DEBUG - Sim Battery: 10000.0%
2026-07-02 11:53:31,583 - Drone1.SimulationBackend - DEBUG - Sim Battery: 10000.0%
2026-07-02 11:53:33,583 - Drone1.SimulationBackend - DEBUG - Sim Battery: 10000.0%
2026-07-02 11:53:35,584 - Drone1.SimulationBackend - DEBUG - Sim Battery: 10000.0%
2026-07-02 11:53:37,584 - Drone1.SimulationBackend - DEBUG - Sim Battery: 10000.0%
2026-07-02 11:53:39,584 - Drone1.SimulationBackend - DEBUG - Sim Battery: 10000.0%
2026-07-02 11:53:41,584 - Drone1.SimulationBackend - DEBUG - Sim Battery: 10000.0%
2026-07-02 11:53:43,584 - Drone1.SimulationBackend - DEBUG - Sim Battery: 10000.0%
2026-07-02 11:53:45,583 - Drone1.SimulationBackend - DEBUG - Sim Battery: 10000.0%
2026-07-02 11:53:47,584 - Drone1.SimulationBackend - DEBUG - Sim Battery: 10000.0%
2026-07-02 11:53:49,584 - Drone1.SimulationBackend - DEBUG - Sim Battery: 10000.0%
2026-07-02 11:53:51,584 - Drone1.SimulationBackend - DEBUG - Sim Battery: 10000.0%
2026-07-02 11:53:53,584 - Drone1.SimulationBackend - DEBUG - Sim Battery: 10000.0%
2026-07-02 11:53:55,584 - Drone1.SimulationBackend - DEBUG - Sim Battery: 10000.0%
2026-07-02 11:53:57,584 - Drone1.SimulationBackend - DEBUG - Sim Battery: 10000.0%
2026-07-02 11:53:59,584 - Drone1.SimulationBackend - DEBUG - Sim Battery: 10000.0%
2026-07-02 11:54:01,584 - Drone1.SimulationBackend - DEBUG - Sim Battery: 10000.0%
2026-07-02 11:54:03,584 - Drone1.SimulationBackend - DEBUG - Sim Battery: 10000.0%
2026-07-02 11:54:05,583 - Drone1.SimulationBackend - DEBUG - Sim Battery: 10000.0%
2026-07-02 11:54:07,584 - Drone1.SimulationBackend - DEBUG - Sim Battery: 10000.0%
2026-07-02 11:54:09,584 - Drone1.SimulationBackend - DEBUG - Sim Battery: 10000.0%
2026-07-02 11:54:11,584 - Drone1.SimulationBackend - DEBUG - Sim Battery: 10000.0%
2026-07-02 11:54:13,584 - Drone1.SimulationBackend - DEBUG - Sim Battery: 10000.0%
2026-07-02 11:54:15,584 - Drone1.SimulationBackend - DEBUG - Sim Battery: 10000.0%
2026-07-02 11:54:17,583 - Drone1.SimulationBackend - DEBUG - Sim Battery: 10000.0%
2026-07-02 11:54:19,584 - Drone1.SimulationBackend - DEBUG - Sim Battery: 10000.0%
2026-07-02 11:54:21,584 - Drone1.SimulationBackend - DEBUG - Sim Battery: 10000.0%
2026-07-02 11:54:23,584 - Drone1.SimulationBackend - DEBUG - Sim Battery: 10000.0%
2026-07-02 11:54:25,584 - Drone1.SimulationBackend - DEBUG - Sim Battery: 10000.0%
2026-07-02 11:54:27,584 - Drone1.SimulationBackend - DEBUG - Sim Battery: 10000.0%
2026-07-02 11:54:29,584 - Drone1.SimulationBackend - DEBUG - Sim Battery: 10000.0%
2026-07-02 11:54:31,584 - Drone1.SimulationBackend - DEBUG - Sim Battery: 10000.0%
2026-07-02 11:54:33,584 - Drone1.SimulationBackend - DEBUG - Sim Battery: 10000.0%
2026-07-02 11:54:35,584 - Drone1.SimulationBackend - DEBUG - Sim Battery: 10000.0%
2026-07-02 11:54:37,584 - Drone1.SimulationBackend - DEBUG - Sim Battery: 10000.0%
2026-07-02 11:54:39,584 - Drone1.SimulationBackend - DEBUG - Sim Battery: 10000.0%
2026-07-02 11:54:41,583 - Drone1.SimulationBackend - DEBUG - Sim Battery: 10000.0%
2026-07-02 11:54:43,584 - Drone1.SimulationBackend - DEBUG - Sim Battery: 10000.0%
2026-07-02 11:54:45,584 - Drone1.SimulationBackend - DEBUG - Sim Battery: 10000.0%
2026-07-02 11:54:47,584 - Drone1.SimulationBackend - DEBUG - Sim Battery: 10000.0%
2026-07-02 11:54:49,584 - Drone1.SimulationBackend - DEBUG - Sim Battery: 10000.0%
2026-07-02 11:54:51,584 - Drone1.SimulationBackend - DEBUG - Sim Battery: 10000.0%
2026-07-02 11:54:53,584 - Drone1.SimulationBackend - DEBUG - Sim Battery: 10000.0%
2026-07-02 11:54:55,583 - Drone1.SimulationBackend - DEBUG - Sim Battery: 10000.0%
2026-07-02 11:54:57,584 - Drone1.SimulationBackend - DEBUG - Sim Battery: 10000.0%
2026-07-02 11:54:59,584 - Drone1.SimulationBackend - DEBUG - Sim Battery: 10000.0%
2026-07-02 11:55:01,584 - Drone1.SimulationBackend - DEBUG - Sim Battery: 10000.0%
2026-07-02 11:55:03,584 - Drone1.SimulationBackend - DEBUG - Sim Battery: 10000.0%
2026-07-02 11:55:05,584 - Drone1.SimulationBackend - DEBUG - Sim Battery: 10000.0%
2026-07-02 11:55:07,584 - Drone1.SimulationBackend - DEBUG - Sim Battery: 10000.0%
2026-07-02 11:55:09,584 - Drone1.SimulationBackend - DEBUG - Sim Battery: 10000.0%
2026-07-02 11:55:11,584 - Drone1.SimulationBackend - DEBUG - Sim Battery: 10000.0%
2026-07-02 11:55:13,584 - Drone1.SimulationBackend - DEBUG - Sim Battery: 10000.0%
2026-07-02 11:55:15,584 - Drone1.SimulationBackend - DEBUG - Sim Battery: 10000.0%
2026-07-02 11:55:17,584 - Drone1.SimulationBackend - DEBUG - Sim Battery: 10000.0%
2026-07-02 11:55:19,584 - Drone1.SimulationBackend - DEBUG - Sim Battery: 10000.0%
2026-07-02 11:55:21,584 - Drone1.SimulationBackend - DEBUG - Sim Battery: 10000.0%
2026-07-02 11:55:23,584 - Drone1.SimulationBackend - DEBUG - Sim Battery: 10000.0%
2026-07-02 11:55:25,584 - Drone1.SimulationBackend - DEBUG - Sim Battery: 10000.0%
2026-07-02 11:55:27,584 - Drone1.SimulationBackend - DEBUG - Sim Battery: 10000.0%
2026-07-02 11:55:29,584 - Drone1.SimulationBackend - DEBUG - Sim Battery: 10000.0%
2026-07-02 11:55:31,584 - Drone1.SimulationBackend - DEBUG - Sim Battery: 10000.0%
2026-07-02 11:55:33,584 - Drone1.SimulationBackend - DEBUG - Sim Battery: 10000.0%
2026-07-02 11:55:35,584 - Drone1.SimulationBackend - DEBUG - Sim Battery: 10000.0%
2026-07-02 11:55:37,584 - Drone1.SimulationBackend - DEBUG - Sim Battery: 10000.0%
2026-07-02 11:55:39,584 - Drone1.SimulationBackend - DEBUG - Sim Battery: 10000.0%
2026-07-02 11:55:41,584 - Drone1.SimulationBackend - DEBUG - Sim Battery: 10000.0%
2026-07-02 11:55:43,583 - Drone1.SimulationBackend - DEBUG - Sim Battery: 10000.0%
2026-07-02 11:55:45,583 - Drone1.SimulationBackend - DEBUG - Sim Battery: 10000.0%
2026-07-02 11:55:47,584 - Drone1.SimulationBackend - DEBUG - Sim Battery: 10000.0%
2026-07-02 11:55:49,584 - Drone1.SimulationBackend - DEBUG - Sim Battery: 10000.0%
2026-07-02 11:55:51,583 - Drone1.SimulationBackend - DEBUG - Sim Battery: 10000.0%
2026-07-02 11:55:53,584 - Drone1.SimulationBackend - DEBUG - Sim Battery: 10000.0%
2026-07-02 11:55:55,584 - Drone1.SimulationBackend - DEBUG - Sim Battery: 10000.0%
2026-07-02 11:55:57,584 - Drone1.SimulationBackend - DEBUG - Sim Battery: 10000.0%
2026-07-02 11:55:59,584 - Drone1.SimulationBackend - DEBUG - Sim Battery: 10000.0%
2026-07-02 11:56:01,584 - Drone1.SimulationBackend - DEBUG - Sim Battery: 10000.0%
2026-07-02 11:56:03,584 - Drone1.SimulationBackend - DEBUG - Sim Battery: 10000.0%
2026-07-02 11:56:05,584 - Drone1.SimulationBackend - DEBUG - Sim Battery: 10000.0%
2026-07-02 11:56:07,584 - Drone1.SimulationBackend - DEBUG - Sim Battery: 10000.0%
2026-07-02 11:56:09,584 - Drone1.SimulationBackend - DEBUG - Sim Battery: 10000.0%
2026-07-02 11:56:11,584 - Drone1.SimulationBackend - DEBUG - Sim Battery: 10000.0%
2026-07-02 11:56:13,584 - Drone1.SimulationBackend - DEBUG - Sim Battery: 10000.0%
2026-07-02 11:56:15,584 - Drone1.SimulationBackend - DEBUG - Sim Battery: 10000.0%
2026-07-02 11:56:17,584 - Drone1.SimulationBackend - DEBUG - Sim Battery: 10000.0%
2026-07-02 11:56:19,583 - Drone1.SimulationBackend - DEBUG - Sim Battery: 10000.0%
2026-07-02 11:56:21,584 - Drone1.SimulationBackend - DEBUG - Sim Battery: 10000.0%
2026-07-02 11:56:23,584 - Drone1.SimulationBackend - DEBUG - Sim Battery: 10000.0%
2026-07-02 11:56:25,584 - Drone1.SimulationBackend - DEBUG - Sim Battery: 10000.0%
2026-07-02 11:56:27,584 - Drone1.SimulationBackend - DEBUG - Sim Battery: 10000.0%
2026-07-02 11:56:29,584 - Drone1.SimulationBackend - DEBUG - Sim Battery: 10000.0%
2026-07-02 11:56:31,584 - Drone1.SimulationBackend - DEBUG - Sim Battery: 10000.0%
2026-07-02 11:56:33,583 - Drone1.SimulationBackend - DEBUG - Sim Battery: 10000.0%
2026-07-02 11:56:35,584 - Drone1.SimulationBackend - DEBUG - Sim Battery: 10000.0%
2026-07-02 11:56:37,583 - Drone1.SimulationBackend - DEBUG - Sim Battery: 10000.0%
2026-07-02 11:56:39,584 - Drone1.SimulationBackend - DEBUG - Sim Battery: 10000.0%
2026-07-02 11:56:41,584 - Drone1.SimulationBackend - DEBUG - Sim Battery: 10000.0%
2026-07-02 11:56:43,584 - Drone1.SimulationBackend - DEBUG - Sim Battery: 10000.0%
2026-07-02 11:56:45,584 - Drone1.SimulationBackend - DEBUG - Sim Battery: 10000.0%
2026-07-02 11:56:47,584 - Drone1.SimulationBackend - DEBUG - Sim Battery: 10000.0%
2026-07-02 11:56:49,584 - Drone1.SimulationBackend - DEBUG - Sim Battery: 10000.0%
2026-07-02 11:56:51,584 - Drone1.SimulationBackend - DEBUG - Sim Battery: 10000.0%
2026-07-02 11:56:53,584 - Drone1.SimulationBackend - DEBUG - Sim Battery: 10000.0%
2026-07-02 11:56:55,584 - Drone1.SimulationBackend - DEBUG - Sim Battery: 10000.0%
2026-07-02 11:56:57,584 - Drone1.SimulationBackend - DEBUG - Sim Battery: 10000.0%
2026-07-02 11:56:59,584 - Drone1.SimulationBackend - DEBUG - Sim Battery: 10000.0%
2026-07-02 11:57:01,584 - Drone1.SimulationBackend - DEBUG - Sim Battery: 10000.0%
2026-07-02 11:57:03,584 - Drone1.SimulationBackend - DEBUG - Sim Battery: 10000.0%
2026-07-02 11:57:05,583 - Drone1.SimulationBackend - DEBUG - Sim Battery: 10000.0%
2026-07-02 11:57:07,584 - Drone1.SimulationBackend - DEBUG - Sim Battery: 10000.0%
2026-07-02 11:57:09,584 - Drone1.SimulationBackend - DEBUG - Sim Battery: 10000.0%
2026-07-02 11:57:11,584 - Drone1.SimulationBackend - DEBUG - Sim Battery: 10000.0%
2026-07-02 11:57:13,584 - Drone1.SimulationBackend - DEBUG - Sim Battery: 10000.0%
2026-07-02 11:57:15,584 - Drone1.SimulationBackend - DEBUG - Sim Battery: 10000.0%
2026-07-02 11:57:17,584 - Drone1.SimulationBackend - DEBUG - Sim Battery: 10000.0%
2026-07-02 11:57:19,584 - Drone1.SimulationBackend - DEBUG - Sim Battery: 10000.0%
2026-07-02 11:57:21,584 - Drone1.SimulationBackend - DEBUG - Sim Battery: 10000.0%
2026-07-02 11:57:23,583 - Drone1.SimulationBackend - DEBUG - Sim Battery: 10000.0%
2026-07-02 11:57:25,584 - Drone1.SimulationBackend - DEBUG - Sim Battery: 10000.0%
2026-07-02 11:57:27,584 - Drone1.SimulationBackend - DEBUG - Sim Battery: 10000.0%
2026-07-02 11:57:29,584 - Drone1.SimulationBackend - DEBUG - Sim Battery: 10000.0%
2026-07-02 11:57:31,583 - Drone1.SimulationBackend - DEBUG - Sim Battery: 10000.0%
2026-07-02 11:57:33,583 - Drone1.SimulationBackend - DEBUG - Sim Battery: 10000.0%
2026-07-02 11:57:35,584 - Drone1.SimulationBackend - DEBUG - Sim Battery: 10000.0%
2026-07-02 11:57:37,584 - Drone1.SimulationBackend - DEBUG - Sim Battery: 10000.0%
2026-07-02 11:57:39,584 - Drone1.SimulationBackend - DEBUG - Sim Battery: 10000.0%
2026-07-02 11:57:41,584 - Drone1.SimulationBackend - DEBUG - Sim Battery: 10000.0%
2026-07-02 11:57:43,584 - Drone1.SimulationBackend - DEBUG - Sim Battery: 10000.0%
2026-07-02 11:57:45,584 - Drone1.SimulationBackend - DEBUG - Sim Battery: 10000.0%
2026-07-02 11:57:47,584 - Drone1.SimulationBackend - DEBUG - Sim Battery: 10000.0%
2026-07-02 11:57:49,583 - Drone1.SimulationBackend - DEBUG - Sim Battery: 10000.0%
2026-07-02 11:57:51,584 - Drone1.SimulationBackend - DEBUG - Sim Battery: 10000.0%
2026-07-02 11:57:53,583 - Drone1.SimulationBackend - DEBUG - Sim Battery: 10000.0%
2026-07-02 11:57:55,584 - Drone1.SimulationBackend - DEBUG - Sim Battery: 10000.0%
2026-07-02 11:57:57,584 - Drone1.SimulationBackend - DEBUG - Sim Battery: 10000.0%
2026-07-02 11:57:59,584 - Drone1.SimulationBackend - DEBUG - Sim Battery: 10000.0%
2026-07-02 11:58:01,583 - Drone1.SimulationBackend - DEBUG - Sim Battery: 10000.0%
2026-07-02 11:58:03,583 - Drone1.SimulationBackend - DEBUG - Sim Battery: 10000.0%
2026-07-02 11:58:05,584 - Drone1.SimulationBackend - DEBUG - Sim Battery: 10000.0%
2026-07-02 11:58:07,584 - Drone1.SimulationBackend - DEBUG - Sim Battery: 10000.0%
2026-07-02 11:58:09,583 - Drone1.SimulationBackend - DEBUG - Sim Battery: 10000.0%
2026-07-02 11:58:11,584 - Drone1.SimulationBackend - DEBUG - Sim Battery: 10000.0%
2026-07-02 11:58:13,584 - Drone1.SimulationBackend - DEBUG - Sim Battery: 10000.0%
2026-07-02 11:58:15,583 - Drone1.SimulationBackend - DEBUG - Sim Battery: 10000.0%
2026-07-02 11:58:17,584 - Drone1.SimulationBackend - DEBUG - Sim Battery: 10000.0%
2026-07-02 11:58:19,584 - Drone1.SimulationBackend - DEBUG - Sim Battery: 10000.0%
2026-07-02 11:58:21,584 - Drone1.SimulationBackend - DEBUG - Sim Battery: 10000.0%
2026-07-02 11:58:23,583 - Drone1.SimulationBackend - DEBUG - Sim Battery: 10000.0%
2026-07-02 11:58:25,584 - Drone1.SimulationBackend - DEBUG - Sim Battery: 10000.0%
2026-07-02 11:58:27,584 - Drone1.SimulationBackend - DEBUG - Sim Battery: 10000.0%
2026-07-02 11:58:29,584 - Drone1.SimulationBackend - DEBUG - Sim Battery: 10000.0%
2026-07-02 11:58:31,583 - Drone1.SimulationBackend - DEBUG - Sim Battery: 10000.0%
2026-07-02 11:58:33,583 - Drone1.SimulationBackend - DEBUG - Sim Battery: 10000.0%
2026-07-02 11:58:35,584 - Drone1.SimulationBackend - DEBUG - Sim Battery: 10000.0%
2026-07-02 11:58:37,584 - Drone1.SimulationBackend - DEBUG - Sim Battery: 10000.0%
2026-07-02 11:58:39,583 - Drone1.SimulationBackend - DEBUG - Sim Battery: 10000.0%
2026-07-02 11:58:41,584 - Drone1.SimulationBackend - DEBUG - Sim Battery: 10000.0%
2026-07-02 11:58:43,584 - Drone1.SimulationBackend - DEBUG - Sim Battery: 10000.0%
2026-07-02 11:58:45,584 - Drone1.SimulationBackend - DEBUG - Sim Battery: 10000.0%
2026-07-02 11:58:47,584 - Drone1.SimulationBackend - DEBUG - Sim Battery: 10000.0%
2026-07-02 11:58:49,584 - Drone1.SimulationBackend - DEBUG - Sim Battery: 10000.0%
2026-07-02 11:58:51,584 - Drone1.SimulationBackend - DEBUG - Sim Battery: 10000.0%
2026-07-02 11:58:53,584 - Drone1.SimulationBackend - DEBUG - Sim Battery: 10000.0%
2026-07-02 11:58:55,584 - Drone1.SimulationBackend - DEBUG - Sim Battery: 10000.0%
2026-07-02 11:58:57,584 - Drone1.SimulationBackend - DEBUG - Sim Battery: 10000.0%
2026-07-02 11:58:59,584 - Drone1.SimulationBackend - DEBUG - Sim Battery: 10000.0%
2026-07-02 11:59:01,583 - Drone1.SimulationBackend - DEBUG - Sim Battery: 10000.0%
2026-07-02 11:59:03,584 - Drone1.SimulationBackend - DEBUG - Sim Battery: 10000.0%
2026-07-02 11:59:05,584 - Drone1.SimulationBackend - DEBUG - Sim Battery: 10000.0%
2026-07-02 11:59:07,584 - Drone1.SimulationBackend - DEBUG - Sim Battery: 10000.0%
2026-07-02 11:59:09,584 - Drone1.SimulationBackend - DEBUG - Sim Battery: 10000.0%
2026-07-02 11:59:11,584 - Drone1.SimulationBackend - DEBUG - Sim Battery: 10000.0%
2026-07-02 11:59:13,584 - Drone1.SimulationBackend - DEBUG - Sim Battery: 10000.0%
2026-07-02 11:59:15,583 - Drone1.SimulationBackend - DEBUG - Sim Battery: 10000.0%
2026-07-02 11:59:17,584 - Drone1.SimulationBackend - DEBUG - Sim Battery: 10000.0%
2026-07-02 11:59:19,583 - Drone1.SimulationBackend - DEBUG - Sim Battery: 10000.0%
2026-07-02 11:59:21,584 - Drone1.SimulationBackend - DEBUG - Sim Battery: 10000.0%
2026-07-02 11:59:23,584 - Drone1.SimulationBackend - DEBUG - Sim Battery: 10000.0%
2026-07-02 11:59:25,584 - Drone1.SimulationBackend - DEBUG - Sim Battery: 10000.0%
2026-07-02 11:59:27,584 - Drone1.SimulationBackend - DEBUG - Sim Battery: 10000.0%
2026-07-02 11:59:29,583 - Drone1.SimulationBackend - DEBUG - Sim Battery: 10000.0%
2026-07-02 11:59:31,583 - Drone1.SimulationBackend - DEBUG - Sim Battery: 10000.0%
2026-07-02 11:59:33,584 - Drone1.SimulationBackend - DEBUG - Sim Battery: 10000.0%
2026-07-02 11:59:35,584 - Drone1.SimulationBackend - DEBUG - Sim Battery: 10000.0%
2026-07-02 11:59:37,584 - Drone1.SimulationBackend - DEBUG - Sim Battery: 10000.0%
2026-07-02 11:59:39,584 - Drone1.SimulationBackend - DEBUG - Sim Battery: 10000.0%
2026-07-02 11:59:41,584 - Drone1.SimulationBackend - DEBUG - Sim Battery: 10000.0%
2026-07-02 11:59:43,584 - Drone1.SimulationBackend - DEBUG - Sim Battery: 10000.0%
2026-07-02 11:59:45,584 - Drone1.SimulationBackend - DEBUG - Sim Battery: 10000.0%
2026-07-02 11:59:47,583 - Drone1.SimulationBackend - DEBUG - Sim Battery: 10000.0%
2026-07-02 11:59:49,584 - Drone1.SimulationBackend - DEBUG - Sim Battery: 10000.0%
2026-07-02 11:59:51,584 - Drone1.SimulationBackend - DEBUG - Sim Battery: 10000.0%
2026-07-02 11:59:53,584 - Drone1.SimulationBackend - DEBUG - Sim Battery: 10000.0%
2026-07-02 11:59:55,584 - Drone1.SimulationBackend - DEBUG - Sim Battery: 10000.0%
2026-07-02 11:59:57,584 - Drone1.SimulationBackend - DEBUG - Sim Battery: 10000.0%
2026-07-02 11:59:59,584 - Drone1.SimulationBackend - DEBUG - Sim Battery: 10000.0%
2026-07-02 12:00:01,584 - Drone1.SimulationBackend - DEBUG - Sim Battery: 10000.0%
2026-07-02 12:00:03,584 - Drone1.SimulationBackend - DEBUG - Sim Battery: 10000.0%
2026-07-02 12:00:05,583 - Drone1.SimulationBackend - DEBUG - Sim Battery: 10000.0%
2026-07-02 12:00:07,584 - Drone1.SimulationBackend - DEBUG - Sim Battery: 10000.0%
2026-07-02 12:00:09,584 - Drone1.SimulationBackend - DEBUG - Sim Battery: 10000.0%
2026-07-02 12:00:11,584 - Drone1.SimulationBackend - DEBUG - Sim Battery: 10000.0%
2026-07-02 12:00:13,584 - Drone1.SimulationBackend - DEBUG - Sim Battery: 10000.0%
2026-07-02 12:00:15,584 - Drone1.SimulationBackend - DEBUG - Sim Battery: 10000.0%
2026-07-02 12:00:17,583 - Drone1.SimulationBackend - DEBUG - Sim Battery: 10000.0%
2026-07-02 12:00:19,584 - Drone1.SimulationBackend - DEBUG - Sim Battery: 10000.0%
2026-07-02 12:00:21,584 - Drone1.SimulationBackend - DEBUG - Sim Battery: 10000.0%
2026-07-02 12:00:23,584 - Drone1.SimulationBackend - DEBUG - Sim Battery: 10000.0%
2026-07-02 12:00:25,584 - Drone1.SimulationBackend - DEBUG - Sim Battery: 10000.0%
2026-07-02 12:00:27,584 - Drone1.SimulationBackend - DEBUG - Sim Battery: 10000.0%
2026-07-02 12:00:29,584 - Drone1.SimulationBackend - DEBUG - Sim Battery: 10000.0%
2026-07-02 12:00:31,584 - Drone1.SimulationBackend - DEBUG - Sim Battery: 10000.0%
2026-07-02 12:00:33,584 - Drone1.SimulationBackend - DEBUG - Sim Battery: 10000.0%
2026-07-02 12:00:35,584 - Drone1.SimulationBackend - DEBUG - Sim Battery: 10000.0%
2026-07-02 12:00:37,584 - Drone1.SimulationBackend - DEBUG - Sim Battery: 10000.0%
2026-07-02 12:00:39,584 - Drone1.SimulationBackend - DEBUG - Sim Battery: 10000.0%
2026-07-02 12:00:41,584 - Drone1.SimulationBackend - DEBUG - Sim Battery: 10000.0%
2026-07-02 12:00:43,584 - Drone1.SimulationBackend - DEBUG - Sim Battery: 10000.0%
2026-07-02 12:00:45,584 - Drone1.SimulationBackend - DEBUG - Sim Battery: 10000.0%
2026-07-02 12:00:47,583 - Drone1.SimulationBackend - DEBUG - Sim Battery: 10000.0%
2026-07-02 12:00:49,583 - Drone1.SimulationBackend - DEBUG - Sim Battery: 10000.0%
2026-07-02 12:00:51,583 - Drone1.SimulationBackend - DEBUG - Sim Battery: 10000.0%
2026-07-02 12:00:53,584 - Drone1.SimulationBackend - DEBUG - Sim Battery: 10000.0%
2026-07-02 12:00:55,584 - Drone1.SimulationBackend - DEBUG - Sim Battery: 10000.0%
2026-07-02 12:00:57,584 - Drone1.SimulationBackend - DEBUG - Sim Battery: 10000.0%
2026-07-02 12:00:59,584 - Drone1.SimulationBackend - DEBUG - Sim Battery: 10000.0%
2026-07-02 12:01:01,584 - Drone1.SimulationBackend - DEBUG - Sim Battery: 10000.0%
2026-07-02 12:01:03,584 - Drone1.SimulationBackend - DEBUG - Sim Battery: 10000.0%
2026-07-02 12:01:05,584 - Drone1.SimulationBackend - DEBUG - Sim Battery: 10000.0%
2026-07-02 12:01:07,584 - Drone1.SimulationBackend - DEBUG - Sim Battery: 10000.0%
2026-07-02 12:01:09,584 - Drone1.SimulationBackend - DEBUG - Sim Battery: 10000.0%
2026-07-02 12:01:11,584 - Drone1.SimulationBackend - DEBUG - Sim Battery: 10000.0%
2026-07-02 12:01:13,584 - Drone1.SimulationBackend - DEBUG - Sim Battery: 10000.0%
2026-07-02 12:01:15,584 - Drone1.SimulationBackend - DEBUG - Sim Battery: 10000.0%
2026-07-02 12:01:17,584 - Drone1.SimulationBackend - DEBUG - Sim Battery: 10000.0%
2026-07-02 12:01:19,584 - Drone1.SimulationBackend - DEBUG - Sim Battery: 10000.0%
2026-07-02 12:01:21,584 - Drone1.SimulationBackend - DEBUG - Sim Battery: 10000.0%
2026-07-02 12:01:23,584 - Drone1.SimulationBackend - DEBUG - Sim Battery: 10000.0%
2026-07-02 12:01:25,583 - Drone1.SimulationBackend - DEBUG - Sim Battery: 10000.0%
2026-07-02 12:01:27,584 - Drone1.SimulationBackend - DEBUG - Sim Battery: 10000.0%
2026-07-02 12:01:29,584 - Drone1.SimulationBackend - DEBUG - Sim Battery: 10000.0%
2026-07-02 12:01:31,584 - Drone1.SimulationBackend - DEBUG - Sim Battery: 10000.0%
2026-07-02 12:01:33,584 - Drone1.SimulationBackend - DEBUG - Sim Battery: 10000.0%
2026-07-02 12:01:35,584 - Drone1.SimulationBackend - DEBUG - Sim Battery: 10000.0%
2026-07-02 12:01:37,584 - Drone1.SimulationBackend - DEBUG - Sim Battery: 10000.0%
2026-07-02 12:01:39,584 - Drone1.SimulationBackend - DEBUG - Sim Battery: 10000.0%
2026-07-02 12:01:41,584 - Drone1.SimulationBackend - DEBUG - Sim Battery: 10000.0%
2026-07-02 12:01:43,584 - Drone1.SimulationBackend - DEBUG - Sim Battery: 10000.0%
2026-07-02 12:01:45,583 - Drone1.SimulationBackend - DEBUG - Sim Battery: 10000.0%
2026-07-02 12:01:47,584 - Drone1.SimulationBackend - DEBUG - Sim Battery: 10000.0%
2026-07-02 12:01:49,584 - Drone1.SimulationBackend - DEBUG - Sim Battery: 10000.0%
2026-07-02 12:01:51,584 - Drone1.SimulationBackend - DEBUG - Sim Battery: 10000.0%
2026-07-02 12:01:53,583 - Drone1.SimulationBackend - DEBUG - Sim Battery: 10000.0%
2026-07-02 12:01:55,584 - Drone1.SimulationBackend - DEBUG - Sim Battery: 10000.0%
2026-07-02 12:01:57,583 - Drone1.SimulationBackend - DEBUG - Sim Battery: 10000.0%
2026-07-02 12:01:59,584 - Drone1.SimulationBackend - DEBUG - Sim Battery: 10000.0%
2026-07-02 12:02:01,584 - Drone1.SimulationBackend - DEBUG - Sim Battery: 10000.0%
2026-07-02 12:02:03,584 - Drone1.SimulationBackend - DEBUG - Sim Battery: 10000.0%
2026-07-02 12:02:05,583 - Drone1.SimulationBackend - DEBUG - Sim Battery: 10000.0%
2026-07-02 12:02:07,583 - Drone1.SimulationBackend - DEBUG - Sim Battery: 10000.0%
2026-07-02 12:02:09,584 - Drone1.SimulationBackend - DEBUG - Sim Battery: 10000.0%
2026-07-02 12:02:11,584 - Drone1.SimulationBackend - DEBUG - Sim Battery: 10000.0%
2026-07-02 12:02:13,584 - Drone1.SimulationBackend - DEBUG - Sim Battery: 10000.0%
2026-07-02 12:02:15,584 - Drone1.SimulationBackend - DEBUG - Sim Battery: 10000.0%
2026-07-02 12:02:17,583 - Drone1.SimulationBackend - DEBUG - Sim Battery: 10000.0%
2026-07-02 12:02:19,584 - Drone1.SimulationBackend - DEBUG - Sim Battery: 10000.0%
2026-07-02 12:02:21,583 - Drone1.SimulationBackend - DEBUG - Sim Battery: 10000.0%
2026-07-02 12:02:23,584 - Drone1.SimulationBackend - DEBUG - Sim Battery: 10000.0%
2026-07-02 12:02:25,584 - Drone1.SimulationBackend - DEBUG - Sim Battery: 10000.0%
2026-07-02 12:02:27,583 - Drone1.SimulationBackend - DEBUG - Sim Battery: 10000.0%
2026-07-02 12:02:29,584 - Drone1.SimulationBackend - DEBUG - Sim Battery: 10000.0%
2026-07-02 12:02:31,584 - Drone1.SimulationBackend - DEBUG - Sim Battery: 10000.0%
2026-07-02 12:02:33,584 - Drone1.SimulationBackend - DEBUG - Sim Battery: 10000.0%
2026-07-02 12:02:35,584 - Drone1.SimulationBackend - DEBUG - Sim Battery: 10000.0%
2026-07-02 12:02:37,583 - Drone1.SimulationBackend - DEBUG - Sim Battery: 10000.0%
2026-07-02 12:02:39,584 - Drone1.SimulationBackend - DEBUG - Sim Battery: 10000.0%
2026-07-02 12:02:41,584 - Drone1.SimulationBackend - DEBUG - Sim Battery: 10000.0%
2026-07-02 12:02:43,584 - Drone1.SimulationBackend - DEBUG - Sim Battery: 10000.0%
2026-07-02 12:02:45,584 - Drone1.SimulationBackend - DEBUG - Sim Battery: 10000.0%
2026-07-02 12:02:47,584 - Drone1.SimulationBackend - DEBUG - Sim Battery: 10000.0%
2026-07-02 12:02:49,584 - Drone1.SimulationBackend - DEBUG - Sim Battery: 10000.0%
2026-07-02 12:02:51,584 - Drone1.SimulationBackend - DEBUG - Sim Battery: 10000.0%
2026-07-02 12:02:53,584 - Drone1.SimulationBackend - DEBUG - Sim Battery: 10000.0%
2026-07-02 12:02:55,583 - Drone1.SimulationBackend - DEBUG - Sim Battery: 10000.0%
2026-07-02 12:02:57,584 - Drone1.SimulationBackend - DEBUG - Sim Battery: 10000.0%
2026-07-02 12:02:59,584 - Drone1.SimulationBackend - DEBUG - Sim Battery: 10000.0%
2026-07-02 12:03:01,583 - Drone1.SimulationBackend - DEBUG - Sim Battery: 10000.0%
2026-07-02 12:03:03,583 - Drone1.SimulationBackend - DEBUG - Sim Battery: 10000.0%
2026-07-02 12:03:05,583 - Drone1.SimulationBackend - DEBUG - Sim Battery: 10000.0%
2026-07-02 12:03:07,584 - Drone1.SimulationBackend - DEBUG - Sim Battery: 10000.0%
2026-07-02 12:03:09,584 - Drone1.SimulationBackend - DEBUG - Sim Battery: 10000.0%
2026-07-02 12:03:11,584 - Drone1.SimulationBackend - DEBUG - Sim Battery: 10000.0%
2026-07-02 12:03:13,584 - Drone1.SimulationBackend - DEBUG - Sim Battery: 10000.0%
2026-07-02 12:03:15,584 - Drone1.SimulationBackend - DEBUG - Sim Battery: 10000.0%
2026-07-02 12:03:17,584 - Drone1.SimulationBackend - DEBUG - Sim Battery: 10000.0%
2026-07-02 12:03:19,584 - Drone1.SimulationBackend - DEBUG - Sim Battery: 10000.0%
2026-07-02 12:03:21,584 - Drone1.SimulationBackend - DEBUG - Sim Battery: 10000.0%
2026-07-02 12:03:23,584 - Drone1.SimulationBackend - DEBUG - Sim Battery: 10000.0%
2026-07-02 12:03:25,584 - Drone1.SimulationBackend - DEBUG - Sim Battery: 10000.0%
2026-07-02 12:03:27,584 - Drone1.SimulationBackend - DEBUG - Sim Battery: 10000.0%
2026-07-02 12:03:29,584 - Drone1.SimulationBackend - DEBUG - Sim Battery: 10000.0%
2026-07-02 12:03:31,583 - Drone1.SimulationBackend - DEBUG - Sim Battery: 10000.0%
2026-07-02 12:03:33,584 - Drone1.SimulationBackend - DEBUG - Sim Battery: 10000.0%
2026-07-02 12:03:35,583 - Drone1.SimulationBackend - DEBUG - Sim Battery: 10000.0%
2026-07-02 12:03:37,583 - Drone1.SimulationBackend - DEBUG - Sim Battery: 10000.0%
2026-07-02 12:03:39,583 - Drone1.SimulationBackend - DEBUG - Sim Battery: 10000.0%
2026-07-02 12:03:41,583 - Drone1.SimulationBackend - DEBUG - Sim Battery: 10000.0%
2026-07-02 12:03:43,584 - Drone1.SimulationBackend - DEBUG - Sim Battery: 10000.0%
2026-07-02 12:03:45,584 - Drone1.SimulationBackend - DEBUG - Sim Battery: 10000.0%
2026-07-02 12:03:47,583 - Drone1.SimulationBackend - DEBUG - Sim Battery: 10000.0%
2026-07-02 12:03:49,584 - Drone1.SimulationBackend - DEBUG - Sim Battery: 10000.0%
2026-07-02 12:03:51,584 - Drone1.SimulationBackend - DEBUG - Sim Battery: 10000.0%
2026-07-02 12:03:53,584 - Drone1.SimulationBackend - DEBUG - Sim Battery: 10000.0%
2026-07-02 12:03:55,584 - Drone1.SimulationBackend - DEBUG - Sim Battery: 10000.0%
2026-07-02 12:03:57,583 - Drone1.SimulationBackend - DEBUG - Sim Battery: 10000.0%
2026-07-02 12:03:59,584 - Drone1.SimulationBackend - DEBUG - Sim Battery: 10000.0%
2026-07-02 12:04:01,584 - Drone1.SimulationBackend - DEBUG - Sim Battery: 10000.0%
2026-07-02 12:04:03,584 - Drone1.SimulationBackend - DEBUG - Sim Battery: 10000.0%
2026-07-02 12:04:05,584 - Drone1.SimulationBackend - DEBUG - Sim Battery: 10000.0%
2026-07-02 12:04:07,584 - Drone1.SimulationBackend - DEBUG - Sim Battery: 10000.0%
2026-07-02 12:04:09,584 - Drone1.SimulationBackend - DEBUG - Sim Battery: 10000.0%
2026-07-02 12:04:11,584 - Drone1.SimulationBackend - DEBUG - Sim Battery: 10000.0%
2026-07-02 12:04:13,583 - Drone1.SimulationBackend - DEBUG - Sim Battery: 10000.0%
2026-07-02 12:04:15,584 - Drone1.SimulationBackend - DEBUG - Sim Battery: 10000.0%
2026-07-02 12:04:17,584 - Drone1.SimulationBackend - DEBUG - Sim Battery: 10000.0%
2026-07-02 12:04:19,584 - Drone1.SimulationBackend - DEBUG - Sim Battery: 10000.0%
2026-07-02 12:04:21,584 - Drone1.SimulationBackend - DEBUG - Sim Battery: 10000.0%
2026-07-02 12:04:23,584 - Drone1.SimulationBackend - DEBUG - Sim Battery: 10000.0%
2026-07-02 12:04:25,584 - Drone1.SimulationBackend - DEBUG - Sim Battery: 10000.0%
2026-07-02 12:04:27,584 - Drone1.SimulationBackend - DEBUG - Sim Battery: 10000.0%
2026-07-02 12:04:29,584 - Drone1.SimulationBackend - DEBUG - Sim Battery: 10000.0%
2026-07-02 12:04:31,583 - Drone1.SimulationBackend - DEBUG - Sim Battery: 10000.0%
2026-07-02 12:04:33,583 - Drone1.SimulationBackend - DEBUG - Sim Battery: 10000.0%
2026-07-02 12:04:35,584 - Drone1.SimulationBackend - DEBUG - Sim Battery: 10000.0%
2026-07-02 12:04:37,584 - Drone1.SimulationBackend - DEBUG - Sim Battery: 10000.0%
2026-07-02 12:04:39,584 - Drone1.SimulationBackend - DEBUG - Sim Battery: 10000.0%
2026-07-02 12:04:41,584 - Drone1.SimulationBackend - DEBUG - Sim Battery: 10000.0%
2026-07-02 12:04:43,583 - Drone1.SimulationBackend - DEBUG - Sim Battery: 10000.0%
2026-07-02 12:04:45,584 - Drone1.SimulationBackend - DEBUG - Sim Battery: 10000.0%
2026-07-02 12:04:47,584 - Drone1.SimulationBackend - DEBUG - Sim Battery: 10000.0%
2026-07-02 12:04:49,584 - Drone1.SimulationBackend - DEBUG - Sim Battery: 10000.0%
2026-07-02 12:04:51,583 - Drone1.SimulationBackend - DEBUG - Sim Battery: 10000.0%
2026-07-02 12:04:53,584 - Drone1.SimulationBackend - DEBUG - Sim Battery: 10000.0%
2026-07-02 12:04:55,583 - Drone1.SimulationBackend - DEBUG - Sim Battery: 10000.0%
2026-07-02 12:04:57,583 - Drone1.SimulationBackend - DEBUG - Sim Battery: 10000.0%
2026-07-02 12:04:59,584 - Drone1.SimulationBackend - DEBUG - Sim Battery: 10000.0%
2026-07-02 12:05:01,584 - Drone1.SimulationBackend - DEBUG - Sim Battery: 10000.0%
2026-07-02 12:05:03,584 - Drone1.SimulationBackend - DEBUG - Sim Battery: 10000.0%
2026-07-02 12:05:05,584 - Drone1.SimulationBackend - DEBUG - Sim Battery: 10000.0%
2026-07-02 12:05:07,584 - Drone1.SimulationBackend - DEBUG - Sim Battery: 10000.0%
2026-07-02 12:05:09,584 - Drone1.SimulationBackend - DEBUG - Sim Battery: 10000.0%
2026-07-02 12:05:11,584 - Drone1.SimulationBackend - DEBUG - Sim Battery: 10000.0%
2026-07-02 12:05:13,584 - Drone1.SimulationBackend - DEBUG - Sim Battery: 10000.0%
2026-07-02 12:05:15,583 - Drone1.SimulationBackend - DEBUG - Sim Battery: 10000.0%
2026-07-02 12:05:17,583 - Drone1.SimulationBackend - DEBUG - Sim Battery: 10000.0%
2026-07-02 12:05:19,584 - Drone1.SimulationBackend - DEBUG - Sim Battery: 10000.0%
2026-07-02 12:05:21,584 - Drone1.SimulationBackend - DEBUG - Sim Battery: 10000.0%
2026-07-02 12:05:23,584 - Drone1.SimulationBackend - DEBUG - Sim Battery: 10000.0%
2026-07-02 12:05:25,584 - Drone1.SimulationBackend - DEBUG - Sim Battery: 10000.0%
2026-07-02 12:05:27,584 - Drone1.SimulationBackend - DEBUG - Sim Battery: 10000.0%
2026-07-02 12:05:29,584 - Drone1.SimulationBackend - DEBUG - Sim Battery: 10000.0%
2026-07-02 12:05:31,584 - Drone1.SimulationBackend - DEBUG - Sim Battery: 10000.0%
2026-07-02 12:05:33,584 - Drone1.SimulationBackend - DEBUG - Sim Battery: 10000.0%
2026-07-02 12:05:35,584 - Drone1.SimulationBackend - DEBUG - Sim Battery: 10000.0%
2026-07-02 12:05:37,584 - Drone1.SimulationBackend - DEBUG - Sim Battery: 10000.0%
2026-07-02 12:05:39,584 - Drone1.SimulationBackend - DEBUG - Sim Battery: 10000.0%
2026-07-02 12:05:41,584 - Drone1.SimulationBackend - DEBUG - Sim Battery: 10000.0%
2026-07-02 12:05:43,584 - Drone1.SimulationBackend - DEBUG - Sim Battery: 10000.0%
2026-07-02 12:05:45,584 - Drone1.SimulationBackend - DEBUG - Sim Battery: 10000.0%
2026-07-02 12:05:47,584 - Drone1.SimulationBackend - DEBUG - Sim Battery: 10000.0%
2026-07-02 12:05:49,584 - Drone1.SimulationBackend - DEBUG - Sim Battery: 10000.0%
2026-07-02 12:05:51,584 - Drone1.SimulationBackend - DEBUG - Sim Battery: 10000.0%
2026-07-02 12:05:53,584 - Drone1.SimulationBackend - DEBUG - Sim Battery: 10000.0%
2026-07-02 12:05:55,584 - Drone1.SimulationBackend - DEBUG - Sim Battery: 10000.0%
2026-07-02 12:05:57,584 - Drone1.SimulationBackend - DEBUG - Sim Battery: 10000.0%
2026-07-02 12:05:59,583 - Drone1.SimulationBackend - DEBUG - Sim Battery: 10000.0%
2026-07-02 12:06:01,583 - Drone1.SimulationBackend - DEBUG - Sim Battery: 10000.0%
2026-07-02 12:06:03,584 - Drone1.SimulationBackend - DEBUG - Sim Battery: 10000.0%
2026-07-02 12:06:05,584 - Drone1.SimulationBackend - DEBUG - Sim Battery: 10000.0%
2026-07-02 12:06:07,584 - Drone1.SimulationBackend - DEBUG - Sim Battery: 10000.0%
2026-07-02 12:06:09,583 - Drone1.SimulationBackend - DEBUG - Sim Battery: 10000.0%
2026-07-02 12:06:11,584 - Drone1.SimulationBackend - DEBUG - Sim Battery: 10000.0%
2026-07-02 12:06:13,584 - Drone1.SimulationBackend - DEBUG - Sim Battery: 10000.0%
2026-07-02 12:06:15,584 - Drone1.SimulationBackend - DEBUG - Sim Battery: 10000.0%
2026-07-02 12:06:17,583 - Drone1.SimulationBackend - DEBUG - Sim Battery: 10000.0%
2026-07-02 12:06:19,584 - Drone1.SimulationBackend - DEBUG - Sim Battery: 10000.0%
2026-07-02 12:06:21,583 - Drone1.SimulationBackend - DEBUG - Sim Battery: 10000.0%
2026-07-02 12:06:23,584 - Drone1.SimulationBackend - DEBUG - Sim Battery: 10000.0%
2026-07-02 12:06:25,584 - Drone1.SimulationBackend - DEBUG - Sim Battery: 10000.0%
2026-07-02 12:06:27,584 - Drone1.SimulationBackend - DEBUG - Sim Battery: 10000.0%
2026-07-02 12:06:29,583 - Drone1.SimulationBackend - DEBUG - Sim Battery: 10000.0%
2026-07-02 12:06:31,583 - Drone1.SimulationBackend - DEBUG - Sim Battery: 10000.0%
2026-07-02 12:06:33,583 - Drone1.SimulationBackend - DEBUG - Sim Battery: 10000.0%
2026-07-02 12:06:35,584 - Drone1.SimulationBackend - DEBUG - Sim Battery: 10000.0%
2026-07-02 12:06:37,583 - Drone1.SimulationBackend - DEBUG - Sim Battery: 10000.0%
2026-07-02 12:06:39,584 - Drone1.SimulationBackend - DEBUG - Sim Battery: 10000.0%
2026-07-02 12:06:41,583 - Drone1.SimulationBackend - DEBUG - Sim Battery: 10000.0%
2026-07-02 12:06:43,583 - Drone1.SimulationBackend - DEBUG - Sim Battery: 10000.0%
2026-07-02 12:06:45,583 - Drone1.SimulationBackend - DEBUG - Sim Battery: 10000.0%
2026-07-02 12:06:47,584 - Drone1.SimulationBackend - DEBUG - Sim Battery: 10000.0%
2026-07-02 12:06:49,583 - Drone1.SimulationBackend - DEBUG - Sim Battery: 10000.0%
2026-07-02 12:06:51,584 - Drone1.SimulationBackend - DEBUG - Sim Battery: 10000.0%
2026-07-02 12:06:53,584 - Drone1.SimulationBackend - DEBUG - Sim Battery: 10000.0%
2026-07-02 12:06:55,584 - Drone1.SimulationBackend - DEBUG - Sim Battery: 10000.0%
2026-07-02 12:06:57,583 - Drone1.SimulationBackend - DEBUG - Sim Battery: 10000.0%
2026-07-02 12:06:59,584 - Drone1.SimulationBackend - DEBUG - Sim Battery: 10000.0%
2026-07-02 12:07:01,584 - Drone1.SimulationBackend - DEBUG - Sim Battery: 10000.0%
2026-07-02 12:07:03,584 - Drone1.SimulationBackend - DEBUG - Sim Battery: 10000.0%
2026-07-02 12:07:05,584 - Drone1.SimulationBackend - DEBUG - Sim Battery: 10000.0%
2026-07-02 12:07:07,583 - Drone1.SimulationBackend - DEBUG - Sim Battery: 10000.0%
2026-07-02 12:07:09,584 - Drone1.SimulationBackend - DEBUG - Sim Battery: 10000.0%
2026-07-02 12:07:11,584 - Drone1.SimulationBackend - DEBUG - Sim Battery: 10000.0%
2026-07-02 12:07:13,584 - Drone1.SimulationBackend - DEBUG - Sim Battery: 10000.0%
2026-07-02 12:07:15,584 - Drone1.SimulationBackend - DEBUG - Sim Battery: 10000.0%
2026-07-02 12:07:17,584 - Drone1.SimulationBackend - DEBUG - Sim Battery: 10000.0%
2026-07-02 12:07:19,584 - Drone1.SimulationBackend - DEBUG - Sim Battery: 10000.0%
2026-07-02 12:07:21,584 - Drone1.SimulationBackend - DEBUG - Sim Battery: 10000.0%
2026-07-02 12:07:23,584 - Drone1.SimulationBackend - DEBUG - Sim Battery: 10000.0%
2026-07-02 12:07:25,584 - Drone1.SimulationBackend - DEBUG - Sim Battery: 10000.0%
2026-07-02 12:07:27,584 - Drone1.SimulationBackend - DEBUG - Sim Battery: 10000.0%
2026-07-02 12:07:29,583 - Drone1.SimulationBackend - DEBUG - Sim Battery: 10000.0%
2026-07-02 12:07:31,584 - Drone1.SimulationBackend - DEBUG - Sim Battery: 10000.0%
2026-07-02 12:07:33,584 - Drone1.SimulationBackend - DEBUG - Sim Battery: 10000.0%
2026-07-02 12:07:35,584 - Drone1.SimulationBackend - DEBUG - Sim Battery: 10000.0%
2026-07-02 12:07:37,584 - Drone1.SimulationBackend - DEBUG - Sim Battery: 10000.0%
2026-07-02 12:07:39,584 - Drone1.SimulationBackend - DEBUG - Sim Battery: 10000.0%
2026-07-02 12:07:41,584 - Drone1.SimulationBackend - DEBUG - Sim Battery: 10000.0%
2026-07-02 12:07:43,584 - Drone1.SimulationBackend - DEBUG - Sim Battery: 10000.0%
2026-07-02 12:07:45,584 - Drone1.SimulationBackend - DEBUG - Sim Battery: 10000.0%
2026-07-02 12:07:47,584 - Drone1.SimulationBackend - DEBUG - Sim Battery: 10000.0%
2026-07-02 12:07:49,583 - Drone1.SimulationBackend - DEBUG - Sim Battery: 10000.0%
2026-07-02 12:07:51,584 - Drone1.SimulationBackend - DEBUG - Sim Battery: 10000.0%
2026-07-02 12:07:53,584 - Drone1.SimulationBackend - DEBUG - Sim Battery: 10000.0%
2026-07-02 12:07:55,584 - Drone1.SimulationBackend - DEBUG - Sim Battery: 10000.0%
2026-07-02 12:07:57,584 - Drone1.SimulationBackend - DEBUG - Sim Battery: 10000.0%
2026-07-02 12:07:59,584 - Drone1.SimulationBackend - DEBUG - Sim Battery: 10000.0%
2026-07-02 12:08:01,584 - Drone1.SimulationBackend - DEBUG - Sim Battery: 10000.0%
2026-07-02 12:08:03,584 - Drone1.SimulationBackend - DEBUG - Sim Battery: 10000.0%
2026-07-02 12:08:05,583 - Drone1.SimulationBackend - DEBUG - Sim Battery: 10000.0%
2026-07-02 12:08:07,584 - Drone1.SimulationBackend - DEBUG - Sim Battery: 10000.0%
2026-07-02 12:08:09,584 - Drone1.SimulationBackend - DEBUG - Sim Battery: 10000.0%
2026-07-02 12:08:11,584 - Drone1.SimulationBackend - DEBUG - Sim Battery: 10000.0%
2026-07-02 12:08:13,584 - Drone1.SimulationBackend - DEBUG - Sim Battery: 10000.0%
2026-07-02 12:08:15,584 - Drone1.SimulationBackend - DEBUG - Sim Battery: 10000.0%
2026-07-02 12:08:17,584 - Drone1.SimulationBackend - DEBUG - Sim Battery: 10000.0%
2026-07-02 12:08:19,584 - Drone1.SimulationBackend - DEBUG - Sim Battery: 10000.0%
2026-07-02 12:08:21,583 - Drone1.SimulationBackend - DEBUG - Sim Battery: 10000.0%
2026-07-02 12:08:23,584 - Drone1.SimulationBackend - DEBUG - Sim Battery: 10000.0%
2026-07-02 12:08:25,584 - Drone1.SimulationBackend - DEBUG - Sim Battery: 10000.0%
2026-07-02 12:08:27,584 - Drone1.SimulationBackend - DEBUG - Sim Battery: 10000.0%
2026-07-02 12:08:29,583 - Drone1.SimulationBackend - DEBUG - Sim Battery: 10000.0%
2026-07-02 12:08:31,584 - Drone1.SimulationBackend - DEBUG - Sim Battery: 10000.0%
2026-07-02 12:08:33,584 - Drone1.SimulationBackend - DEBUG - Sim Battery: 10000.0%
2026-07-02 12:08:35,584 - Drone1.SimulationBackend - DEBUG - Sim Battery: 10000.0%
2026-07-02 12:08:37,584 - Drone1.SimulationBackend - DEBUG - Sim Battery: 10000.0%
2026-07-02 12:08:39,584 - Drone1.SimulationBackend - DEBUG - Sim Battery: 10000.0%
2026-07-02 12:08:41,583 - Drone1.SimulationBackend - DEBUG - Sim Battery: 10000.0%
2026-07-02 12:08:43,584 - Drone1.SimulationBackend - DEBUG - Sim Battery: 10000.0%
2026-07-02 12:08:45,583 - Drone1.SimulationBackend - DEBUG - Sim Battery: 10000.0%
2026-07-02 12:08:47,584 - Drone1.SimulationBackend - DEBUG - Sim Battery: 10000.0%
2026-07-02 12:08:49,583 - Drone1.SimulationBackend - DEBUG - Sim Battery: 10000.0%
2026-07-02 12:08:51,583 - Drone1.SimulationBackend - DEBUG - Sim Battery: 10000.0%
2026-07-02 12:08:53,584 - Drone1.SimulationBackend - DEBUG - Sim Battery: 10000.0%
2026-07-02 12:08:55,584 - Drone1.SimulationBackend - DEBUG - Sim Battery: 10000.0%
2026-07-02 12:08:57,584 - Drone1.SimulationBackend - DEBUG - Sim Battery: 10000.0%
2026-07-02 12:08:59,584 - Drone1.SimulationBackend - DEBUG - Sim Battery: 10000.0%
2026-07-02 12:09:01,584 - Drone1.SimulationBackend - DEBUG - Sim Battery: 10000.0%
2026-07-02 12:09:03,584 - Drone1.SimulationBackend - DEBUG - Sim Battery: 10000.0%
2026-07-02 12:09:05,583 - Drone1.SimulationBackend - DEBUG - Sim Battery: 10000.0%
2026-07-02 12:09:07,584 - Drone1.SimulationBackend - DEBUG - Sim Battery: 10000.0%
2026-07-02 12:09:09,584 - Drone1.SimulationBackend - DEBUG - Sim Battery: 10000.0%
2026-07-02 12:09:11,584 - Drone1.SimulationBackend - DEBUG - Sim Battery: 10000.0%
2026-07-02 12:09:13,584 - Drone1.SimulationBackend - DEBUG - Sim Battery: 10000.0%
2026-07-02 12:09:15,584 - Drone1.SimulationBackend - DEBUG - Sim Battery: 10000.0%
2026-07-02 12:09:17,584 - Drone1.SimulationBackend - DEBUG - Sim Battery: 10000.0%
2026-07-02 12:09:19,583 - Drone1.SimulationBackend - DEBUG - Sim Battery: 10000.0%
2026-07-02 12:09:21,583 - Drone1.SimulationBackend - DEBUG - Sim Battery: 10000.0%
2026-07-02 12:09:23,584 - Drone1.SimulationBackend - DEBUG - Sim Battery: 10000.0%
2026-07-02 12:09:25,584 - Drone1.SimulationBackend - DEBUG - Sim Battery: 10000.0%
2026-07-02 12:09:27,584 - Drone1.SimulationBackend - DEBUG - Sim Battery: 10000.0%
2026-07-02 12:09:29,584 - Drone1.SimulationBackend - DEBUG - Sim Battery: 10000.0%
2026-07-02 12:09:31,583 - Drone1.SimulationBackend - DEBUG - Sim Battery: 10000.0%
2026-07-02 12:09:33,584 - Drone1.SimulationBackend - DEBUG - Sim Battery: 10000.0%
2026-07-02 12:09:35,584 - Drone1.SimulationBackend - DEBUG - Sim Battery: 10000.0%
2026-07-02 12:09:37,584 - Drone1.SimulationBackend - DEBUG - Sim Battery: 10000.0%
2026-07-02 12:09:39,584 - Drone1.SimulationBackend - DEBUG - Sim Battery: 10000.0%
2026-07-02 12:09:41,584 - Drone1.SimulationBackend - DEBUG - Sim Battery: 10000.0%
2026-07-02 12:09:43,584 - Drone1.SimulationBackend - DEBUG - Sim Battery: 10000.0%
2026-07-02 12:09:45,584 - Drone1.SimulationBackend - DEBUG - Sim Battery: 10000.0%
2026-07-02 12:09:47,584 - Drone1.SimulationBackend - DEBUG - Sim Battery: 10000.0%
2026-07-02 12:09:49,584 - Drone1.SimulationBackend - DEBUG - Sim Battery: 10000.0%
2026-07-02 12:09:51,584 - Drone1.SimulationBackend - DEBUG - Sim Battery: 10000.0%
2026-07-02 12:09:53,584 - Drone1.SimulationBackend - DEBUG - Sim Battery: 10000.0%
2026-07-02 12:09:55,584 - Drone1.SimulationBackend - DEBUG - Sim Battery: 10000.0%
2026-07-02 12:09:57,584 - Drone1.SimulationBackend - DEBUG - Sim Battery: 10000.0%
2026-07-02 12:09:59,584 - Drone1.SimulationBackend - DEBUG - Sim Battery: 10000.0%
2026-07-02 12:10:01,583 - Drone1.SimulationBackend - DEBUG - Sim Battery: 10000.0%
2026-07-02 12:10:03,584 - Drone1.SimulationBackend - DEBUG - Sim Battery: 10000.0%
2026-07-02 12:10:05,584 - Drone1.SimulationBackend - DEBUG - Sim Battery: 10000.0%
2026-07-02 12:10:07,584 - Drone1.SimulationBackend - DEBUG - Sim Battery: 10000.0%
2026-07-02 12:10:09,584 - Drone1.SimulationBackend - DEBUG - Sim Battery: 10000.0%
2026-07-02 12:10:11,584 - Drone1.SimulationBackend - DEBUG - Sim Battery: 10000.0%
2026-07-02 12:10:13,584 - Drone1.SimulationBackend - DEBUG - Sim Battery: 10000.0%
2026-07-02 12:10:15,584 - Drone1.SimulationBackend - DEBUG - Sim Battery: 10000.0%
2026-07-02 12:10:17,584 - Drone1.SimulationBackend - DEBUG - Sim Battery: 10000.0%
2026-07-02 12:10:19,584 - Drone1.SimulationBackend - DEBUG - Sim Battery: 10000.0%
2026-07-02 12:10:21,584 - Drone1.SimulationBackend - DEBUG - Sim Battery: 10000.0%
2026-07-02 12:10:23,583 - Drone1.SimulationBackend - DEBUG - Sim Battery: 10000.0%
2026-07-02 12:10:25,584 - Drone1.SimulationBackend - DEBUG - Sim Battery: 10000.0%
2026-07-02 12:10:27,584 - Drone1.SimulationBackend - DEBUG - Sim Battery: 10000.0%
2026-07-02 12:10:29,584 - Drone1.SimulationBackend - DEBUG - Sim Battery: 10000.0%
2026-07-02 12:10:31,584 - Drone1.SimulationBackend - DEBUG - Sim Battery: 10000.0%
2026-07-02 12:10:33,584 - Drone1.SimulationBackend - DEBUG - Sim Battery: 10000.0%
2026-07-02 12:10:35,583 - Drone1.SimulationBackend - DEBUG - Sim Battery: 10000.0%
2026-07-02 12:10:37,584 - Drone1.SimulationBackend - DEBUG - Sim Battery: 10000.0%
2026-07-02 12:10:39,584 - Drone1.SimulationBackend - DEBUG - Sim Battery: 10000.0%
2026-07-02 12:10:41,584 - Drone1.SimulationBackend - DEBUG - Sim Battery: 10000.0%
2026-07-02 12:10:43,584 - Drone1.SimulationBackend - DEBUG - Sim Battery: 10000.0%
2026-07-02 12:10:45,584 - Drone1.SimulationBackend - DEBUG - Sim Battery: 10000.0%
2026-07-02 12:10:47,583 - Drone1.SimulationBackend - DEBUG - Sim Battery: 10000.0%
2026-07-02 12:10:49,584 - Drone1.SimulationBackend - DEBUG - Sim Battery: 10000.0%
2026-07-02 12:10:51,584 - Drone1.SimulationBackend - DEBUG - Sim Battery: 10000.0%
2026-07-02 12:10:53,583 - Drone1.SimulationBackend - DEBUG - Sim Battery: 10000.0%
2026-07-02 12:10:55,584 - Drone1.SimulationBackend - DEBUG - Sim Battery: 10000.0%
2026-07-02 12:10:57,584 - Drone1.SimulationBackend - DEBUG - Sim Battery: 10000.0%
2026-07-02 12:10:59,584 - Drone1.SimulationBackend - DEBUG - Sim Battery: 10000.0%
2026-07-02 12:11:01,584 - Drone1.SimulationBackend - DEBUG - Sim Battery: 10000.0%
2026-07-02 12:11:03,584 - Drone1.SimulationBackend - DEBUG - Sim Battery: 10000.0%
2026-07-02 12:11:05,584 - Drone1.SimulationBackend - DEBUG - Sim Battery: 10000.0%
2026-07-02 12:11:07,584 - Drone1.SimulationBackend - DEBUG - Sim Battery: 10000.0%
2026-07-02 12:11:09,584 - Drone1.SimulationBackend - DEBUG - Sim Battery: 10000.0%
2026-07-02 12:11:11,584 - Drone1.SimulationBackend - DEBUG - Sim Battery: 10000.0%
2026-07-02 12:11:13,584 - Drone1.SimulationBackend - DEBUG - Sim Battery: 10000.0%
2026-07-02 12:11:15,584 - Drone1.SimulationBackend - DEBUG - Sim Battery: 10000.0%
2026-07-02 12:11:17,583 - Drone1.SimulationBackend - DEBUG - Sim Battery: 10000.0%
2026-07-02 12:11:19,584 - Drone1.SimulationBackend - DEBUG - Sim Battery: 10000.0%
2026-07-02 12:11:21,584 - Drone1.SimulationBackend - DEBUG - Sim Battery: 10000.0%
2026-07-02 12:11:23,584 - Drone1.SimulationBackend - DEBUG - Sim Battery: 10000.0%
2026-07-02 12:11:25,584 - Drone1.SimulationBackend - DEBUG - Sim Battery: 10000.0%
2026-07-02 12:11:27,584 - Drone1.SimulationBackend - DEBUG - Sim Battery: 10000.0%
2026-07-02 12:11:29,584 - Drone1.SimulationBackend - DEBUG - Sim Battery: 10000.0%
2026-07-02 12:11:31,584 - Drone1.SimulationBackend - DEBUG - Sim Battery: 10000.0%
2026-07-02 12:11:33,584 - Drone1.SimulationBackend - DEBUG - Sim Battery: 10000.0%
2026-07-02 12:11:35,584 - Drone1.SimulationBackend - DEBUG - Sim Battery: 10000.0%
2026-07-02 12:11:37,584 - Drone1.SimulationBackend - DEBUG - Sim Battery: 10000.0%
2026-07-02 12:11:39,584 - Drone1.SimulationBackend - DEBUG - Sim Battery: 10000.0%
2026-07-02 12:11:41,583 - Drone1.SimulationBackend - DEBUG - Sim Battery: 10000.0%
2026-07-02 12:11:43,584 - Drone1.SimulationBackend - DEBUG - Sim Battery: 10000.0%
2026-07-02 12:11:45,584 - Drone1.SimulationBackend - DEBUG - Sim Battery: 10000.0%
2026-07-02 12:11:47,584 - Drone1.SimulationBackend - DEBUG - Sim Battery: 10000.0%
2026-07-02 12:11:49,584 - Drone1.SimulationBackend - DEBUG - Sim Battery: 10000.0%
2026-07-02 12:11:51,584 - Drone1.SimulationBackend - DEBUG - Sim Battery: 10000.0%
2026-07-02 12:11:53,584 - Drone1.SimulationBackend - DEBUG - Sim Battery: 10000.0%
2026-07-02 12:11:55,584 - Drone1.SimulationBackend - DEBUG - Sim Battery: 10000.0%
2026-07-02 12:11:57,584 - Drone1.SimulationBackend - DEBUG - Sim Battery: 10000.0%
2026-07-02 12:11:59,584 - Drone1.SimulationBackend - DEBUG - Sim Battery: 10000.0%
2026-07-02 12:12:01,584 - Drone1.SimulationBackend - DEBUG - Sim Battery: 10000.0%
2026-07-02 12:12:03,584 - Drone1.SimulationBackend - DEBUG - Sim Battery: 10000.0%
2026-07-02 12:12:05,584 - Drone1.SimulationBackend - DEBUG - Sim Battery: 10000.0%
2026-07-02 12:12:07,583 - Drone1.SimulationBackend - DEBUG - Sim Battery: 10000.0%
2026-07-02 12:12:09,583 - Drone1.SimulationBackend - DEBUG - Sim Battery: 10000.0%
2026-07-02 12:12:11,584 - Drone1.SimulationBackend - DEBUG - Sim Battery: 10000.0%
2026-07-02 12:12:13,584 - Drone1.SimulationBackend - DEBUG - Sim Battery: 10000.0%
2026-07-02 12:12:15,584 - Drone1.SimulationBackend - DEBUG - Sim Battery: 10000.0%
2026-07-02 12:12:17,584 - Drone1.SimulationBackend - DEBUG - Sim Battery: 10000.0%
2026-07-02 12:12:19,584 - Drone1.SimulationBackend - DEBUG - Sim Battery: 10000.0%
2026-07-02 12:12:21,584 - Drone1.SimulationBackend - DEBUG - Sim Battery: 10000.0%
2026-07-02 12:12:23,584 - Drone1.SimulationBackend - DEBUG - Sim Battery: 10000.0%
2026-07-02 12:12:25,584 - Drone1.SimulationBackend - DEBUG - Sim Battery: 10000.0%
2026-07-02 12:12:27,584 - Drone1.SimulationBackend - DEBUG - Sim Battery: 10000.0%
2026-07-02 12:12:29,584 - Drone1.SimulationBackend - DEBUG - Sim Battery: 10000.0%
2026-07-02 12:12:31,584 - Drone1.SimulationBackend - DEBUG - Sim Battery: 10000.0%
2026-07-02 12:12:33,584 - Drone1.SimulationBackend - DEBUG - Sim Battery: 10000.0%
2026-07-02 12:12:35,584 - Drone1.SimulationBackend - DEBUG - Sim Battery: 10000.0%
2026-07-02 12:12:37,584 - Drone1.SimulationBackend - DEBUG - Sim Battery: 10000.0%
2026-07-02 12:12:39,583 - Drone1.SimulationBackend - DEBUG - Sim Battery: 10000.0%
2026-07-02 12:12:41,584 - Drone1.SimulationBackend - DEBUG - Sim Battery: 10000.0%
2026-07-02 12:12:43,584 - Drone1.SimulationBackend - DEBUG - Sim Battery: 10000.0%
2026-07-02 12:12:45,584 - Drone1.SimulationBackend - DEBUG - Sim Battery: 10000.0%
2026-07-02 12:12:47,584 - Drone1.SimulationBackend - DEBUG - Sim Battery: 10000.0%
2026-07-02 12:12:49,584 - Drone1.SimulationBackend - DEBUG - Sim Battery: 10000.0%
2026-07-02 12:12:51,584 - Drone1.SimulationBackend - DEBUG - Sim Battery: 10000.0%
2026-07-02 12:12:53,584 - Drone1.SimulationBackend - DEBUG - Sim Battery: 10000.0%
2026-07-02 12:12:55,584 - Drone1.SimulationBackend - DEBUG - Sim Battery: 10000.0%
2026-07-02 12:12:57,584 - Drone1.SimulationBackend - DEBUG - Sim Battery: 10000.0%
2026-07-02 12:12:59,584 - Drone1.SimulationBackend - DEBUG - Sim Battery: 10000.0%
2026-07-02 12:13:01,584 - Drone1.SimulationBackend - DEBUG - Sim Battery: 10000.0%
2026-07-02 12:13:03,584 - Drone1.SimulationBackend - DEBUG - Sim Battery: 10000.0%
2026-07-02 12:13:05,584 - Drone1.SimulationBackend - DEBUG - Sim Battery: 10000.0%
2026-07-02 12:13:07,584 - Drone1.SimulationBackend - DEBUG - Sim Battery: 10000.0%
2026-07-02 12:13:09,583 - Drone1.SimulationBackend - DEBUG - Sim Battery: 10000.0%
2026-07-02 12:13:11,584 - Drone1.SimulationBackend - DEBUG - Sim Battery: 10000.0%
2026-07-02 12:13:13,584 - Drone1.SimulationBackend - DEBUG - Sim Battery: 10000.0%
2026-07-02 12:13:15,584 - Drone1.SimulationBackend - DEBUG - Sim Battery: 10000.0%
2026-07-02 12:13:17,584 - Drone1.SimulationBackend - DEBUG - Sim Battery: 10000.0%
2026-07-02 12:13:19,583 - Drone1.SimulationBackend - DEBUG - Sim Battery: 10000.0%
2026-07-02 12:13:21,584 - Drone1.SimulationBackend - DEBUG - Sim Battery: 10000.0%
2026-07-02 12:13:23,584 - Drone1.SimulationBackend - DEBUG - Sim Battery: 10000.0%
2026-07-02 12:13:25,583 - Drone1.SimulationBackend - DEBUG - Sim Battery: 10000.0%
2026-07-02 12:13:27,584 - Drone1.SimulationBackend - DEBUG - Sim Battery: 10000.0%
2026-07-02 12:13:29,584 - Drone1.SimulationBackend - DEBUG - Sim Battery: 10000.0%
2026-07-02 12:13:31,583 - Drone1.SimulationBackend - DEBUG - Sim Battery: 10000.0%
2026-07-02 12:13:33,584 - Drone1.SimulationBackend - DEBUG - Sim Battery: 10000.0%
2026-07-02 12:13:35,584 - Drone1.SimulationBackend - DEBUG - Sim Battery: 10000.0%
2026-07-02 12:13:37,583 - Drone1.SimulationBackend - DEBUG - Sim Battery: 10000.0%
2026-07-02 12:13:39,584 - Drone1.SimulationBackend - DEBUG - Sim Battery: 10000.0%
2026-07-02 12:13:41,584 - Drone1.SimulationBackend - DEBUG - Sim Battery: 10000.0%
2026-07-02 12:13:43,584 - Drone1.SimulationBackend - DEBUG - Sim Battery: 10000.0%
2026-07-02 12:13:45,584 - Drone1.SimulationBackend - DEBUG - Sim Battery: 10000.0%
2026-07-02 12:13:47,583 - Drone1.SimulationBackend - DEBUG - Sim Battery: 10000.0%
2026-07-02 12:13:49,584 - Drone1.SimulationBackend - DEBUG - Sim Battery: 10000.0%
2026-07-02 12:13:51,584 - Drone1.SimulationBackend - DEBUG - Sim Battery: 10000.0%
2026-07-02 12:13:53,584 - Drone1.SimulationBackend - DEBUG - Sim Battery: 10000.0%
2026-07-02 12:13:55,584 - Drone1.SimulationBackend - DEBUG - Sim Battery: 10000.0%
2026-07-02 12:13:57,584 - Drone1.SimulationBackend - DEBUG - Sim Battery: 10000.0%
2026-07-02 12:13:59,583 - Drone1.SimulationBackend - DEBUG - Sim Battery: 10000.0%
2026-07-02 12:14:01,584 - Drone1.SimulationBackend - DEBUG - Sim Battery: 10000.0%
2026-07-02 12:14:03,583 - Drone1.SimulationBackend - DEBUG - Sim Battery: 10000.0%
2026-07-02 12:14:05,583 - Drone1.SimulationBackend - DEBUG - Sim Battery: 10000.0%
2026-07-02 12:14:07,583 - Drone1.SimulationBackend - DEBUG - Sim Battery: 10000.0%
2026-07-02 12:14:09,584 - Drone1.SimulationBackend - DEBUG - Sim Battery: 10000.0%
2026-07-02 12:14:11,584 - Drone1.SimulationBackend - DEBUG - Sim Battery: 10000.0%
2026-07-02 12:14:13,584 - Drone1.SimulationBackend - DEBUG - Sim Battery: 10000.0%
2026-07-02 12:14:15,584 - Drone1.SimulationBackend - DEBUG - Sim Battery: 10000.0%
2026-07-02 12:14:17,583 - Drone1.SimulationBackend - DEBUG - Sim Battery: 10000.0%
2026-07-02 12:14:19,584 - Drone1.SimulationBackend - DEBUG - Sim Battery: 10000.0%
2026-07-02 12:14:21,584 - Drone1.SimulationBackend - DEBUG - Sim Battery: 10000.0%
2026-07-02 12:14:23,583 - Drone1.SimulationBackend - DEBUG - Sim Battery: 10000.0%
2026-07-02 12:14:25,584 - Drone1.SimulationBackend - DEBUG - Sim Battery: 10000.0%
2026-07-02 12:14:27,584 - Drone1.SimulationBackend - DEBUG - Sim Battery: 10000.0%
2026-07-02 12:14:29,584 - Drone1.SimulationBackend - DEBUG - Sim Battery: 10000.0%
2026-07-02 12:14:31,584 - Drone1.SimulationBackend - DEBUG - Sim Battery: 10000.0%
2026-07-02 12:14:33,584 - Drone1.SimulationBackend - DEBUG - Sim Battery: 10000.0%
2026-07-02 12:14:35,584 - Drone1.SimulationBackend - DEBUG - Sim Battery: 10000.0%
2026-07-02 12:14:37,584 - Drone1.SimulationBackend - DEBUG - Sim Battery: 10000.0%
2026-07-02 12:14:39,584 - Drone1.SimulationBackend - DEBUG - Sim Battery: 10000.0%
2026-07-02 12:14:41,584 - Drone1.SimulationBackend - DEBUG - Sim Battery: 10000.0%
2026-07-02 12:14:43,584 - Drone1.SimulationBackend - DEBUG - Sim Battery: 10000.0%
2026-07-02 12:14:45,584 - Drone1.SimulationBackend - DEBUG - Sim Battery: 10000.0%
2026-07-02 12:14:47,584 - Drone1.SimulationBackend - DEBUG - Sim Battery: 10000.0%
2026-07-02 12:14:49,584 - Drone1.SimulationBackend - DEBUG - Sim Battery: 10000.0%
2026-07-02 12:14:51,584 - Drone1.SimulationBackend - DEBUG - Sim Battery: 10000.0%
2026-07-02 12:14:53,584 - Drone1.SimulationBackend - DEBUG - Sim Battery: 10000.0%
2026-07-02 12:14:55,584 - Drone1.SimulationBackend - DEBUG - Sim Battery: 10000.0%
2026-07-02 12:14:57,584 - Drone1.SimulationBackend - DEBUG - Sim Battery: 10000.0%
2026-07-02 12:14:59,584 - Drone1.SimulationBackend - DEBUG - Sim Battery: 10000.0%
2026-07-02 12:15:01,584 - Drone1.SimulationBackend - DEBUG - Sim Battery: 10000.0%
2026-07-02 12:15:03,584 - Drone1.SimulationBackend - DEBUG - Sim Battery: 10000.0%
2026-07-02 12:15:05,584 - Drone1.SimulationBackend - DEBUG - Sim Battery: 10000.0%
2026-07-02 12:15:07,584 - Drone1.SimulationBackend - DEBUG - Sim Battery: 10000.0%
2026-07-02 12:15:09,584 - Drone1.SimulationBackend - DEBUG - Sim Battery: 10000.0%
2026-07-02 12:15:11,584 - Drone1.SimulationBackend - DEBUG - Sim Battery: 10000.0%
2026-07-02 12:15:13,584 - Drone1.SimulationBackend - DEBUG - Sim Battery: 10000.0%
2026-07-02 12:15:15,584 - Drone1.SimulationBackend - DEBUG - Sim Battery: 10000.0%
2026-07-02 12:15:17,584 - Drone1.SimulationBackend - DEBUG - Sim Battery: 10000.0%
2026-07-02 12:15:19,584 - Drone1.SimulationBackend - DEBUG - Sim Battery: 10000.0%
2026-07-02 12:15:21,584 - Drone1.SimulationBackend - DEBUG - Sim Battery: 10000.0%
2026-07-02 12:15:23,584 - Drone1.SimulationBackend - DEBUG - Sim Battery: 10000.0%
2026-07-02 12:15:25,584 - Drone1.SimulationBackend - DEBUG - Sim Battery: 10000.0%
2026-07-02 12:15:27,584 - Drone1.SimulationBackend - DEBUG - Sim Battery: 10000.0%
2026-07-02 12:15:29,584 - Drone1.SimulationBackend - DEBUG - Sim Battery: 10000.0%
2026-07-02 12:15:31,584 - Drone1.SimulationBackend - DEBUG - Sim Battery: 10000.0%
2026-07-02 12:15:33,584 - Drone1.SimulationBackend - DEBUG - Sim Battery: 10000.0%
2026-07-02 12:15:35,584 - Drone1.SimulationBackend - DEBUG - Sim Battery: 10000.0%
2026-07-02 12:15:37,584 - Drone1.SimulationBackend - DEBUG - Sim Battery: 10000.0%
2026-07-02 12:15:39,584 - Drone1.SimulationBackend - DEBUG - Sim Battery: 10000.0%
2026-07-02 12:15:41,584 - Drone1.SimulationBackend - DEBUG - Sim Battery: 10000.0%
2026-07-02 12:15:43,584 - Drone1.SimulationBackend - DEBUG - Sim Battery: 10000.0%
2026-07-02 12:15:45,584 - Drone1.SimulationBackend - DEBUG - Sim Battery: 10000.0%
2026-07-02 12:15:47,584 - Drone1.SimulationBackend - DEBUG - Sim Battery: 10000.0%
2026-07-02 12:15:49,584 - Drone1.SimulationBackend - DEBUG - Sim Battery: 10000.0%
2026-07-02 12:15:51,583 - Drone1.SimulationBackend - DEBUG - Sim Battery: 10000.0%
2026-07-02 12:15:53,584 - Drone1.SimulationBackend - DEBUG - Sim Battery: 10000.0%
2026-07-02 12:15:55,583 - Drone1.SimulationBackend - DEBUG - Sim Battery: 10000.0%
2026-07-02 12:15:57,584 - Drone1.SimulationBackend - DEBUG - Sim Battery: 10000.0%
2026-07-02 12:15:59,583 - Drone1.SimulationBackend - DEBUG - Sim Battery: 10000.0%
2026-07-02 12:16:01,584 - Drone1.SimulationBackend - DEBUG - Sim Battery: 10000.0%
2026-07-02 12:16:03,584 - Drone1.SimulationBackend - DEBUG - Sim Battery: 10000.0%
2026-07-02 12:16:05,584 - Drone1.SimulationBackend - DEBUG - Sim Battery: 10000.0%
2026-07-02 12:16:07,584 - Drone1.SimulationBackend - DEBUG - Sim Battery: 10000.0%
2026-07-02 12:16:09,584 - Drone1.SimulationBackend - DEBUG - Sim Battery: 10000.0%
2026-07-02 12:16:11,584 - Drone1.SimulationBackend - DEBUG - Sim Battery: 10000.0%
2026-07-02 12:16:13,584 - Drone1.SimulationBackend - DEBUG - Sim Battery: 10000.0%
2026-07-02 12:16:15,583 - Drone1.SimulationBackend - DEBUG - Sim Battery: 10000.0%
2026-07-02 12:16:17,584 - Drone1.SimulationBackend - DEBUG - Sim Battery: 10000.0%
2026-07-02 12:16:19,584 - Drone1.SimulationBackend - DEBUG - Sim Battery: 10000.0%
2026-07-02 12:16:21,584 - Drone1.SimulationBackend - DEBUG - Sim Battery: 10000.0%
2026-07-02 12:16:23,584 - Drone1.SimulationBackend - DEBUG - Sim Battery: 10000.0%
2026-07-02 12:16:25,584 - Drone1.SimulationBackend - DEBUG - Sim Battery: 10000.0%
2026-07-02 12:16:27,584 - Drone1.SimulationBackend - DEBUG - Sim Battery: 10000.0%
2026-07-02 12:16:29,584 - Drone1.SimulationBackend - DEBUG - Sim Battery: 10000.0%
2026-07-02 12:16:31,584 - Drone1.SimulationBackend - DEBUG - Sim Battery: 10000.0%
2026-07-02 12:16:33,583 - Drone1.SimulationBackend - DEBUG - Sim Battery: 10000.0%
2026-07-02 12:16:35,584 - Drone1.SimulationBackend - DEBUG - Sim Battery: 10000.0%
2026-07-02 12:16:37,583 - Drone1.SimulationBackend - DEBUG - Sim Battery: 10000.0%
2026-07-02 12:16:39,584 - Drone1.SimulationBackend - DEBUG - Sim Battery: 10000.0%
2026-07-02 12:16:41,584 - Drone1.SimulationBackend - DEBUG - Sim Battery: 10000.0%
2026-07-02 12:16:43,584 - Drone1.SimulationBackend - DEBUG - Sim Battery: 10000.0%
2026-07-02 12:16:45,584 - Drone1.SimulationBackend - DEBUG - Sim Battery: 10000.0%
2026-07-02 12:16:47,584 - Drone1.SimulationBackend - DEBUG - Sim Battery: 10000.0%
2026-07-02 12:16:49,584 - Drone1.SimulationBackend - DEBUG - Sim Battery: 10000.0%
2026-07-02 12:16:51,584 - Drone1.SimulationBackend - DEBUG - Sim Battery: 10000.0%
2026-07-02 12:16:53,584 - Drone1.SimulationBackend - DEBUG - Sim Battery: 10000.0%
2026-07-02 12:16:55,584 - Drone1.SimulationBackend - DEBUG - Sim Battery: 10000.0%
2026-07-02 12:16:57,584 - Drone1.SimulationBackend - DEBUG - Sim Battery: 10000.0%
2026-07-02 12:16:59,584 - Drone1.SimulationBackend - DEBUG - Sim Battery: 10000.0%
2026-07-02 12:17:01,584 - Drone1.SimulationBackend - DEBUG - Sim Battery: 10000.0%
2026-07-02 12:17:03,583 - Drone1.SimulationBackend - DEBUG - Sim Battery: 10000.0%
2026-07-02 12:17:05,584 - Drone1.SimulationBackend - DEBUG - Sim Battery: 10000.0%
2026-07-02 12:17:07,584 - Drone1.SimulationBackend - DEBUG - Sim Battery: 10000.0%
2026-07-02 12:17:09,584 - Drone1.SimulationBackend - DEBUG - Sim Battery: 10000.0%
2026-07-02 12:17:11,584 - Drone1.SimulationBackend - DEBUG - Sim Battery: 10000.0%
2026-07-02 12:17:13,584 - Drone1.SimulationBackend - DEBUG - Sim Battery: 10000.0%
2026-07-02 12:17:15,584 - Drone1.SimulationBackend - DEBUG - Sim Battery: 10000.0%
2026-07-02 12:17:17,583 - Drone1.SimulationBackend - DEBUG - Sim Battery: 9700.0%
2026-07-02 12:17:19,584 - Drone1.SimulationBackend - DEBUG - Sim Battery: 9400.0%
2026-07-02 12:17:21,584 - Drone1.SimulationBackend - DEBUG - Sim Battery: 9100.0%
2026-07-02 12:17:23,584 - Drone1.SimulationBackend - DEBUG - Sim Battery: 8800.0%
2026-07-02 12:17:25,583 - Drone1.SimulationBackend - DEBUG - Sim Battery: 8400.0%
2026-07-02 12:17:27,584 - Drone1.SimulationBackend - DEBUG - Sim Battery: 9600.0%
2026-07-02 12:17:29,583 - Drone1.SimulationBackend - DEBUG - Sim Battery: 9900.0%
2026-07-02 12:17:31,584 - Drone1.SimulationBackend - DEBUG - Sim Battery: 10000.0%
2026-07-02 12:17:33,584 - Drone1.SimulationBackend - DEBUG - Sim Battery: 10000.0%
2026-07-02 12:17:35,584 - Drone1.SimulationBackend - DEBUG - Sim Battery: 10000.0%
2026-07-02 12:17:37,584 - Drone1.SimulationBackend - DEBUG - Sim Battery: 10000.0%
2026-07-02 12:17:39,583 - Drone1.SimulationBackend - DEBUG - Sim Battery: 10000.0%
2026-07-02 12:17:41,584 - Drone1.SimulationBackend - DEBUG - Sim Battery: 10000.0%
2026-07-02 12:17:43,584 - Drone1.SimulationBackend - DEBUG - Sim Battery: 10000.0%
2026-07-02 12:17:45,584 - Drone1.SimulationBackend - DEBUG - Sim Battery: 10000.0%
2026-07-02 12:17:47,584 - Drone1.SimulationBackend - DEBUG - Sim Battery: 10000.0%
2026-07-02 12:17:49,584 - Drone1.SimulationBackend - DEBUG - Sim Battery: 10000.0%
2026-07-02 12:17:51,584 - Drone1.SimulationBackend - DEBUG - Sim Battery: 10000.0%
2026-07-02 12:17:53,584 - Drone1.SimulationBackend - DEBUG - Sim Battery: 10000.0%
2026-07-02 12:17:55,584 - Drone1.SimulationBackend - DEBUG - Sim Battery: 10000.0%
2026-07-02 12:17:57,584 - Drone1.SimulationBackend - DEBUG - Sim Battery: 10000.0%
2026-07-02 12:17:59,584 - Drone1.SimulationBackend - DEBUG - Sim Battery: 10000.0%
2026-07-02 12:18:01,584 - Drone1.SimulationBackend - DEBUG - Sim Battery: 10000.0%
2026-07-02 12:18:03,583 - Drone1.SimulationBackend - DEBUG - Sim Battery: 10000.0%
2026-07-02 12:18:05,583 - Drone1.SimulationBackend - DEBUG - Sim Battery: 10000.0%
2026-07-02 12:18:07,583 - Drone1.SimulationBackend - DEBUG - Sim Battery: 10000.0%
2026-07-02 12:18:09,584 - Drone1.SimulationBackend - DEBUG - Sim Battery: 10000.0%
2026-07-02 12:18:11,584 - Drone1.SimulationBackend - DEBUG - Sim Battery: 10000.0%
2026-07-02 12:18:13,584 - Drone1.SimulationBackend - DEBUG - Sim Battery: 10000.0%
2026-07-02 12:18:15,583 - Drone1.SimulationBackend - DEBUG - Sim Battery: 10000.0%
2026-07-02 12:18:17,584 - Drone1.SimulationBackend - DEBUG - Sim Battery: 10000.0%
2026-07-02 12:18:19,583 - Drone1.SimulationBackend - DEBUG - Sim Battery: 10000.0%
2026-07-02 12:18:21,583 - Drone1.SimulationBackend - DEBUG - Sim Battery: 10000.0%
2026-07-02 12:18:23,584 - Drone1.SimulationBackend - DEBUG - Sim Battery: 10000.0%
2026-07-02 12:18:25,584 - Drone1.SimulationBackend - DEBUG - Sim Battery: 10000.0%
2026-07-02 12:18:27,584 - Drone1.SimulationBackend - DEBUG - Sim Battery: 10000.0%
2026-07-02 12:18:29,584 - Drone1.SimulationBackend - DEBUG - Sim Battery: 10000.0%
2026-07-02 12:18:31,584 - Drone1.SimulationBackend - DEBUG - Sim Battery: 10000.0%
2026-07-02 12:18:33,584 - Drone1.SimulationBackend - DEBUG - Sim Battery: 10000.0%
2026-07-02 12:18:35,584 - Drone1.SimulationBackend - DEBUG - Sim Battery: 10000.0%
2026-07-02 12:18:37,583 - Drone1.SimulationBackend - DEBUG - Sim Battery: 10000.0%
2026-07-02 12:18:39,583 - Drone1.SimulationBackend - DEBUG - Sim Battery: 10000.0%
2026-07-02 12:18:41,583 - Drone1.SimulationBackend - DEBUG - Sim Battery: 10000.0%
2026-07-02 12:18:43,584 - Drone1.SimulationBackend - DEBUG - Sim Battery: 10000.0%
2026-07-02 12:18:45,584 - Drone1.SimulationBackend - DEBUG - Sim Battery: 10000.0%
2026-07-02 12:18:47,584 - Drone1.SimulationBackend - DEBUG - Sim Battery: 10000.0%
2026-07-02 12:18:49,583 - Drone1.SimulationBackend - DEBUG - Sim Battery: 10000.0%
2026-07-02 12:18:51,584 - Drone1.SimulationBackend - DEBUG - Sim Battery: 10000.0%
2026-07-02 12:18:53,584 - Drone1.SimulationBackend - DEBUG - Sim Battery: 10000.0%
2026-07-02 12:18:55,583 - Drone1.SimulationBackend - DEBUG - Sim Battery: 10000.0%
2026-07-02 12:18:57,584 - Drone1.SimulationBackend - DEBUG - Sim Battery: 10000.0%
2026-07-02 12:18:59,584 - Drone1.SimulationBackend - DEBUG - Sim Battery: 10000.0%
2026-07-02 12:19:01,584 - Drone1.SimulationBackend - DEBUG - Sim Battery: 10000.0%
2026-07-02 12:19:03,584 - Drone1.SimulationBackend - DEBUG - Sim Battery: 10000.0%
2026-07-02 12:19:05,583 - Drone1.SimulationBackend - DEBUG - Sim Battery: 10000.0%
2026-07-02 12:19:07,584 - Drone1.SimulationBackend - DEBUG - Sim Battery: 10000.0%
2026-07-02 12:19:09,584 - Drone1.SimulationBackend - DEBUG - Sim Battery: 10000.0%
2026-07-02 12:19:11,584 - Drone1.SimulationBackend - DEBUG - Sim Battery: 10000.0%
2026-07-02 12:22:28,517 - Drone1.Telemetry - ERROR - Armed telemetry error: <AioRpcError of RPC that terminated with:
	status = StatusCode.UNAVAILABLE
	details = "Stream removed (Socket closed)"
	debug_error_string = "UNAVAILABLE:Stream removed (Socket closed)"
>
2026-07-02 12:22:28,525 - Drone1.Telemetry - WARNING - MAVSDK Connection lost (<AioRpcError of RPC that terminated with:
	status = StatusCode.UNAVAILABLE
	details = "Stream removed (Socket closed)"
	debug_error_string = "UNAVAILABLE:Stream removed (Socket closed)"
>)! Initiating exponential backoff reconnect...
2026-07-02 12:22:28,526 - Drone1.Telemetry - INFO - Telemetry stopped
2026-07-02 12:22:28,526 - Drone1.Telemetry - ERROR - Battery telemetry error: <AioRpcError of RPC that terminated with:
	status = StatusCode.UNAVAILABLE
	details = "Stream removed (Socket closed)"
	debug_error_string = "UNAVAILABLE:Stream removed (Socket closed)"
>
2026-07-02 12:22:28,526 - Drone1.Telemetry - INFO - Reconnect attempt 1/5 after 1 seconds...
2026-07-02 12:22:28,526 - Drone1.Telemetry - ERROR - Health telemetry error: <AioRpcError of RPC that terminated with:
	status = StatusCode.UNAVAILABLE
	details = "Stream removed (Socket closed)"
	debug_error_string = "UNAVAILABLE:Stream removed (Socket closed)"
>
2026-07-02 12:22:28,527 - Drone1.Telemetry - ERROR - In-air telemetry error: <AioRpcError of RPC that terminated with:
	status = StatusCode.UNAVAILABLE
	details = "Stream removed (Socket closed)"
	debug_error_string = "UNAVAILABLE:Stream removed (Socket closed)"
>
2026-07-02 12:22:28,527 - Drone1.Telemetry - ERROR - Home telemetry error: <AioRpcError of RPC that terminated with:
	status = StatusCode.UNAVAILABLE
	details = "Stream removed (Socket closed)"
	debug_error_string = "UNAVAILABLE:Stream removed (Socket closed)"
>
2026-07-02 12:22:28,527 - Drone1.SimulationBackend - ERROR - Telemetry error: <AioRpcError of RPC that terminated with:
	status = StatusCode.UNAVAILABLE
	details = "Stream removed (Socket closed)"
	debug_error_string = "UNAVAILABLE:Stream removed (Socket closed)"
>
2026-07-02 12:22:28,540 - Drone1 - INFO - Received signal 15, initiating shutdown...
2026-07-02 12:22:28,540 - Drone1 - INFO - Shutting down DroneAgent...
2026-07-02 12:22:28,540 - Drone1.Heartbeat - INFO - Heartbeat stopped
2026-07-02 12:22:28,554 - Drone1.MovementController - INFO - Movement controller stopped
2026-07-02 12:22:28,569 - Drone1.Decision - INFO - Decision engine stopped
2026-07-02 12:22:28,570 - Drone1.Telemetry - INFO - Telemetry stopped
2026-07-02 12:22:28,570 - Drone1.Communication - INFO - Communication stopped
2026-07-02 12:22:28,570 - Drone1.SimulationBackend - INFO - Stopping SimulationBackend...
2026-07-02 12:22:28,570 - Drone1.SimulationBackend - INFO - Terminating embedded MAVSDK server subprocess...
2026-07-02 12:22:28,570 - Drone1 - INFO - DroneAgent shutdown complete
2026-07-02 12:23:15,961 - Drone1 - INFO - Logger initialized for drone 1
2026-07-02 12:23:15,962 - Drone1 - INFO - BackendFactory: Creating SimulationBackend
2026-07-02 12:23:15,962 - Drone1.SimulationBackend - INFO - Embedded MAVSDK server will be started.
2026-07-02 12:23:15,962 - Drone1.Communication - INFO - Communication initialized on 0.0.0.0:14560
2026-07-02 12:23:15,963 - Drone1.StateMachine - INFO - StateMachine initialized
2026-07-02 12:23:15,963 - Drone1 - INFO - DroneAgent initialized
2026-07-02 12:23:15,963 - Drone1 - INFO - Starting DroneAgent...
2026-07-02 12:23:15,963 - Drone1.SimulationBackend - INFO - Connecting SimulationBackend...
2026-07-02 12:23:15,963 - Drone1.SimulationBackend - INFO - Launching embedded MAVSDK server subprocess: /home/priyanshu/DroneAgent/venv/lib/python3.12/site-packages/mavsdk/bin/mavsdk_server
2026-07-02 12:23:16,964 - Drone1.SimulationBackend - INFO - Attempting System.connect() to embedded server
2026-07-02 12:23:16,972 - Drone1.SimulationBackend - INFO - Waiting connection
2026-07-02 12:23:16,973 - Drone1.SimulationBackend - INFO - Embedded server started successfully and is accepting connections.
2026-07-02 12:23:16,974 - Drone1.SimulationBackend - INFO - Connection established
2026-07-02 12:23:16,974 - Drone1.SimulationBackend - INFO - Health received
2026-07-02 12:23:17,630 - Drone1.SimulationBackend - INFO - GPS OK
2026-07-02 12:23:17,630 - Drone1.SimulationBackend - INFO - Global position OK
2026-07-02 12:23:17,630 - Drone1.SimulationBackend - INFO - Ready
2026-07-02 12:23:17,665 - Drone1.SimulationBackend - INFO - SimulationBackend successfully connected to MAVSDK.
2026-07-02 12:23:17,665 - Drone1.Telemetry - INFO - Telemetry background tasks scheduled
2026-07-02 12:23:17,668 - Drone1.Communication - INFO - Communication started
2026-07-02 12:23:17,668 - Drone1.Decision - INFO - Decision engine started
2026-07-02 12:23:17,668 - Drone1.MovementController - INFO - Movement controller started
2026-07-02 12:23:17,668 - Drone1.Heartbeat - INFO - Heartbeat started at 10.0 Hz
2026-07-02 12:23:17,668 - Drone1 - INFO - All subsystems started
2026-07-02 12:23:18,048 - Drone1 - INFO - Starting PySide6 GUI Loop
2026-07-02 12:23:19,630 - Drone1.SimulationBackend - DEBUG - Sim Battery: 10000.0%
2026-07-02 12:23:21,630 - Drone1.SimulationBackend - DEBUG - Sim Battery: 10000.0%
2026-07-02 12:23:23,630 - Drone1.SimulationBackend - DEBUG - Sim Battery: 10000.0%
2026-07-02 12:23:25,630 - Drone1.SimulationBackend - DEBUG - Sim Battery: 10000.0%
2026-07-02 12:23:27,629 - Drone1.SimulationBackend - DEBUG - Sim Battery: 10000.0%
2026-07-02 12:23:29,629 - Drone1.SimulationBackend - DEBUG - Sim Battery: 10000.0%
2026-07-02 12:23:31,630 - Drone1.SimulationBackend - DEBUG - Sim Battery: 10000.0%
2026-07-02 12:23:33,630 - Drone1.SimulationBackend - DEBUG - Sim Battery: 10000.0%
2026-07-02 12:23:35,630 - Drone1.SimulationBackend - DEBUG - Sim Battery: 10000.0%
2026-07-02 12:23:37,630 - Drone1.SimulationBackend - DEBUG - Sim Battery: 10000.0%
2026-07-02 12:23:39,630 - Drone1.SimulationBackend - DEBUG - Sim Battery: 10000.0%
2026-07-02 12:23:41,630 - Drone1.SimulationBackend - DEBUG - Sim Battery: 10000.0%
2026-07-02 12:23:43,630 - Drone1.SimulationBackend - DEBUG - Sim Battery: 10000.0%
2026-07-02 12:23:45,630 - Drone1.SimulationBackend - DEBUG - Sim Battery: 10000.0%
2026-07-02 12:23:47,630 - Drone1.SimulationBackend - DEBUG - Sim Battery: 10000.0%
2026-07-02 12:23:49,630 - Drone1.SimulationBackend - DEBUG - Sim Battery: 10000.0%
2026-07-02 12:23:51,630 - Drone1.SimulationBackend - DEBUG - Sim Battery: 10000.0%
2026-07-02 12:23:53,630 - Drone1.SimulationBackend - DEBUG - Sim Battery: 10000.0%
2026-07-02 12:23:55,630 - Drone1.SimulationBackend - DEBUG - Sim Battery: 10000.0%
2026-07-02 12:23:57,630 - Drone1.SimulationBackend - DEBUG - Sim Battery: 10000.0%
2026-07-02 12:23:59,629 - Drone1.SimulationBackend - DEBUG - Sim Battery: 10000.0%
2026-07-02 12:24:01,630 - Drone1.SimulationBackend - DEBUG - Sim Battery: 10000.0%
2026-07-02 12:24:03,630 - Drone1.SimulationBackend - DEBUG - Sim Battery: 10000.0%
2026-07-02 12:24:05,630 - Drone1.SimulationBackend - DEBUG - Sim Battery: 10000.0%
2026-07-02 12:24:07,630 - Drone1.SimulationBackend - DEBUG - Sim Battery: 10000.0%
2026-07-02 12:24:09,630 - Drone1.SimulationBackend - DEBUG - Sim Battery: 10000.0%
2026-07-02 12:24:11,629 - Drone1.SimulationBackend - DEBUG - Sim Battery: 10000.0%
2026-07-02 12:24:12,486 - Drone1.StateMachine - DEBUG - No transition defined for BOOT --[arm_command]--> ?
2026-07-02 12:24:13,502 - Drone1.StateMachine - DEBUG - No transition defined for BOOT --[arm_command]--> ?
2026-07-02 12:24:13,630 - Drone1.SimulationBackend - DEBUG - Sim Battery: 10000.0%
2026-07-02 12:24:13,704 - Drone1.StateMachine - DEBUG - No transition defined for BOOT --[arm_command]--> ?
2026-07-02 12:24:13,867 - Drone1.StateMachine - DEBUG - No transition defined for BOOT --[arm_command]--> ?
2026-07-02 12:24:14,047 - Drone1.StateMachine - DEBUG - No transition defined for BOOT --[arm_command]--> ?
2026-07-02 12:24:15,097 - Drone1.SimulationBackend - INFO - Disarming simulation drone...
2026-07-02 12:24:15,629 - Drone1.SimulationBackend - DEBUG - Sim Battery: 10000.0%
2026-07-02 12:24:16,114 - Drone1.StateMachine - DEBUG - No transition defined for BOOT --[arm_command]--> ?
2026-07-02 12:24:17,630 - Drone1.SimulationBackend - DEBUG - Sim Battery: 10000.0%
2026-07-02 12:24:19,630 - Drone1.SimulationBackend - DEBUG - Sim Battery: 10000.0%
2026-07-02 12:24:21,630 - Drone1.SimulationBackend - DEBUG - Sim Battery: 10000.0%
2026-07-02 12:24:23,629 - Drone1.SimulationBackend - DEBUG - Sim Battery: 10000.0%
2026-07-02 12:24:25,630 - Drone1.SimulationBackend - DEBUG - Sim Battery: 10000.0%
2026-07-02 12:24:27,630 - Drone1.SimulationBackend - DEBUG - Sim Battery: 10000.0%
2026-07-02 12:24:29,630 - Drone1.SimulationBackend - DEBUG - Sim Battery: 10000.0%
2026-07-02 12:24:31,630 - Drone1.SimulationBackend - DEBUG - Sim Battery: 10000.0%
2026-07-02 12:24:33,630 - Drone1.SimulationBackend - DEBUG - Sim Battery: 10000.0%
2026-07-02 12:24:35,630 - Drone1.SimulationBackend - DEBUG - Sim Battery: 10000.0%
2026-07-02 12:24:37,630 - Drone1.SimulationBackend - DEBUG - Sim Battery: 10000.0%
2026-07-02 12:24:39,630 - Drone1.SimulationBackend - DEBUG - Sim Battery: 10000.0%
2026-07-02 12:24:41,630 - Drone1.SimulationBackend - DEBUG - Sim Battery: 10000.0%
2026-07-02 12:24:43,630 - Drone1.SimulationBackend - DEBUG - Sim Battery: 10000.0%
2026-07-02 12:24:45,630 - Drone1.SimulationBackend - DEBUG - Sim Battery: 10000.0%
2026-07-02 12:24:47,630 - Drone1.SimulationBackend - DEBUG - Sim Battery: 10000.0%
2026-07-02 12:24:49,630 - Drone1.SimulationBackend - DEBUG - Sim Battery: 10000.0%
2026-07-02 12:24:51,630 - Drone1.SimulationBackend - DEBUG - Sim Battery: 10000.0%
2026-07-02 12:24:53,630 - Drone1.SimulationBackend - DEBUG - Sim Battery: 10000.0%
2026-07-02 12:24:55,630 - Drone1.SimulationBackend - DEBUG - Sim Battery: 10000.0%
2026-07-02 12:24:57,630 - Drone1.SimulationBackend - DEBUG - Sim Battery: 10000.0%
2026-07-02 12:24:59,630 - Drone1.SimulationBackend - DEBUG - Sim Battery: 10000.0%
2026-07-02 12:25:01,629 - Drone1.SimulationBackend - DEBUG - Sim Battery: 10000.0%
2026-07-02 12:25:03,630 - Drone1.SimulationBackend - DEBUG - Sim Battery: 10000.0%
2026-07-02 12:25:05,630 - Drone1.SimulationBackend - DEBUG - Sim Battery: 10000.0%
2026-07-02 12:25:07,630 - Drone1.SimulationBackend - DEBUG - Sim Battery: 10000.0%
2026-07-02 12:25:09,632 - Drone1.SimulationBackend - DEBUG - Sim Battery: 10000.0%
2026-07-02 12:25:11,630 - Drone1.SimulationBackend - DEBUG - Sim Battery: 10000.0%
2026-07-02 12:25:13,630 - Drone1.SimulationBackend - DEBUG - Sim Battery: 10000.0%
2026-07-02 12:25:15,629 - Drone1.SimulationBackend - DEBUG - Sim Battery: 10000.0%
2026-07-02 12:25:17,629 - Drone1.SimulationBackend - DEBUG - Sim Battery: 10000.0%
2026-07-02 12:25:19,629 - Drone1.SimulationBackend - DEBUG - Sim Battery: 10000.0%
2026-07-02 12:25:21,629 - Drone1.SimulationBackend - DEBUG - Sim Battery: 10000.0%
2026-07-02 12:25:23,629 - Drone1.SimulationBackend - DEBUG - Sim Battery: 10000.0%
2026-07-02 12:25:25,629 - Drone1.SimulationBackend - DEBUG - Sim Battery: 10000.0%
2026-07-02 12:25:27,629 - Drone1.SimulationBackend - DEBUG - Sim Battery: 10000.0%
2026-07-02 12:25:29,629 - Drone1.SimulationBackend - DEBUG - Sim Battery: 10000.0%
2026-07-02 12:25:31,630 - Drone1.SimulationBackend - DEBUG - Sim Battery: 10000.0%
2026-07-02 12:25:33,630 - Drone1.SimulationBackend - DEBUG - Sim Battery: 10000.0%
2026-07-02 12:25:35,630 - Drone1.SimulationBackend - DEBUG - Sim Battery: 10000.0%
2026-07-02 12:25:37,630 - Drone1.SimulationBackend - DEBUG - Sim Battery: 10000.0%
2026-07-02 12:25:39,630 - Drone1.SimulationBackend - DEBUG - Sim Battery: 10000.0%
2026-07-02 12:25:41,630 - Drone1.SimulationBackend - DEBUG - Sim Battery: 10000.0%
2026-07-02 12:25:43,630 - Drone1.SimulationBackend - DEBUG - Sim Battery: 10000.0%
2026-07-02 12:25:45,629 - Drone1.SimulationBackend - DEBUG - Sim Battery: 10000.0%
2026-07-02 12:25:47,629 - Drone1.SimulationBackend - DEBUG - Sim Battery: 10000.0%
2026-07-02 12:25:49,630 - Drone1.SimulationBackend - DEBUG - Sim Battery: 10000.0%
2026-07-02 12:25:51,631 - Drone1.SimulationBackend - DEBUG - Sim Battery: 10000.0%
2026-07-02 12:25:53,630 - Drone1.SimulationBackend - DEBUG - Sim Battery: 10000.0%
2026-07-02 12:25:55,630 - Drone1.SimulationBackend - DEBUG - Sim Battery: 10000.0%
2026-07-02 12:25:57,629 - Drone1.SimulationBackend - DEBUG - Sim Battery: 10000.0%
2026-07-02 12:25:59,629 - Drone1.SimulationBackend - DEBUG - Sim Battery: 10000.0%
2026-07-02 12:26:01,630 - Drone1.SimulationBackend - DEBUG - Sim Battery: 10000.0%
2026-07-02 12:26:03,629 - Drone1.SimulationBackend - DEBUG - Sim Battery: 10000.0%
2026-07-02 12:26:05,630 - Drone1.SimulationBackend - DEBUG - Sim Battery: 10000.0%
2026-07-02 12:26:07,630 - Drone1.SimulationBackend - DEBUG - Sim Battery: 10000.0%
2026-07-02 12:26:09,629 - Drone1.SimulationBackend - DEBUG - Sim Battery: 10000.0%
2026-07-02 12:26:11,630 - Drone1.SimulationBackend - DEBUG - Sim Battery: 10000.0%
2026-07-02 12:26:13,630 - Drone1.SimulationBackend - DEBUG - Sim Battery: 10000.0%
2026-07-02 12:26:15,630 - Drone1.SimulationBackend - DEBUG - Sim Battery: 10000.0%
2026-07-02 12:26:17,630 - Drone1.SimulationBackend - DEBUG - Sim Battery: 10000.0%
2026-07-02 12:26:19,630 - Drone1.SimulationBackend - DEBUG - Sim Battery: 10000.0%
2026-07-02 12:26:21,629 - Drone1.SimulationBackend - DEBUG - Sim Battery: 10000.0%
2026-07-02 12:26:23,629 - Drone1.SimulationBackend - DEBUG - Sim Battery: 10000.0%
2026-07-02 12:26:25,629 - Drone1.SimulationBackend - DEBUG - Sim Battery: 10000.0%
2026-07-02 12:26:27,629 - Drone1.SimulationBackend - DEBUG - Sim Battery: 10000.0%
2026-07-02 12:26:29,629 - Drone1.SimulationBackend - DEBUG - Sim Battery: 10000.0%
2026-07-02 12:26:31,630 - Drone1.SimulationBackend - DEBUG - Sim Battery: 10000.0%
2026-07-02 12:26:33,629 - Drone1.SimulationBackend - DEBUG - Sim Battery: 10000.0%
2026-07-02 12:26:35,630 - Drone1.SimulationBackend - DEBUG - Sim Battery: 10000.0%
2026-07-02 12:26:37,630 - Drone1.SimulationBackend - DEBUG - Sim Battery: 10000.0%
2026-07-02 12:26:39,629 - Drone1.SimulationBackend - DEBUG - Sim Battery: 10000.0%
2026-07-02 12:26:41,630 - Drone1.SimulationBackend - DEBUG - Sim Battery: 10000.0%
2026-07-02 12:26:43,630 - Drone1.SimulationBackend - DEBUG - Sim Battery: 10000.0%
2026-07-02 12:26:45,630 - Drone1.SimulationBackend - DEBUG - Sim Battery: 10000.0%
2026-07-02 12:26:47,630 - Drone1.SimulationBackend - DEBUG - Sim Battery: 10000.0%
2026-07-02 12:26:49,630 - Drone1.SimulationBackend - DEBUG - Sim Battery: 10000.0%
2026-07-02 12:26:51,630 - Drone1.SimulationBackend - DEBUG - Sim Battery: 10000.0%
2026-07-02 12:26:53,630 - Drone1.SimulationBackend - DEBUG - Sim Battery: 10000.0%
2026-07-02 12:26:55,630 - Drone1.SimulationBackend - DEBUG - Sim Battery: 10000.0%
2026-07-02 12:26:57,630 - Drone1.SimulationBackend - DEBUG - Sim Battery: 10000.0%
2026-07-02 12:26:59,630 - Drone1.SimulationBackend - DEBUG - Sim Battery: 10000.0%
2026-07-02 12:27:00,718 - Drone1.SimulationBackend - INFO - Stopping SimulationBackend...
2026-07-02 12:27:00,718 - Drone1.SimulationBackend - INFO - Terminating embedded MAVSDK server subprocess...
2026-07-02 12:27:05,584 - Drone1.SimulationBackend - INFO - Connecting SimulationBackend...
2026-07-02 12:27:05,585 - Drone1.SimulationBackend - INFO - SimulationBackend successfully connected to MAVSDK.
2026-07-02 12:27:05,586 - Drone1.SimulationBackend - INFO - Launching embedded MAVSDK server subprocess: /home/priyanshu/DroneAgent/venv/lib/python3.12/site-packages/mavsdk/bin/mavsdk_server
2026-07-02 12:27:05,588 - Drone1.Telemetry - ERROR - Battery telemetry error: <AioRpcError of RPC that terminated with:
	status = StatusCode.UNAVAILABLE
	details = "Stream removed (Socket closed)"
	debug_error_string = "UNAVAILABLE:Stream removed (Socket closed)"
>
2026-07-02 12:27:05,588 - Drone1.Telemetry - WARNING - MAVSDK Connection lost (<AioRpcError of RPC that terminated with:
	status = StatusCode.UNAVAILABLE
	details = "Stream removed (Socket closed)"
	debug_error_string = "UNAVAILABLE:Stream removed (Socket closed)"
>)! Initiating exponential backoff reconnect...
2026-07-02 12:27:05,588 - Drone1.Telemetry - INFO - Telemetry stopped
2026-07-02 12:27:05,588 - Drone1.Telemetry - ERROR - In-air telemetry error: <AioRpcError of RPC that terminated with:
	status = StatusCode.UNAVAILABLE
	details = "Stream removed (Socket closed)"
	debug_error_string = "UNAVAILABLE:Stream removed (Socket closed)"
>
2026-07-02 12:27:05,589 - Drone1.Telemetry - INFO - Reconnect attempt 1/5 after 1 seconds...
2026-07-02 12:27:05,589 - Drone1.Telemetry - ERROR - Home telemetry error: <AioRpcError of RPC that terminated with:
	status = StatusCode.UNAVAILABLE
	details = "Stream removed (Socket closed)"
	debug_error_string = "UNAVAILABLE:Stream removed (Socket closed)"
>
2026-07-02 12:27:05,590 - Drone1.Telemetry - ERROR - Armed telemetry error: <AioRpcError of RPC that terminated with:
	status = StatusCode.UNAVAILABLE
	details = "Stream removed (Socket closed)"
	debug_error_string = "UNAVAILABLE:Stream removed (Socket closed)"
>
2026-07-02 12:27:05,590 - Drone1.Telemetry - ERROR - Position velocity NED telemetry error: <AioRpcError of RPC that terminated with:
	status = StatusCode.UNAVAILABLE
	details = "Stream removed (Socket closed)"
	debug_error_string = "UNAVAILABLE:Stream removed (Socket closed)"
>
2026-07-02 12:27:05,590 - Drone1.Telemetry - ERROR - GPS telemetry error: <AioRpcError of RPC that terminated with:
	status = StatusCode.UNAVAILABLE
	details = "Stream removed (Socket closed)"
	debug_error_string = "UNAVAILABLE:Stream removed (Socket closed)"
>
2026-07-02 12:27:05,590 - Drone1.Telemetry - ERROR - Attitude telemetry error: <AioRpcError of RPC that terminated with:
	status = StatusCode.UNAVAILABLE
	details = "Stream removed (Socket closed)"
	debug_error_string = "UNAVAILABLE:Stream removed (Socket closed)"
>
2026-07-02 12:27:05,591 - Drone1.Telemetry - ERROR - Health telemetry error: <AioRpcError of RPC that terminated with:
	status = StatusCode.UNAVAILABLE
	details = "Stream removed (Socket closed)"
	debug_error_string = "UNAVAILABLE:Stream removed (Socket closed)"
>
2026-07-02 12:27:06,587 - Drone1.SimulationBackend - INFO - Attempting System.connect() to embedded server
2026-07-02 12:27:06,590 - Drone1.SimulationBackend - WARNING - Reconnecting SimulationBackend...
2026-07-02 12:27:06,590 - Drone1.SimulationBackend - INFO - Stopping SimulationBackend...
2026-07-02 12:27:06,591 - Drone1.SimulationBackend - INFO - Waiting connection
2026-07-02 12:27:06,592 - Drone1.SimulationBackend - INFO - Embedded server started successfully and is accepting connections.
2026-07-02 12:27:06,592 - Drone1.SimulationBackend - INFO - Connection established
2026-07-02 12:27:06,592 - Drone1.SimulationBackend - INFO - Health received
2026-07-02 12:27:07,629 - Drone1.SimulationBackend - INFO - GPS OK
2026-07-02 12:27:07,629 - Drone1.SimulationBackend - INFO - Global position OK
2026-07-02 12:27:07,629 - Drone1.SimulationBackend - INFO - Ready
2026-07-02 12:27:07,630 - Drone1.SimulationBackend - INFO - Terminating embedded MAVSDK server subprocess...
2026-07-02 12:27:07,636 - Drone1.SimulationBackend - INFO - Embedded MAVSDK server will be started.
2026-07-02 12:27:07,636 - Drone1.SimulationBackend - INFO - Connecting SimulationBackend...
2026-07-02 12:27:07,636 - Drone1.SimulationBackend - INFO - Launching embedded MAVSDK server subprocess: /home/priyanshu/DroneAgent/venv/lib/python3.12/site-packages/mavsdk/bin/mavsdk_server
2026-07-02 12:27:08,637 - Drone1.SimulationBackend - INFO - Attempting System.connect() to embedded server
2026-07-02 12:27:08,640 - Drone1.SimulationBackend - INFO - Waiting connection
2026-07-02 12:27:08,640 - Drone1.SimulationBackend - INFO - Embedded server started successfully and is accepting connections.
2026-07-02 12:27:08,640 - Drone1.SimulationBackend - INFO - Connection established
2026-07-02 12:27:08,641 - Drone1.SimulationBackend - INFO - Health received
2026-07-02 12:27:09,630 - Drone1.SimulationBackend - INFO - GPS OK
2026-07-02 12:27:09,631 - Drone1.SimulationBackend - INFO - Global position OK
2026-07-02 12:27:09,631 - Drone1.SimulationBackend - INFO - Ready
2026-07-02 12:27:09,638 - Drone1.SimulationBackend - INFO - SimulationBackend successfully connected to MAVSDK.
2026-07-02 12:27:09,638 - Drone1.Telemetry - INFO - Reconnect successful! Restarting telemetry...
2026-07-02 12:27:09,648 - Drone1.Telemetry - INFO - Telemetry background tasks scheduled
2026-07-02 12:27:11,630 - Drone1.SimulationBackend - DEBUG - Sim Battery: 10000.0%
2026-07-02 12:27:13,630 - Drone1.SimulationBackend - DEBUG - Sim Battery: 10000.0%
2026-07-02 12:27:15,629 - Drone1.SimulationBackend - DEBUG - Sim Battery: 10000.0%
2026-07-02 12:27:17,630 - Drone1.SimulationBackend - DEBUG - Sim Battery: 10000.0%
2026-07-02 12:27:19,630 - Drone1.SimulationBackend - DEBUG - Sim Battery: 10000.0%
2026-07-02 12:27:21,630 - Drone1.SimulationBackend - DEBUG - Sim Battery: 10000.0%
2026-07-02 12:27:23,630 - Drone1.SimulationBackend - DEBUG - Sim Battery: 10000.0%
2026-07-02 12:27:25,630 - Drone1.SimulationBackend - DEBUG - Sim Battery: 10000.0%
2026-07-02 12:27:27,630 - Drone1.SimulationBackend - DEBUG - Sim Battery: 10000.0%
2026-07-02 12:27:29,630 - Drone1.SimulationBackend - DEBUG - Sim Battery: 10000.0%
2026-07-02 12:27:31,630 - Drone1.SimulationBackend - DEBUG - Sim Battery: 10000.0%
2026-07-02 12:27:33,630 - Drone1.SimulationBackend - DEBUG - Sim Battery: 10000.0%
2026-07-02 12:27:35,629 - Drone1.SimulationBackend - DEBUG - Sim Battery: 10000.0%
2026-07-02 12:27:37,630 - Drone1.SimulationBackend - DEBUG - Sim Battery: 10000.0%
2026-07-02 12:27:39,630 - Drone1.SimulationBackend - DEBUG - Sim Battery: 10000.0%
2026-07-02 12:27:41,630 - Drone1.SimulationBackend - DEBUG - Sim Battery: 10000.0%
2026-07-02 12:27:43,630 - Drone1.SimulationBackend - DEBUG - Sim Battery: 10000.0%
2026-07-02 12:27:45,630 - Drone1.SimulationBackend - DEBUG - Sim Battery: 10000.0%
2026-07-02 12:27:47,630 - Drone1.SimulationBackend - DEBUG - Sim Battery: 10000.0%
2026-07-02 12:27:48,863 - Drone1 - INFO - Shutting down DroneAgent...
2026-07-02 12:27:48,863 - Drone1.Heartbeat - INFO - Heartbeat stopped
2026-07-02 12:27:48,874 - Drone1.MovementController - INFO - Movement controller stopped
2026-07-02 12:27:48,889 - Drone1.Decision - INFO - Decision engine stopped
2026-07-02 12:27:48,890 - Drone1.Telemetry - INFO - Telemetry stopped
2026-07-02 12:27:48,891 - Drone1.Communication - INFO - Communication stopped
2026-07-02 12:27:48,892 - Drone1.SimulationBackend - INFO - Stopping SimulationBackend...
2026-07-02 12:27:48,892 - Drone1.SimulationBackend - INFO - Terminating embedded MAVSDK server subprocess...
2026-07-02 12:27:48,895 - Drone1 - INFO - DroneAgent shutdown complete
2026-07-02 12:29:31,601 - Drone1 - INFO - Logger initialized for drone 1
2026-07-02 12:29:31,601 - Drone1 - INFO - BackendFactory: Creating SimulationBackend
2026-07-02 12:29:31,602 - Drone1.SimulationBackend - INFO - Embedded MAVSDK server will be started.
2026-07-02 12:29:31,603 - Drone1.Communication - INFO - Communication initialized on 0.0.0.0:14560
2026-07-02 12:29:31,603 - Drone1.StateMachine - INFO - StateMachine initialized
2026-07-02 12:29:31,604 - Drone1 - INFO - DroneAgent initialized
2026-07-02 12:29:31,604 - Drone1 - INFO - Starting DroneAgent...
2026-07-02 12:29:31,604 - Drone1.SimulationBackend - INFO - Connecting SimulationBackend...
2026-07-02 12:29:31,604 - Drone1.SimulationBackend - INFO - Launching embedded MAVSDK server subprocess: /home/priyanshu/DroneAgent/venv/lib/python3.12/site-packages/mavsdk/bin/mavsdk_server
2026-07-02 12:29:32,606 - Drone1.SimulationBackend - INFO - Attempting System.connect() to embedded server
2026-07-02 12:29:32,614 - Drone1.SimulationBackend - INFO - Waiting connection
2026-07-02 12:29:32,616 - Drone1.SimulationBackend - INFO - Embedded server started successfully and is accepting connections.
2026-07-02 12:29:32,616 - Drone1.SimulationBackend - INFO - Connection established
2026-07-02 12:29:32,616 - Drone1.SimulationBackend - INFO - Health received
2026-07-02 12:29:32,988 - Drone1.SimulationBackend - INFO - GPS OK
2026-07-02 12:29:32,989 - Drone1.SimulationBackend - INFO - Global position OK
2026-07-02 12:29:32,989 - Drone1.SimulationBackend - INFO - Ready
2026-07-02 12:29:33,006 - Drone1.SimulationBackend - INFO - SimulationBackend successfully connected to MAVSDK.
2026-07-02 12:29:33,006 - Drone1.Telemetry - INFO - Telemetry background tasks scheduled
2026-07-02 12:29:33,009 - Drone1.Communication - INFO - Communication started
2026-07-02 12:29:33,010 - Drone1.Decision - INFO - Decision engine started
2026-07-02 12:29:33,010 - Drone1.MovementController - INFO - Movement controller started
2026-07-02 12:29:33,010 - Drone1.Heartbeat - INFO - Heartbeat started at 10.0 Hz
2026-07-02 12:29:33,010 - Drone1 - INFO - All subsystems started
2026-07-02 12:29:33,264 - Drone1.SimulationBackend - DEBUG - Sim Battery: 10000.0%
2026-07-02 12:29:33,387 - Drone1 - INFO - Starting PySide6 GUI Loop
2026-07-02 12:29:35,988 - Drone1.SimulationBackend - DEBUG - Sim Battery: 10000.0%
2026-07-02 12:29:37,988 - Drone1.SimulationBackend - DEBUG - Sim Battery: 10000.0%
2026-07-02 12:29:39,989 - Drone1.SimulationBackend - DEBUG - Sim Battery: 10000.0%
2026-07-02 12:29:41,988 - Drone1.SimulationBackend - DEBUG - Sim Battery: 10000.0%
2026-07-02 12:29:43,988 - Drone1.SimulationBackend - DEBUG - Sim Battery: 10000.0%
2026-07-02 12:29:45,988 - Drone1.SimulationBackend - DEBUG - Sim Battery: 10000.0%
2026-07-02 12:29:47,988 - Drone1.SimulationBackend - DEBUG - Sim Battery: 10000.0%
2026-07-02 12:29:49,988 - Drone1.SimulationBackend - DEBUG - Sim Battery: 10000.0%
2026-07-02 12:29:51,988 - Drone1.SimulationBackend - DEBUG - Sim Battery: 10000.0%
2026-07-02 12:29:53,988 - Drone1.SimulationBackend - DEBUG - Sim Battery: 10000.0%
2026-07-02 12:29:55,993 - Drone1.SimulationBackend - DEBUG - Sim Battery: 10000.0%
2026-07-02 12:29:57,992 - Drone1.SimulationBackend - DEBUG - Sim Battery: 10000.0%
2026-07-02 12:29:59,992 - Drone1.SimulationBackend - DEBUG - Sim Battery: 10000.0%
2026-07-02 12:30:01,992 - Drone1.SimulationBackend - DEBUG - Sim Battery: 10000.0%
2026-07-02 12:30:03,992 - Drone1.SimulationBackend - DEBUG - Sim Battery: 10000.0%
2026-07-02 12:30:05,992 - Drone1.SimulationBackend - DEBUG - Sim Battery: 10000.0%
2026-07-02 12:30:07,992 - Drone1.SimulationBackend - DEBUG - Sim Battery: 10000.0%
2026-07-02 12:30:09,992 - Drone1.SimulationBackend - DEBUG - Sim Battery: 10000.0%
2026-07-02 12:30:11,993 - Drone1.SimulationBackend - DEBUG - Sim Battery: 10000.0%
2026-07-02 12:30:13,992 - Drone1.SimulationBackend - DEBUG - Sim Battery: 10000.0%
2026-07-02 12:30:15,993 - Drone1.SimulationBackend - DEBUG - Sim Battery: 10000.0%
2026-07-02 12:30:17,992 - Drone1.SimulationBackend - DEBUG - Sim Battery: 10000.0%
2026-07-02 12:30:19,993 - Drone1.SimulationBackend - DEBUG - Sim Battery: 10000.0%
2026-07-02 12:30:21,992 - Drone1.SimulationBackend - DEBUG - Sim Battery: 10000.0%
2026-07-02 12:30:23,993 - Drone1.SimulationBackend - DEBUG - Sim Battery: 10000.0%
2026-07-02 12:30:25,992 - Drone1.SimulationBackend - DEBUG - Sim Battery: 10000.0%
2026-07-02 12:30:27,992 - Drone1.SimulationBackend - DEBUG - Sim Battery: 10000.0%
2026-07-02 12:30:28,800 - Drone1.StateMachine - DEBUG - No transition defined for BOOT --[arm_command]--> ?
2026-07-02 12:30:29,859 - Drone1.StateMachine - DEBUG - No transition defined for BOOT --[arm_command]--> ?
2026-07-02 12:30:29,993 - Drone1.SimulationBackend - DEBUG - Sim Battery: 10000.0%
2026-07-02 12:30:30,036 - Drone1.StateMachine - DEBUG - No transition defined for BOOT --[arm_command]--> ?
2026-07-02 12:30:30,209 - Drone1.StateMachine - DEBUG - No transition defined for BOOT --[arm_command]--> ?
2026-07-02 12:30:30,389 - Drone1.StateMachine - DEBUG - No transition defined for BOOT --[arm_command]--> ?
2026-07-02 12:30:31,517 - Drone1.StateMachine - DEBUG - No transition defined for BOOT --[arm_command]--> ?
2026-07-02 12:30:31,708 - Drone1.StateMachine - DEBUG - No transition defined for BOOT --[arm_command]--> ?
2026-07-02 12:30:31,881 - Drone1.StateMachine - DEBUG - No transition defined for BOOT --[arm_command]--> ?
2026-07-02 12:30:31,992 - Drone1.SimulationBackend - DEBUG - Sim Battery: 10000.0%
2026-07-02 12:30:32,067 - Drone1.StateMachine - DEBUG - No transition defined for BOOT --[arm_command]--> ?
2026-07-02 12:30:32,236 - Drone1.StateMachine - DEBUG - No transition defined for BOOT --[arm_command]--> ?
2026-07-02 12:30:32,413 - Drone1.StateMachine - DEBUG - No transition defined for BOOT --[arm_command]--> ?
2026-07-02 12:30:32,597 - Drone1.StateMachine - DEBUG - No transition defined for BOOT --[arm_command]--> ?
2026-07-02 12:30:32,777 - Drone1.StateMachine - DEBUG - No transition defined for BOOT --[arm_command]--> ?
2026-07-02 12:30:33,826 - Drone1.StateMachine - DEBUG - No transition defined for BOOT --[arm_command]--> ?
2026-07-02 12:30:33,992 - Drone1.SimulationBackend - DEBUG - Sim Battery: 10000.0%
2026-07-02 12:30:34,000 - Drone1.StateMachine - DEBUG - No transition defined for BOOT --[arm_command]--> ?
2026-07-02 12:30:34,197 - Drone1.StateMachine - DEBUG - No transition defined for BOOT --[arm_command]--> ?
2026-07-02 12:30:34,377 - Drone1.StateMachine - DEBUG - No transition defined for BOOT --[arm_command]--> ?
2026-07-02 12:30:35,993 - Drone1.SimulationBackend - DEBUG - Sim Battery: 10000.0%
2026-07-02 12:30:37,993 - Drone1.SimulationBackend - DEBUG - Sim Battery: 10000.0%
2026-07-02 12:30:39,993 - Drone1.SimulationBackend - DEBUG - Sim Battery: 10000.0%
2026-07-02 12:30:41,992 - Drone1.SimulationBackend - DEBUG - Sim Battery: 10000.0%
2026-07-02 12:30:43,992 - Drone1.SimulationBackend - DEBUG - Sim Battery: 10000.0%
2026-07-02 12:30:45,992 - Drone1.SimulationBackend - DEBUG - Sim Battery: 10000.0%
2026-07-02 12:30:47,993 - Drone1.SimulationBackend - DEBUG - Sim Battery: 10000.0%
2026-07-02 12:30:49,993 - Drone1.SimulationBackend - DEBUG - Sim Battery: 10000.0%
2026-07-02 12:30:51,992 - Drone1.SimulationBackend - DEBUG - Sim Battery: 10000.0%
2026-07-02 12:30:53,992 - Drone1.SimulationBackend - DEBUG - Sim Battery: 10000.0%
2026-07-02 12:30:55,993 - Drone1.SimulationBackend - DEBUG - Sim Battery: 10000.0%
2026-07-02 12:30:57,993 - Drone1.SimulationBackend - DEBUG - Sim Battery: 10000.0%
2026-07-02 12:30:59,993 - Drone1.SimulationBackend - DEBUG - Sim Battery: 10000.0%
2026-07-02 12:31:01,993 - Drone1.SimulationBackend - DEBUG - Sim Battery: 10000.0%
2026-07-02 12:31:03,993 - Drone1.SimulationBackend - DEBUG - Sim Battery: 10000.0%
2026-07-02 12:31:05,992 - Drone1.SimulationBackend - DEBUG - Sim Battery: 10000.0%
2026-07-02 12:31:07,992 - Drone1.SimulationBackend - DEBUG - Sim Battery: 10000.0%
2026-07-02 12:31:09,993 - Drone1.SimulationBackend - DEBUG - Sim Battery: 10000.0%
2026-07-02 12:31:11,992 - Drone1.SimulationBackend - DEBUG - Sim Battery: 10000.0%
2026-07-02 12:31:13,993 - Drone1.SimulationBackend - DEBUG - Sim Battery: 10000.0%
2026-07-02 12:31:15,993 - Drone1.SimulationBackend - DEBUG - Sim Battery: 10000.0%
2026-07-02 12:31:17,993 - Drone1.SimulationBackend - DEBUG - Sim Battery: 10000.0%
2026-07-02 12:31:19,993 - Drone1.SimulationBackend - DEBUG - Sim Battery: 10000.0%
2026-07-02 12:31:21,993 - Drone1.SimulationBackend - DEBUG - Sim Battery: 10000.0%
2026-07-02 12:31:23,993 - Drone1.SimulationBackend - DEBUG - Sim Battery: 10000.0%
2026-07-02 12:31:25,993 - Drone1.SimulationBackend - DEBUG - Sim Battery: 10000.0%
2026-07-02 12:31:27,086 - Drone1.StateMachine - DEBUG - No transition defined for BOOT --[arm_command]--> ?
2026-07-02 12:31:27,275 - Drone1.StateMachine - DEBUG - No transition defined for BOOT --[arm_command]--> ?
2026-07-02 12:31:27,466 - Drone1.StateMachine - DEBUG - No transition defined for BOOT --[arm_command]--> ?
2026-07-02 12:31:27,647 - Drone1.StateMachine - DEBUG - No transition defined for BOOT --[arm_command]--> ?
2026-07-02 12:31:27,819 - Drone1.StateMachine - DEBUG - No transition defined for BOOT --[arm_command]--> ?
2026-07-02 12:31:27,993 - Drone1.SimulationBackend - DEBUG - Sim Battery: 10000.0%
2026-07-02 12:31:28,012 - Drone1.StateMachine - DEBUG - No transition defined for BOOT --[arm_command]--> ?
2026-07-02 12:31:28,183 - Drone1.StateMachine - DEBUG - No transition defined for BOOT --[arm_command]--> ?
2026-07-02 12:31:28,379 - Drone1.StateMachine - DEBUG - No transition defined for BOOT --[arm_command]--> ?
2026-07-02 12:31:28,546 - Drone1.StateMachine - DEBUG - No transition defined for BOOT --[arm_command]--> ?
2026-07-02 12:31:28,747 - Drone1.StateMachine - DEBUG - No transition defined for BOOT --[arm_command]--> ?
2026-07-02 12:31:28,944 - Drone1.StateMachine - DEBUG - No transition defined for BOOT --[arm_command]--> ?
2026-07-02 12:31:29,185 - Drone1.StateMachine - DEBUG - No transition defined for BOOT --[arm_command]--> ?
2026-07-02 12:31:29,433 - Drone1.StateMachine - DEBUG - No transition defined for BOOT --[arm_command]--> ?
2026-07-02 12:31:29,993 - Drone1.SimulationBackend - DEBUG - Sim Battery: 10000.0%
2026-07-02 12:31:30,346 - Drone1.SimulationBackend - INFO - Disarming simulation drone...
2026-07-02 12:31:30,532 - Drone1.SimulationBackend - INFO - Disarming simulation drone...
2026-07-02 12:31:30,722 - Drone1.SimulationBackend - INFO - Disarming simulation drone...
2026-07-02 12:31:30,898 - Drone1.SimulationBackend - INFO - Disarming simulation drone...
2026-07-02 12:31:31,078 - Drone1.SimulationBackend - INFO - Disarming simulation drone...
2026-07-02 12:31:31,993 - Drone1.SimulationBackend - DEBUG - Sim Battery: 10000.0%
2026-07-02 12:31:33,200 - Drone1.StateMachine - DEBUG - No transition defined for BOOT --[arm_command]--> ?
2026-07-02 12:31:33,380 - Drone1.StateMachine - DEBUG - No transition defined for BOOT --[arm_command]--> ?
2026-07-02 12:31:33,568 - Drone1.StateMachine - DEBUG - No transition defined for BOOT --[arm_command]--> ?
2026-07-02 12:31:33,758 - Drone1.StateMachine - DEBUG - No transition defined for BOOT --[arm_command]--> ?
2026-07-02 12:31:33,944 - Drone1.StateMachine - DEBUG - No transition defined for BOOT --[arm_command]--> ?
2026-07-02 12:31:33,993 - Drone1.SimulationBackend - DEBUG - Sim Battery: 10000.0%
2026-07-02 12:31:34,118 - Drone1.StateMachine - DEBUG - No transition defined for BOOT --[arm_command]--> ?
2026-07-02 12:31:34,307 - Drone1.StateMachine - DEBUG - No transition defined for BOOT --[arm_command]--> ?
2026-07-02 12:31:34,488 - Drone1.StateMachine - DEBUG - No transition defined for BOOT --[arm_command]--> ?
2026-07-02 12:31:35,462 - Drone1.SimulationBackend - INFO - Taking off in simulation to 10.0m...
2026-07-02 12:31:35,993 - Drone1.SimulationBackend - DEBUG - Sim Battery: 10000.0%
2026-07-02 12:31:37,993 - Drone1.SimulationBackend - DEBUG - Sim Battery: 10000.0%
2026-07-02 12:31:39,992 - Drone1.SimulationBackend - DEBUG - Sim Battery: 10000.0%
2026-07-02 12:31:41,993 - Drone1.SimulationBackend - DEBUG - Sim Battery: 10000.0%
2026-07-02 12:31:43,992 - Drone1.SimulationBackend - DEBUG - Sim Battery: 10000.0%
2026-07-02 12:31:45,992 - Drone1.SimulationBackend - DEBUG - Sim Battery: 10000.0%
2026-07-02 12:31:47,993 - Drone1.SimulationBackend - DEBUG - Sim Battery: 10000.0%
2026-07-02 12:31:49,993 - Drone1.SimulationBackend - DEBUG - Sim Battery: 10000.0%
2026-07-02 12:31:51,993 - Drone1.SimulationBackend - DEBUG - Sim Battery: 10000.0%
2026-07-02 12:31:53,992 - Drone1.SimulationBackend - DEBUG - Sim Battery: 10000.0%
2026-07-02 12:31:55,993 - Drone1.SimulationBackend - DEBUG - Sim Battery: 10000.0%
2026-07-02 12:31:57,993 - Drone1.SimulationBackend - DEBUG - Sim Battery: 10000.0%
2026-07-02 12:31:59,993 - Drone1.SimulationBackend - DEBUG - Sim Battery: 10000.0%
2026-07-02 12:32:01,993 - Drone1.SimulationBackend - DEBUG - Sim Battery: 10000.0%
2026-07-02 12:32:03,993 - Drone1.SimulationBackend - DEBUG - Sim Battery: 10000.0%
2026-07-02 12:32:05,463 - Drone1.SimulationBackend - ERROR - Takeoff failed: 
2026-07-02 12:32:05,509 - Drone1.SimulationBackend - INFO - Taking off in simulation to 10.0m...
2026-07-02 12:32:05,992 - Drone1.SimulationBackend - DEBUG - Sim Battery: 10000.0%
2026-07-02 12:32:07,993 - Drone1.SimulationBackend - DEBUG - Sim Battery: 10000.0%
2026-07-02 12:32:09,993 - Drone1.SimulationBackend - DEBUG - Sim Battery: 10000.0%
2026-07-02 12:32:11,992 - Drone1.SimulationBackend - DEBUG - Sim Battery: 10000.0%
2026-07-02 12:32:13,993 - Drone1.SimulationBackend - DEBUG - Sim Battery: 10000.0%
2026-07-02 12:32:15,993 - Drone1.SimulationBackend - DEBUG - Sim Battery: 10000.0%
2026-07-02 12:32:17,992 - Drone1.SimulationBackend - DEBUG - Sim Battery: 10000.0%
2026-07-02 12:32:19,993 - Drone1.SimulationBackend - DEBUG - Sim Battery: 10000.0%
2026-07-02 12:32:21,993 - Drone1.SimulationBackend - DEBUG - Sim Battery: 10000.0%
2026-07-02 12:32:23,993 - Drone1.SimulationBackend - DEBUG - Sim Battery: 10000.0%
2026-07-02 12:32:25,993 - Drone1.SimulationBackend - DEBUG - Sim Battery: 10000.0%
2026-07-02 12:32:27,993 - Drone1.SimulationBackend - DEBUG - Sim Battery: 10000.0%
2026-07-02 12:32:29,992 - Drone1.SimulationBackend - DEBUG - Sim Battery: 10000.0%
2026-07-02 12:32:31,993 - Drone1.SimulationBackend - DEBUG - Sim Battery: 10000.0%
2026-07-02 12:32:33,993 - Drone1.SimulationBackend - DEBUG - Sim Battery: 10000.0%
2026-07-02 12:32:35,510 - Drone1.SimulationBackend - ERROR - Takeoff failed: 
2026-07-02 12:32:35,512 - Drone1.StateMachine - DEBUG - No transition defined for BOOT --[arm_command]--> ?
2026-07-02 12:32:35,519 - Drone1.StateMachine - DEBUG - No transition defined for BOOT --[arm_command]--> ?
2026-07-02 12:32:35,524 - Drone1.StateMachine - DEBUG - No transition defined for BOOT --[arm_command]--> ?
2026-07-02 12:32:35,525 - Drone1.StateMachine - DEBUG - No transition defined for BOOT --[arm_command]--> ?
2026-07-02 12:32:35,525 - Drone1.StateMachine - DEBUG - No transition defined for BOOT --[arm_command]--> ?
2026-07-02 12:32:35,526 - Drone1.StateMachine - DEBUG - No transition defined for BOOT --[arm_command]--> ?
2026-07-02 12:32:35,526 - Drone1.StateMachine - DEBUG - No transition defined for BOOT --[arm_command]--> ?
2026-07-02 12:32:35,527 - Drone1.StateMachine - DEBUG - No transition defined for BOOT --[arm_command]--> ?
2026-07-02 12:32:35,527 - Drone1.StateMachine - DEBUG - No transition defined for BOOT --[arm_command]--> ?
2026-07-02 12:32:35,527 - Drone1.StateMachine - DEBUG - No transition defined for BOOT --[arm_command]--> ?
2026-07-02 12:32:35,541 - Drone1.StateMachine - DEBUG - No transition defined for BOOT --[arm_command]--> ?
2026-07-02 12:32:35,541 - Drone1.StateMachine - DEBUG - No transition defined for BOOT --[arm_command]--> ?
2026-07-02 12:32:35,993 - Drone1.SimulationBackend - DEBUG - Sim Battery: 10000.0%
2026-07-02 12:32:37,992 - Drone1.SimulationBackend - DEBUG - Sim Battery: 10000.0%
2026-07-02 12:32:39,993 - Drone1.SimulationBackend - DEBUG - Sim Battery: 10000.0%
2026-07-02 12:32:41,993 - Drone1.SimulationBackend - DEBUG - Sim Battery: 10000.0%
2026-07-02 12:32:43,992 - Drone1.SimulationBackend - DEBUG - Sim Battery: 10000.0%
2026-07-02 12:32:45,993 - Drone1.SimulationBackend - DEBUG - Sim Battery: 10000.0%
2026-07-02 12:32:47,993 - Drone1.SimulationBackend - DEBUG - Sim Battery: 10000.0%
2026-07-02 12:32:49,993 - Drone1.SimulationBackend - DEBUG - Sim Battery: 10000.0%
2026-07-02 12:32:51,993 - Drone1.SimulationBackend - DEBUG - Sim Battery: 10000.0%
2026-07-02 12:32:53,993 - Drone1.SimulationBackend - DEBUG - Sim Battery: 10000.0%
2026-07-02 12:32:55,992 - Drone1.SimulationBackend - DEBUG - Sim Battery: 10000.0%
2026-07-02 12:32:57,993 - Drone1.SimulationBackend - DEBUG - Sim Battery: 10000.0%
2026-07-02 12:32:59,993 - Drone1.SimulationBackend - DEBUG - Sim Battery: 10000.0%
2026-07-02 12:33:01,993 - Drone1.SimulationBackend - DEBUG - Sim Battery: 10000.0%
2026-07-02 12:33:03,992 - Drone1.SimulationBackend - DEBUG - Sim Battery: 10000.0%
2026-07-02 12:33:05,992 - Drone1.SimulationBackend - DEBUG - Sim Battery: 10000.0%
2026-07-02 12:33:07,993 - Drone1.SimulationBackend - DEBUG - Sim Battery: 10000.0%
2026-07-02 12:33:09,993 - Drone1.SimulationBackend - DEBUG - Sim Battery: 10000.0%
2026-07-02 12:33:11,992 - Drone1.SimulationBackend - DEBUG - Sim Battery: 10000.0%
2026-07-02 12:33:13,992 - Drone1.SimulationBackend - DEBUG - Sim Battery: 10000.0%
2026-07-02 12:33:15,993 - Drone1.SimulationBackend - DEBUG - Sim Battery: 10000.0%
2026-07-02 12:33:17,992 - Drone1.SimulationBackend - DEBUG - Sim Battery: 10000.0%
2026-07-02 12:33:19,993 - Drone1.SimulationBackend - DEBUG - Sim Battery: 10000.0%
2026-07-02 12:33:21,993 - Drone1.SimulationBackend - DEBUG - Sim Battery: 10000.0%
2026-07-02 12:33:23,993 - Drone1.SimulationBackend - DEBUG - Sim Battery: 10000.0%
2026-07-02 12:33:25,993 - Drone1.SimulationBackend - DEBUG - Sim Battery: 10000.0%
2026-07-02 12:33:27,993 - Drone1.SimulationBackend - DEBUG - Sim Battery: 10000.0%
2026-07-02 12:33:29,993 - Drone1.SimulationBackend - DEBUG - Sim Battery: 10000.0%
2026-07-02 12:33:31,993 - Drone1.SimulationBackend - DEBUG - Sim Battery: 10000.0%
2026-07-02 12:33:33,993 - Drone1.SimulationBackend - DEBUG - Sim Battery: 10000.0%
2026-07-02 12:33:35,993 - Drone1.SimulationBackend - DEBUG - Sim Battery: 10000.0%
2026-07-02 12:33:37,993 - Drone1.SimulationBackend - DEBUG - Sim Battery: 10000.0%
2026-07-02 12:33:39,993 - Drone1.SimulationBackend - DEBUG - Sim Battery: 10000.0%
2026-07-02 12:33:41,993 - Drone1.SimulationBackend - DEBUG - Sim Battery: 10000.0%
2026-07-02 12:33:43,993 - Drone1.SimulationBackend - DEBUG - Sim Battery: 10000.0%
2026-07-02 12:33:45,994 - Drone1.SimulationBackend - DEBUG - Sim Battery: 10000.0%
2026-07-02 12:33:47,993 - Drone1.SimulationBackend - DEBUG - Sim Battery: 10000.0%
2026-07-02 12:33:49,992 - Drone1.SimulationBackend - DEBUG - Sim Battery: 10000.0%
2026-07-02 12:33:51,993 - Drone1.SimulationBackend - DEBUG - Sim Battery: 10000.0%
2026-07-02 12:33:53,992 - Drone1.SimulationBackend - DEBUG - Sim Battery: 10000.0%
2026-07-02 12:33:55,992 - Drone1.SimulationBackend - DEBUG - Sim Battery: 10000.0%
2026-07-02 12:33:57,993 - Drone1.SimulationBackend - DEBUG - Sim Battery: 10000.0%
2026-07-02 12:33:59,993 - Drone1.SimulationBackend - DEBUG - Sim Battery: 10000.0%
2026-07-02 12:34:01,993 - Drone1.SimulationBackend - DEBUG - Sim Battery: 10000.0%
2026-07-02 12:34:03,992 - Drone1.SimulationBackend - DEBUG - Sim Battery: 10000.0%
2026-07-02 12:34:05,992 - Drone1.SimulationBackend - DEBUG - Sim Battery: 10000.0%
2026-07-02 12:34:07,993 - Drone1.SimulationBackend - DEBUG - Sim Battery: 10000.0%
2026-07-02 12:34:09,993 - Drone1.SimulationBackend - DEBUG - Sim Battery: 10000.0%
2026-07-02 12:34:11,993 - Drone1.SimulationBackend - DEBUG - Sim Battery: 10000.0%
2026-07-02 12:34:13,993 - Drone1.SimulationBackend - DEBUG - Sim Battery: 10000.0%
2026-07-02 12:34:15,993 - Drone1.SimulationBackend - DEBUG - Sim Battery: 10000.0%
2026-07-02 12:34:17,999 - Drone1.SimulationBackend - DEBUG - Sim Battery: 10000.0%
2026-07-02 12:34:19,999 - Drone1.SimulationBackend - DEBUG - Sim Battery: 10000.0%
2026-07-02 12:34:22,000 - Drone1.SimulationBackend - DEBUG - Sim Battery: 10000.0%
2026-07-02 12:34:23,999 - Drone1.SimulationBackend - DEBUG - Sim Battery: 10000.0%
2026-07-02 12:34:25,631 - Drone1.SimulationBackend - INFO - Disarming simulation drone...
2026-07-02 12:34:25,999 - Drone1.SimulationBackend - DEBUG - Sim Battery: 10000.0%
2026-07-02 12:34:26,619 - Drone1.SimulationBackend - INFO - Landing simulation drone...
2026-07-02 12:34:27,665 - Drone1.SimulationBackend - INFO - Landing simulation drone...
2026-07-02 12:34:27,999 - Drone1.SimulationBackend - DEBUG - Sim Battery: 10000.0%
2026-07-02 12:34:29,998 - Drone1.SimulationBackend - DEBUG - Sim Battery: 10000.0%
2026-07-02 12:34:31,999 - Drone1.SimulationBackend - DEBUG - Sim Battery: 10000.0%
2026-07-02 12:34:33,998 - Drone1.SimulationBackend - DEBUG - Sim Battery: 10000.0%
2026-07-02 12:34:34,744 - Drone1.SimulationBackend - INFO - Taking off in simulation to 10.0m...
2026-07-02 12:34:35,999 - Drone1.SimulationBackend - DEBUG - Sim Battery: 10000.0%
2026-07-02 12:34:37,999 - Drone1.SimulationBackend - DEBUG - Sim Battery: 10000.0%
2026-07-02 12:34:39,999 - Drone1.SimulationBackend - DEBUG - Sim Battery: 10000.0%
2026-07-02 12:34:41,999 - Drone1.SimulationBackend - DEBUG - Sim Battery: 10000.0%
2026-07-02 12:34:43,999 - Drone1.SimulationBackend - DEBUG - Sim Battery: 10000.0%
2026-07-02 12:34:45,998 - Drone1.SimulationBackend - DEBUG - Sim Battery: 10000.0%
2026-07-02 12:34:47,999 - Drone1.SimulationBackend - DEBUG - Sim Battery: 10000.0%
2026-07-02 12:34:49,999 - Drone1.SimulationBackend - DEBUG - Sim Battery: 10000.0%
2026-07-02 12:34:52,000 - Drone1.SimulationBackend - DEBUG - Sim Battery: 10000.0%
2026-07-02 12:34:53,999 - Drone1.SimulationBackend - DEBUG - Sim Battery: 10000.0%
2026-07-02 12:34:55,998 - Drone1.SimulationBackend - DEBUG - Sim Battery: 10000.0%
2026-07-02 12:34:57,998 - Drone1.SimulationBackend - DEBUG - Sim Battery: 10000.0%
2026-07-02 12:34:59,999 - Drone1.SimulationBackend - DEBUG - Sim Battery: 10000.0%
2026-07-02 12:35:01,999 - Drone1.SimulationBackend - DEBUG - Sim Battery: 10000.0%
2026-07-02 12:35:03,998 - Drone1.SimulationBackend - DEBUG - Sim Battery: 10000.0%
2026-07-02 12:35:04,744 - Drone1.SimulationBackend - ERROR - Takeoff failed: 
2026-07-02 12:35:04,776 - Drone1.SimulationBackend - INFO - Taking off in simulation to 10.0m...
2026-07-02 12:35:05,998 - Drone1.SimulationBackend - DEBUG - Sim Battery: 10000.0%
2026-07-02 12:35:07,999 - Drone1.SimulationBackend - DEBUG - Sim Battery: 10000.0%
2026-07-02 12:35:09,998 - Drone1.SimulationBackend - DEBUG - Sim Battery: 10000.0%
2026-07-02 12:40:06,914 - Drone1 - INFO - Logger initialized for drone 1
2026-07-02 12:40:06,914 - Drone1 - INFO - BackendFactory: Creating SimulationBackend
2026-07-02 12:40:06,915 - Drone1.SimulationBackend - INFO - Embedded MAVSDK server will be started.
2026-07-02 12:40:06,916 - Drone1.Communication - INFO - Communication initialized on 0.0.0.0:14560
2026-07-02 12:40:06,916 - Drone1.StateMachine - INFO - StateMachine initialized
2026-07-02 12:40:06,916 - Drone1 - INFO - DroneAgent initialized
2026-07-02 12:40:06,916 - Drone1 - INFO - Starting DroneAgent...
2026-07-02 12:40:06,916 - Drone1.SimulationBackend - INFO - Connecting SimulationBackend...
2026-07-02 12:40:06,917 - Drone1.SimulationBackend - INFO - Launching embedded MAVSDK server subprocess: /home/priyanshu/DroneAgent/venv/lib/python3.12/site-packages/mavsdk/bin/mavsdk_server
2026-07-02 12:40:07,919 - Drone1.SimulationBackend - INFO - Attempting System.connect() to embedded server
2026-07-02 12:40:07,929 - Drone1.SimulationBackend - INFO - Waiting connection
2026-07-02 12:40:07,930 - Drone1.SimulationBackend - INFO - Embedded server started successfully and is accepting connections.
2026-07-02 12:40:07,930 - Drone1.SimulationBackend - INFO - Connection established
2026-07-02 12:40:07,930 - Drone1.SimulationBackend - INFO - Health received
2026-07-02 12:40:08,844 - Drone1.SimulationBackend - INFO - GPS OK
2026-07-02 12:40:08,844 - Drone1.SimulationBackend - INFO - Global position OK
2026-07-02 12:40:08,844 - Drone1.SimulationBackend - INFO - Ready
2026-07-02 12:40:08,919 - Drone1.SimulationBackend - INFO - SimulationBackend successfully connected to MAVSDK.
2026-07-02 12:40:08,920 - Drone1.Telemetry - INFO - Telemetry background tasks scheduled
2026-07-02 12:40:08,922 - Drone1.Communication - INFO - Communication started
2026-07-02 12:40:08,923 - Drone1.Decision - INFO - Decision engine started
2026-07-02 12:40:08,923 - Drone1.MovementController - INFO - Movement controller started
2026-07-02 12:40:08,923 - Drone1.Heartbeat - INFO - Heartbeat started at 10.0 Hz
2026-07-02 12:40:08,923 - Drone1 - INFO - All subsystems started
2026-07-02 12:40:09,311 - Drone1 - INFO - Starting PySide6 GUI Loop
2026-07-02 12:40:10,843 - Drone1.SimulationBackend - DEBUG - Sim Battery: 10000.0%
2026-07-02 12:40:12,844 - Drone1.SimulationBackend - DEBUG - Sim Battery: 10000.0%
2026-07-02 12:40:14,844 - Drone1.SimulationBackend - DEBUG - Sim Battery: 10000.0%
2026-07-02 12:40:15,442 - Drone1.SimulationBackend - INFO - Connecting SimulationBackend...
2026-07-02 12:40:15,442 - Drone1.SimulationBackend - INFO - SimulationBackend successfully connected to MAVSDK.
2026-07-02 12:40:16,844 - Drone1.SimulationBackend - DEBUG - Sim Battery: 10000.0%
2026-07-02 12:40:18,734 - Drone1.StateMachine - DEBUG - No transition defined for BOOT --[arm_command]--> ?
2026-07-02 12:40:18,844 - Drone1.SimulationBackend - DEBUG - Sim Battery: 10000.0%
2026-07-02 12:40:19,672 - Drone1.StateMachine - DEBUG - No transition defined for BOOT --[arm_command]--> ?
2026-07-02 12:40:19,844 - Drone1.StateMachine - DEBUG - No transition defined for BOOT --[arm_command]--> ?
2026-07-02 12:40:20,023 - Drone1.StateMachine - DEBUG - No transition defined for BOOT --[arm_command]--> ?
2026-07-02 12:40:20,844 - Drone1.SimulationBackend - DEBUG - Sim Battery: 10000.0%
2026-07-02 12:40:21,316 - Drone1.SimulationBackend - INFO - Connecting SimulationBackend...
2026-07-02 12:40:21,317 - Drone1.SimulationBackend - INFO - SimulationBackend successfully connected to MAVSDK.
2026-07-02 12:40:22,337 - Drone1.SimulationBackend - INFO - Connecting SimulationBackend...
2026-07-02 12:40:22,337 - Drone1.SimulationBackend - INFO - SimulationBackend successfully connected to MAVSDK.
2026-07-02 12:40:22,540 - Drone1.SimulationBackend - INFO - Connecting SimulationBackend...
2026-07-02 12:40:22,540 - Drone1.SimulationBackend - INFO - SimulationBackend successfully connected to MAVSDK.
2026-07-02 12:40:22,720 - Drone1.SimulationBackend - INFO - Connecting SimulationBackend...
2026-07-02 12:40:22,720 - Drone1.SimulationBackend - INFO - SimulationBackend successfully connected to MAVSDK.
2026-07-02 12:40:22,843 - Drone1.SimulationBackend - DEBUG - Sim Battery: 10000.0%
2026-07-02 12:40:23,957 - Drone1.SimulationBackend - INFO - Disarming simulation drone...
2026-07-02 12:40:24,846 - Drone1.SimulationBackend - DEBUG - Sim Battery: 10000.0%
2026-07-02 12:40:25,663 - Drone1.SimulationBackend - INFO - Taking off in simulation to 10.0m...
2026-07-02 12:40:25,663 - Drone1.SimulationBackend - INFO - Auto-arming before takeoff...
2026-07-02 12:40:26,844 - Drone1.SimulationBackend - DEBUG - Sim Battery: 9900.0%
2026-07-02 12:40:28,844 - Drone1.SimulationBackend - DEBUG - Sim Battery: 9600.0%
2026-07-02 12:40:30,844 - Drone1.SimulationBackend - DEBUG - Sim Battery: 9300.0%
2026-07-02 12:40:32,844 - Drone1.SimulationBackend - DEBUG - Sim Battery: 9000.0%
2026-07-02 12:40:34,844 - Drone1.SimulationBackend - DEBUG - Sim Battery: 8600.0%
2026-07-02 12:40:36,843 - Drone1.SimulationBackend - DEBUG - Sim Battery: 8300.0%
2026-07-02 12:40:38,844 - Drone1.SimulationBackend - DEBUG - Sim Battery: 8000.0%
2026-07-02 12:40:40,844 - Drone1.SimulationBackend - DEBUG - Sim Battery: 7600.0%
2026-07-02 12:40:42,844 - Drone1.SimulationBackend - DEBUG - Sim Battery: 7300.0%
2026-07-02 12:40:44,816 - Drone1.SimulationBackend - INFO - Landing simulation drone...
2026-07-02 12:40:44,844 - Drone1.SimulationBackend - DEBUG - Sim Battery: 7000.0%
2026-07-02 12:40:46,844 - Drone1.SimulationBackend - DEBUG - Sim Battery: 6600.0%
2026-07-02 12:40:48,844 - Drone1.SimulationBackend - DEBUG - Sim Battery: 6300.0%
2026-07-02 12:40:50,844 - Drone1.SimulationBackend - DEBUG - Sim Battery: 6000.0%
2026-07-02 12:40:52,844 - Drone1.SimulationBackend - DEBUG - Sim Battery: 5600.0%
2026-07-02 12:40:54,844 - Drone1.SimulationBackend - DEBUG - Sim Battery: 5300.0%
2026-07-02 12:40:56,506 - Drone1.StateMachine - DEBUG - No transition defined for BOOT --[arm_command]--> ?
2026-07-02 12:40:56,693 - Drone1.StateMachine - DEBUG - No transition defined for BOOT --[arm_command]--> ?
2026-07-02 12:40:56,844 - Drone1.SimulationBackend - DEBUG - Sim Battery: 5100.0%
2026-07-02 12:40:56,872 - Drone1.StateMachine - DEBUG - No transition defined for BOOT --[arm_command]--> ?
2026-07-02 12:40:57,056 - Drone1.StateMachine - DEBUG - No transition defined for BOOT --[arm_command]--> ?
2026-07-02 12:40:57,241 - Drone1.StateMachine - DEBUG - No transition defined for BOOT --[arm_command]--> ?
2026-07-02 12:40:57,420 - Drone1.StateMachine - DEBUG - No transition defined for BOOT --[arm_command]--> ?
2026-07-02 12:40:57,595 - Drone1.StateMachine - DEBUG - No transition defined for BOOT --[arm_command]--> ?
2026-07-02 12:40:57,781 - Drone1.StateMachine - DEBUG - No transition defined for BOOT --[arm_command]--> ?
2026-07-02 12:40:57,949 - Drone1.StateMachine - DEBUG - No transition defined for BOOT --[arm_command]--> ?
2026-07-02 12:40:58,129 - Drone1.StateMachine - DEBUG - No transition defined for BOOT --[arm_command]--> ?
2026-07-02 12:40:58,844 - Drone1.SimulationBackend - DEBUG - Sim Battery: 5000.0%
2026-07-02 12:40:59,224 - Drone1.StateMachine - DEBUG - No transition defined for BOOT --[arm_command]--> ?
2026-07-02 12:40:59,697 - Drone1.StateMachine - DEBUG - No transition defined for BOOT --[arm_command]--> ?
2026-07-02 12:40:59,892 - Drone1.StateMachine - DEBUG - No transition defined for BOOT --[arm_command]--> ?
2026-07-02 12:41:00,078 - Drone1.StateMachine - DEBUG - No transition defined for BOOT --[arm_command]--> ?
2026-07-02 12:41:00,258 - Drone1.StateMachine - DEBUG - No transition defined for BOOT --[arm_command]--> ?
2026-07-02 12:41:00,844 - Drone1.SimulationBackend - DEBUG - Sim Battery: 6300.0%
2026-07-02 12:41:02,844 - Drone1.SimulationBackend - DEBUG - Sim Battery: 9500.0%
2026-07-02 12:41:04,843 - Drone1.SimulationBackend - DEBUG - Sim Battery: 9900.0%
2026-07-02 12:41:05,257 - Drone1.SimulationBackend - INFO - Taking off in simulation to 10.0m...
2026-07-02 12:41:06,505 - Drone1.SimulationBackend - INFO - Taking off in simulation to 10.0m...
2026-07-02 12:41:06,844 - Drone1.SimulationBackend - DEBUG - Sim Battery: 10000.0%
2026-07-02 12:41:07,792 - Drone1.SimulationBackend - INFO - Taking off in simulation to 10.0m...
2026-07-02 12:41:08,844 - Drone1.SimulationBackend - DEBUG - Sim Battery: 10000.0%
2026-07-02 12:41:09,583 - Drone1.SimulationBackend - INFO - Taking off in simulation to 10.0m...
2026-07-02 12:41:09,763 - Drone1.SimulationBackend - INFO - Taking off in simulation to 10.0m...
2026-07-02 12:41:09,943 - Drone1.SimulationBackend - INFO - Taking off in simulation to 10.0m...
2026-07-02 12:41:10,844 - Drone1.SimulationBackend - DEBUG - Sim Battery: 10000.0%
2026-07-02 12:41:11,168 - Drone1.SimulationBackend - INFO - Taking off in simulation to 10.0m...
2026-07-02 12:41:11,694 - Drone1.SimulationBackend - INFO - Taking off in simulation to 10.0m...
2026-07-02 12:41:11,874 - Drone1.SimulationBackend - INFO - Taking off in simulation to 10.0m...
2026-07-02 12:41:12,536 - Drone1.SimulationBackend - INFO - Disarming simulation drone...
2026-07-02 12:41:12,844 - Drone1.SimulationBackend - DEBUG - Sim Battery: 10000.0%
2026-07-02 12:41:13,622 - Drone1.SimulationBackend - INFO - Taking off in simulation to 10.0m...
2026-07-02 12:41:13,623 - Drone1.SimulationBackend - INFO - Auto-arming before takeoff...
2026-07-02 12:41:14,844 - Drone1.SimulationBackend - DEBUG - Sim Battery: 9900.0%
2026-07-02 12:41:16,844 - Drone1.SimulationBackend - DEBUG - Sim Battery: 9600.0%
2026-07-02 12:41:18,844 - Drone1.SimulationBackend - DEBUG - Sim Battery: 9300.0%
2026-07-02 12:41:20,844 - Drone1.SimulationBackend - DEBUG - Sim Battery: 9000.0%
2026-07-02 12:41:22,844 - Drone1.SimulationBackend - DEBUG - Sim Battery: 8600.0%
2026-07-02 12:41:24,844 - Drone1.SimulationBackend - DEBUG - Sim Battery: 8300.0%
2026-07-02 12:41:26,843 - Drone1.SimulationBackend - DEBUG - Sim Battery: 8000.0%
2026-07-02 12:41:28,844 - Drone1.SimulationBackend - DEBUG - Sim Battery: 7600.0%
2026-07-02 12:41:30,844 - Drone1.SimulationBackend - DEBUG - Sim Battery: 7300.0%
2026-07-02 12:41:32,843 - Drone1.SimulationBackend - DEBUG - Sim Battery: 7000.0%
2026-07-02 12:41:34,844 - Drone1.SimulationBackend - DEBUG - Sim Battery: 6600.0%
2026-07-02 12:41:36,844 - Drone1.SimulationBackend - DEBUG - Sim Battery: 6300.0%
2026-07-02 12:41:38,843 - Drone1.SimulationBackend - DEBUG - Sim Battery: 6000.0%
2026-07-02 12:41:40,843 - Drone1.SimulationBackend - DEBUG - Sim Battery: 5600.0%
2026-07-02 12:41:41,768 - Drone1.SimulationBackend - INFO - Landing simulation drone...
2026-07-02 12:41:42,844 - Drone1.SimulationBackend - DEBUG - Sim Battery: 5300.0%
2026-07-02 12:41:44,844 - Drone1.SimulationBackend - DEBUG - Sim Battery: 5100.0%
2026-07-02 12:41:45,135 - Drone1.SimulationBackend - INFO - Simulation returning to launch...
2026-07-02 12:41:46,843 - Drone1.SimulationBackend - DEBUG - Sim Battery: 5000.0%
2026-07-02 12:41:48,843 - Drone1.SimulationBackend - DEBUG - Sim Battery: 5000.0%
2026-07-02 12:41:50,605 - Drone1.SimulationBackend - INFO - Disarming simulation drone...
2026-07-02 12:41:50,843 - Drone1.SimulationBackend - DEBUG - Sim Battery: 5000.0%
2026-07-02 12:41:52,579 - Drone1.SimulationBackend - INFO - Disarming simulation drone...
2026-07-02 12:41:52,844 - Drone1.SimulationBackend - DEBUG - Sim Battery: 5000.0%
2026-07-02 12:41:54,340 - Drone1.SimulationBackend - INFO - Disarming simulation drone...
2026-07-02 12:41:54,843 - Drone1.SimulationBackend - DEBUG - Sim Battery: 5000.0%
2026-07-02 12:41:55,235 - Drone1.SimulationBackend - INFO - Disarming simulation drone...
2026-07-02 12:41:56,843 - Drone1.SimulationBackend - DEBUG - Sim Battery: 9000.0%
2026-07-02 12:41:58,844 - Drone1.SimulationBackend - DEBUG - Sim Battery: 9900.0%
2026-07-02 12:41:59,494 - Drone1.StateMachine - DEBUG - No transition defined for BOOT --[arm_command]--> ?
2026-07-02 12:41:59,685 - Drone1.StateMachine - DEBUG - No transition defined for BOOT --[arm_command]--> ?
2026-07-02 12:41:59,870 - Drone1.StateMachine - DEBUG - No transition defined for BOOT --[arm_command]--> ?
2026-07-02 12:42:00,050 - Drone1.StateMachine - DEBUG - No transition defined for BOOT --[arm_command]--> ?
2026-07-02 12:42:00,844 - Drone1.SimulationBackend - DEBUG - Sim Battery: 10000.0%
2026-07-02 12:42:02,844 - Drone1.SimulationBackend - DEBUG - Sim Battery: 10000.0%
2026-07-02 12:42:04,844 - Drone1.SimulationBackend - DEBUG - Sim Battery: 10000.0%
2026-07-02 12:42:05,912 - Drone1.SimulationBackend - INFO - Stopping SimulationBackend...
2026-07-02 12:42:05,913 - Drone1.SimulationBackend - INFO - Terminating embedded MAVSDK server subprocess...
2026-07-02 12:42:07,656 - Drone1.SimulationBackend - INFO - Connecting SimulationBackend...
2026-07-02 12:42:07,657 - Drone1.SimulationBackend - INFO - SimulationBackend successfully connected to MAVSDK.
2026-07-02 12:42:07,657 - Drone1.SimulationBackend - INFO - Launching embedded MAVSDK server subprocess: /home/priyanshu/DroneAgent/venv/lib/python3.12/site-packages/mavsdk/bin/mavsdk_server
2026-07-02 12:42:07,659 - Drone1.Telemetry - ERROR - Battery telemetry error: <AioRpcError of RPC that terminated with:
	status = StatusCode.UNAVAILABLE
	details = "Stream removed (Socket closed)"
	debug_error_string = "UNAVAILABLE:Stream removed (Socket closed)"
>
2026-07-02 12:42:07,659 - Drone1.Telemetry - WARNING - MAVSDK Connection lost (<AioRpcError of RPC that terminated with:
	status = StatusCode.UNAVAILABLE
	details = "Stream removed (Socket closed)"
	debug_error_string = "UNAVAILABLE:Stream removed (Socket closed)"
>)! Initiating exponential backoff reconnect...
2026-07-02 12:42:07,659 - Drone1.Telemetry - INFO - Telemetry stopped
2026-07-02 12:42:07,660 - Drone1.Telemetry - ERROR - Home telemetry error: <AioRpcError of RPC that terminated with:
	status = StatusCode.UNAVAILABLE
	details = "Stream removed (Socket closed)"
	debug_error_string = "UNAVAILABLE:Stream removed (Socket closed)"
>
2026-07-02 12:42:07,660 - Drone1.Telemetry - INFO - Reconnect attempt 1/5 after 1 seconds...
2026-07-02 12:42:07,661 - Drone1.Telemetry - ERROR - Attitude telemetry error: <AioRpcError of RPC that terminated with:
	status = StatusCode.UNAVAILABLE
	details = "Stream removed (Socket closed)"
	debug_error_string = "UNAVAILABLE:Stream removed (Socket closed)"
>
2026-07-02 12:42:07,661 - Drone1.Telemetry - ERROR - Position velocity NED telemetry error: <AioRpcError of RPC that terminated with:
	status = StatusCode.UNAVAILABLE
	details = "Stream removed (Socket closed)"
	debug_error_string = "UNAVAILABLE:Stream removed (Socket closed)"
>
2026-07-02 12:42:07,661 - Drone1.Telemetry - ERROR - GPS telemetry error: <AioRpcError of RPC that terminated with:
	status = StatusCode.UNAVAILABLE
	details = "Stream removed (Socket closed)"
	debug_error_string = "UNAVAILABLE:Stream removed (Socket closed)"
>
2026-07-02 12:42:07,661 - Drone1.Telemetry - ERROR - Armed telemetry error: <AioRpcError of RPC that terminated with:
	status = StatusCode.UNAVAILABLE
	details = "Stream removed (Socket closed)"
	debug_error_string = "UNAVAILABLE:Stream removed (Socket closed)"
>
2026-07-02 12:42:07,661 - Drone1.Telemetry - ERROR - In-air telemetry error: <AioRpcError of RPC that terminated with:
	status = StatusCode.UNAVAILABLE
	details = "Stream removed (Socket closed)"
	debug_error_string = "UNAVAILABLE:Stream removed (Socket closed)"
>
2026-07-02 12:42:07,662 - Drone1.Telemetry - ERROR - Health telemetry error: <AioRpcError of RPC that terminated with:
	status = StatusCode.UNAVAILABLE
	details = "Stream removed (Socket closed)"
	debug_error_string = "UNAVAILABLE:Stream removed (Socket closed)"
>
2026-07-02 12:42:08,067 - Drone1.SimulationBackend - INFO - Connecting SimulationBackend...
2026-07-02 12:42:08,067 - Drone1.SimulationBackend - INFO - SimulationBackend successfully connected to MAVSDK.
2026-07-02 12:42:08,255 - Drone1.SimulationBackend - INFO - Connecting SimulationBackend...
2026-07-02 12:42:08,255 - Drone1.SimulationBackend - INFO - SimulationBackend successfully connected to MAVSDK.
2026-07-02 12:42:08,658 - Drone1.SimulationBackend - INFO - Attempting System.connect() to embedded server
2026-07-02 12:42:08,661 - Drone1.SimulationBackend - WARNING - Reconnecting SimulationBackend...
2026-07-02 12:42:08,664 - Drone1.SimulationBackend - INFO - Stopping SimulationBackend...
2026-07-02 12:42:08,665 - Drone1.SimulationBackend - INFO - Waiting connection
2026-07-02 12:42:08,667 - Drone1.SimulationBackend - INFO - Embedded server started successfully and is accepting connections.
2026-07-02 12:42:08,667 - Drone1.SimulationBackend - INFO - Connection established
2026-07-02 12:42:08,667 - Drone1.SimulationBackend - INFO - Health received
2026-07-02 12:42:09,843 - Drone1.SimulationBackend - INFO - GPS OK
2026-07-02 12:42:09,843 - Drone1.SimulationBackend - INFO - Global position OK
2026-07-02 12:42:09,843 - Drone1.SimulationBackend - INFO - Ready
2026-07-02 12:42:09,844 - Drone1.SimulationBackend - INFO - Terminating embedded MAVSDK server subprocess...
2026-07-02 12:42:09,849 - Drone1.SimulationBackend - INFO - Embedded MAVSDK server will be started.
2026-07-02 12:42:09,849 - Drone1.SimulationBackend - INFO - Connecting SimulationBackend...
2026-07-02 12:42:09,850 - Drone1.SimulationBackend - INFO - Launching embedded MAVSDK server subprocess: /home/priyanshu/DroneAgent/venv/lib/python3.12/site-packages/mavsdk/bin/mavsdk_server
2026-07-02 12:42:10,851 - Drone1.SimulationBackend - INFO - Attempting System.connect() to embedded server
2026-07-02 12:42:10,856 - Drone1.SimulationBackend - INFO - Waiting connection
2026-07-02 12:42:10,858 - Drone1.SimulationBackend - INFO - Embedded server started successfully and is accepting connections.
2026-07-02 12:42:10,859 - Drone1.SimulationBackend - INFO - Connection established
2026-07-02 12:42:10,859 - Drone1.SimulationBackend - INFO - Health received
2026-07-02 12:42:11,844 - Drone1.SimulationBackend - INFO - GPS OK
2026-07-02 12:42:11,844 - Drone1.SimulationBackend - INFO - Global position OK
2026-07-02 12:42:11,844 - Drone1.SimulationBackend - INFO - Ready
2026-07-02 12:42:11,852 - Drone1.SimulationBackend - INFO - SimulationBackend successfully connected to MAVSDK.
2026-07-02 12:42:11,852 - Drone1.Telemetry - INFO - Reconnect successful! Restarting telemetry...
2026-07-02 12:42:11,853 - Drone1.Telemetry - INFO - Telemetry background tasks scheduled
2026-07-02 12:42:12,044 - Drone1.SimulationBackend - DEBUG - Sim Battery: 10000.0%
2026-07-02 12:42:14,844 - Drone1.SimulationBackend - DEBUG - Sim Battery: 10000.0%
2026-07-02 12:42:16,844 - Drone1.SimulationBackend - DEBUG - Sim Battery: 10000.0%
2026-07-02 12:42:18,844 - Drone1.SimulationBackend - DEBUG - Sim Battery: 10000.0%
2026-07-02 12:42:20,844 - Drone1.SimulationBackend - DEBUG - Sim Battery: 10000.0%
2026-07-02 12:42:22,844 - Drone1.SimulationBackend - DEBUG - Sim Battery: 10000.0%
2026-07-02 12:42:24,844 - Drone1.SimulationBackend - DEBUG - Sim Battery: 10000.0%
2026-07-02 12:42:26,431 - Drone1.SimulationBackend - INFO - Disarming simulation drone...
2026-07-02 12:42:26,844 - Drone1.SimulationBackend - DEBUG - Sim Battery: 10000.0%
2026-07-02 12:42:28,844 - Drone1.SimulationBackend - DEBUG - Sim Battery: 10000.0%
2026-07-02 12:42:30,844 - Drone1.SimulationBackend - DEBUG - Sim Battery: 10000.0%
2026-07-02 12:42:32,844 - Drone1.SimulationBackend - DEBUG - Sim Battery: 10000.0%
2026-07-02 12:42:34,844 - Drone1.SimulationBackend - DEBUG - Sim Battery: 10000.0%
2026-07-02 12:42:36,843 - Drone1.SimulationBackend - DEBUG - Sim Battery: 10000.0%
2026-07-02 12:42:38,844 - Drone1.SimulationBackend - DEBUG - Sim Battery: 10000.0%
2026-07-02 12:42:40,844 - Drone1.SimulationBackend - DEBUG - Sim Battery: 10000.0%
2026-07-02 12:42:42,844 - Drone1.SimulationBackend - DEBUG - Sim Battery: 10000.0%
2026-07-02 12:42:44,844 - Drone1.SimulationBackend - DEBUG - Sim Battery: 10000.0%
2026-07-02 12:42:46,844 - Drone1.SimulationBackend - DEBUG - Sim Battery: 10000.0%
2026-07-02 12:42:48,844 - Drone1.SimulationBackend - DEBUG - Sim Battery: 10000.0%
2026-07-02 12:42:50,844 - Drone1.SimulationBackend - DEBUG - Sim Battery: 10000.0%
2026-07-02 12:42:52,843 - Drone1.SimulationBackend - DEBUG - Sim Battery: 10000.0%
2026-07-02 12:42:54,844 - Drone1.SimulationBackend - DEBUG - Sim Battery: 10000.0%
2026-07-02 12:42:56,844 - Drone1.SimulationBackend - DEBUG - Sim Battery: 10000.0%
2026-07-02 12:42:58,844 - Drone1.SimulationBackend - DEBUG - Sim Battery: 10000.0%
2026-07-02 12:43:00,844 - Drone1.SimulationBackend - DEBUG - Sim Battery: 10000.0%
2026-07-02 12:43:02,844 - Drone1.SimulationBackend - DEBUG - Sim Battery: 10000.0%
2026-07-02 12:43:04,844 - Drone1.SimulationBackend - DEBUG - Sim Battery: 10000.0%
2026-07-02 12:43:06,844 - Drone1.SimulationBackend - DEBUG - Sim Battery: 10000.0%
2026-07-02 12:43:08,844 - Drone1.SimulationBackend - DEBUG - Sim Battery: 10000.0%
2026-07-02 12:43:10,844 - Drone1.SimulationBackend - DEBUG - Sim Battery: 10000.0%
2026-07-02 12:43:12,844 - Drone1.SimulationBackend - DEBUG - Sim Battery: 10000.0%
2026-07-02 12:43:14,844 - Drone1.SimulationBackend - DEBUG - Sim Battery: 10000.0%
2026-07-02 12:43:16,844 - Drone1.SimulationBackend - DEBUG - Sim Battery: 10000.0%
2026-07-02 12:43:18,844 - Drone1.SimulationBackend - DEBUG - Sim Battery: 10000.0%
2026-07-02 12:43:20,843 - Drone1.SimulationBackend - DEBUG - Sim Battery: 10000.0%
2026-07-02 12:43:22,844 - Drone1.SimulationBackend - DEBUG - Sim Battery: 10000.0%
2026-07-02 12:43:24,844 - Drone1.SimulationBackend - DEBUG - Sim Battery: 10000.0%
2026-07-02 12:43:26,844 - Drone1.SimulationBackend - DEBUG - Sim Battery: 10000.0%
2026-07-02 12:43:28,844 - Drone1.SimulationBackend - DEBUG - Sim Battery: 10000.0%
2026-07-02 12:43:30,844 - Drone1.SimulationBackend - DEBUG - Sim Battery: 10000.0%
2026-07-02 12:43:32,844 - Drone1.SimulationBackend - DEBUG - Sim Battery: 10000.0%
2026-07-02 12:43:34,844 - Drone1.SimulationBackend - DEBUG - Sim Battery: 10000.0%
2026-07-02 12:43:36,844 - Drone1.SimulationBackend - DEBUG - Sim Battery: 10000.0%
2026-07-02 12:43:38,843 - Drone1.SimulationBackend - DEBUG - Sim Battery: 10000.0%
2026-07-02 12:43:40,844 - Drone1.SimulationBackend - DEBUG - Sim Battery: 10000.0%
2026-07-02 12:43:42,844 - Drone1.SimulationBackend - DEBUG - Sim Battery: 10000.0%
2026-07-02 12:43:44,844 - Drone1.SimulationBackend - DEBUG - Sim Battery: 10000.0%
2026-07-02 12:43:46,843 - Drone1.SimulationBackend - DEBUG - Sim Battery: 10000.0%
2026-07-02 12:43:48,844 - Drone1.SimulationBackend - DEBUG - Sim Battery: 10000.0%
2026-07-02 12:43:50,844 - Drone1.SimulationBackend - DEBUG - Sim Battery: 10000.0%
2026-07-02 12:43:52,844 - Drone1.SimulationBackend - DEBUG - Sim Battery: 10000.0%
2026-07-02 12:43:54,844 - Drone1.SimulationBackend - DEBUG - Sim Battery: 10000.0%
2026-07-02 12:43:56,844 - Drone1.SimulationBackend - DEBUG - Sim Battery: 10000.0%
2026-07-02 12:43:58,844 - Drone1.SimulationBackend - DEBUG - Sim Battery: 10000.0%
2026-07-02 12:44:00,845 - Drone1.SimulationBackend - DEBUG - Sim Battery: 10000.0%
2026-07-02 12:44:02,844 - Drone1.SimulationBackend - DEBUG - Sim Battery: 10000.0%
2026-07-02 12:44:04,844 - Drone1.SimulationBackend - DEBUG - Sim Battery: 10000.0%
2026-07-02 12:44:06,844 - Drone1.SimulationBackend - DEBUG - Sim Battery: 10000.0%
2026-07-02 12:44:08,844 - Drone1.SimulationBackend - DEBUG - Sim Battery: 10000.0%
2026-07-02 12:44:10,844 - Drone1.SimulationBackend - DEBUG - Sim Battery: 10000.0%
2026-07-02 12:44:12,844 - Drone1.SimulationBackend - DEBUG - Sim Battery: 10000.0%
2026-07-02 12:44:14,843 - Drone1.SimulationBackend - DEBUG - Sim Battery: 10000.0%
2026-07-02 12:44:16,844 - Drone1.SimulationBackend - DEBUG - Sim Battery: 10000.0%
2026-07-02 12:44:18,844 - Drone1.SimulationBackend - DEBUG - Sim Battery: 10000.0%
2026-07-02 12:44:20,844 - Drone1.SimulationBackend - DEBUG - Sim Battery: 10000.0%
2026-07-02 12:44:22,844 - Drone1.SimulationBackend - DEBUG - Sim Battery: 10000.0%
2026-07-02 12:44:24,844 - Drone1.SimulationBackend - DEBUG - Sim Battery: 10000.0%
2026-07-02 12:44:25,176 - Drone1.SimulationBackend - INFO - Stopping SimulationBackend...
2026-07-02 12:44:25,177 - Drone1.SimulationBackend - INFO - Terminating embedded MAVSDK server subprocess...
2026-07-02 12:44:26,020 - Drone1.SimulationBackend - INFO - Connecting SimulationBackend...
2026-07-02 12:44:26,021 - Drone1.SimulationBackend - INFO - SimulationBackend successfully connected to MAVSDK.
2026-07-02 12:44:26,021 - Drone1.SimulationBackend - INFO - Launching embedded MAVSDK server subprocess: /home/priyanshu/DroneAgent/venv/lib/python3.12/site-packages/mavsdk/bin/mavsdk_server
2026-07-02 12:44:26,023 - Drone1.Telemetry - ERROR - In-air telemetry error: <AioRpcError of RPC that terminated with:
	status = StatusCode.UNAVAILABLE
	details = "Stream removed (Socket closed)"
	debug_error_string = "UNAVAILABLE:Stream removed (Socket closed)"
>
2026-07-02 12:44:26,024 - Drone1.Telemetry - WARNING - MAVSDK Connection lost (<AioRpcError of RPC that terminated with:
	status = StatusCode.UNAVAILABLE
	details = "Stream removed (Socket closed)"
	debug_error_string = "UNAVAILABLE:Stream removed (Socket closed)"
>)! Initiating exponential backoff reconnect...
2026-07-02 12:44:26,024 - Drone1.Telemetry - ERROR - Home telemetry error: <AioRpcError of RPC that terminated with:
	status = StatusCode.UNAVAILABLE
	details = "Stream removed (Socket closed)"
	debug_error_string = "UNAVAILABLE:Stream removed (Socket closed)"
>
2026-07-02 12:44:26,024 - Drone1.Telemetry - INFO - Telemetry stopped
2026-07-02 12:44:26,024 - Drone1.Telemetry - INFO - Reconnect attempt 1/5 after 1 seconds...
2026-07-02 12:44:26,025 - Drone1.Telemetry - ERROR - Armed telemetry error: <AioRpcError of RPC that terminated with:
	status = StatusCode.UNAVAILABLE
	details = "Stream removed (Socket closed)"
	debug_error_string = "UNAVAILABLE:Stream removed (Socket closed)"
>
2026-07-02 12:44:26,025 - Drone1.Telemetry - ERROR - GPS telemetry error: <AioRpcError of RPC that terminated with:
	status = StatusCode.UNAVAILABLE
	details = "Stream removed (Socket closed)"
	debug_error_string = "UNAVAILABLE:Stream removed (Socket closed)"
>
2026-07-02 12:44:26,025 - Drone1.Telemetry - ERROR - Position velocity NED telemetry error: <AioRpcError of RPC that terminated with:
	status = StatusCode.UNAVAILABLE
	details = "Stream removed (Socket closed)"
	debug_error_string = "UNAVAILABLE:Stream removed (Socket closed)"
>
2026-07-02 12:44:26,025 - Drone1.Telemetry - ERROR - Attitude telemetry error: <AioRpcError of RPC that terminated with:
	status = StatusCode.UNAVAILABLE
	details = "Stream removed (Socket closed)"
	debug_error_string = "UNAVAILABLE:Stream removed (Socket closed)"
>
2026-07-02 12:44:26,025 - Drone1.Telemetry - ERROR - Health telemetry error: <AioRpcError of RPC that terminated with:
	status = StatusCode.UNAVAILABLE
	details = "Stream removed (Socket closed)"
	debug_error_string = "UNAVAILABLE:Stream removed (Socket closed)"
>
2026-07-02 12:44:26,025 - Drone1.Telemetry - ERROR - Battery telemetry error: <AioRpcError of RPC that terminated with:
	status = StatusCode.UNAVAILABLE
	details = "Stream removed (Socket closed)"
	debug_error_string = "UNAVAILABLE:Stream removed (Socket closed)"
>
2026-07-02 12:44:27,023 - Drone1.SimulationBackend - INFO - Attempting System.connect() to embedded server
2026-07-02 12:44:27,025 - Drone1.SimulationBackend - WARNING - Reconnecting SimulationBackend...
2026-07-02 12:44:27,025 - Drone1.SimulationBackend - INFO - Stopping SimulationBackend...
2026-07-02 12:44:27,027 - Drone1.SimulationBackend - INFO - Waiting connection
2026-07-02 12:44:27,029 - Drone1.SimulationBackend - INFO - Embedded server started successfully and is accepting connections.
2026-07-02 12:44:27,029 - Drone1.SimulationBackend - INFO - Connection established
2026-07-02 12:44:27,029 - Drone1.SimulationBackend - INFO - Health received
2026-07-02 12:44:27,843 - Drone1.SimulationBackend - INFO - GPS OK
2026-07-02 12:44:27,843 - Drone1.SimulationBackend - INFO - Global position OK
2026-07-02 12:44:27,844 - Drone1.SimulationBackend - INFO - Ready
2026-07-02 12:44:27,844 - Drone1.SimulationBackend - INFO - Terminating embedded MAVSDK server subprocess...
2026-07-02 12:44:27,848 - Drone1.SimulationBackend - INFO - Embedded MAVSDK server will be started.
2026-07-02 12:44:27,849 - Drone1.SimulationBackend - INFO - Connecting SimulationBackend...
2026-07-02 12:44:27,849 - Drone1.SimulationBackend - INFO - Launching embedded MAVSDK server subprocess: /home/priyanshu/DroneAgent/venv/lib/python3.12/site-packages/mavsdk/bin/mavsdk_server
2026-07-02 12:44:28,851 - Drone1.SimulationBackend - INFO - Attempting System.connect() to embedded server
2026-07-02 12:44:28,855 - Drone1.SimulationBackend - INFO - Waiting connection
2026-07-02 12:44:28,857 - Drone1.SimulationBackend - INFO - Embedded server started successfully and is accepting connections.
2026-07-02 12:44:28,857 - Drone1.SimulationBackend - INFO - Connection established
2026-07-02 12:44:28,858 - Drone1.SimulationBackend - INFO - Health received
2026-07-02 12:44:29,844 - Drone1.SimulationBackend - INFO - GPS OK
2026-07-02 12:44:29,844 - Drone1.SimulationBackend - INFO - Global position OK
2026-07-02 12:44:29,844 - Drone1.SimulationBackend - INFO - Ready
2026-07-02 12:44:29,851 - Drone1.SimulationBackend - INFO - SimulationBackend successfully connected to MAVSDK.
2026-07-02 12:44:29,852 - Drone1.Telemetry - INFO - Reconnect successful! Restarting telemetry...
2026-07-02 12:44:29,852 - Drone1.Telemetry - INFO - Telemetry background tasks scheduled
2026-07-02 12:44:30,043 - Drone1.SimulationBackend - DEBUG - Sim Battery: 10000.0%
2026-07-02 12:44:32,843 - Drone1.SimulationBackend - DEBUG - Sim Battery: 10000.0%
2026-07-02 12:44:34,844 - Drone1.SimulationBackend - DEBUG - Sim Battery: 10000.0%
2026-07-02 12:44:36,844 - Drone1.SimulationBackend - DEBUG - Sim Battery: 10000.0%
2026-07-02 12:44:38,844 - Drone1.SimulationBackend - DEBUG - Sim Battery: 10000.0%
2026-07-02 12:44:40,844 - Drone1.SimulationBackend - DEBUG - Sim Battery: 10000.0%
2026-07-02 12:44:42,844 - Drone1.SimulationBackend - DEBUG - Sim Battery: 10000.0%
2026-07-02 12:44:44,844 - Drone1.SimulationBackend - DEBUG - Sim Battery: 10000.0%
2026-07-02 12:44:46,844 - Drone1.SimulationBackend - DEBUG - Sim Battery: 10000.0%
2026-07-02 12:44:48,844 - Drone1.SimulationBackend - DEBUG - Sim Battery: 10000.0%
2026-07-02 12:44:50,844 - Drone1.SimulationBackend - DEBUG - Sim Battery: 10000.0%
2026-07-02 12:44:52,844 - Drone1.SimulationBackend - DEBUG - Sim Battery: 10000.0%
2026-07-02 12:44:54,844 - Drone1.SimulationBackend - DEBUG - Sim Battery: 10000.0%
2026-07-02 12:44:56,844 - Drone1.SimulationBackend - DEBUG - Sim Battery: 10000.0%
2026-07-02 12:44:58,844 - Drone1.SimulationBackend - DEBUG - Sim Battery: 10000.0%
2026-07-02 12:45:00,844 - Drone1.SimulationBackend - DEBUG - Sim Battery: 10000.0%
2026-07-02 12:45:02,844 - Drone1.SimulationBackend - DEBUG - Sim Battery: 10000.0%
2026-07-02 12:45:04,844 - Drone1.SimulationBackend - DEBUG - Sim Battery: 10000.0%
2026-07-02 12:45:06,844 - Drone1.SimulationBackend - DEBUG - Sim Battery: 10000.0%
2026-07-02 12:45:08,844 - Drone1.SimulationBackend - DEBUG - Sim Battery: 10000.0%
2026-07-02 12:45:10,844 - Drone1.SimulationBackend - DEBUG - Sim Battery: 10000.0%
2026-07-02 12:45:12,844 - Drone1.SimulationBackend - DEBUG - Sim Battery: 10000.0%
2026-07-02 12:45:14,844 - Drone1.SimulationBackend - DEBUG - Sim Battery: 10000.0%
2026-07-02 12:45:16,844 - Drone1.SimulationBackend - DEBUG - Sim Battery: 10000.0%
2026-07-02 12:45:18,844 - Drone1.SimulationBackend - DEBUG - Sim Battery: 10000.0%
2026-07-02 12:45:20,844 - Drone1.SimulationBackend - DEBUG - Sim Battery: 10000.0%
2026-07-02 12:45:22,844 - Drone1.SimulationBackend - DEBUG - Sim Battery: 10000.0%
2026-07-02 12:45:24,843 - Drone1.SimulationBackend - DEBUG - Sim Battery: 10000.0%
2026-07-02 12:45:26,844 - Drone1.SimulationBackend - DEBUG - Sim Battery: 10000.0%
2026-07-02 12:45:28,844 - Drone1.SimulationBackend - DEBUG - Sim Battery: 10000.0%
2026-07-02 12:45:30,844 - Drone1.SimulationBackend - DEBUG - Sim Battery: 10000.0%
2026-07-02 12:45:32,844 - Drone1.SimulationBackend - DEBUG - Sim Battery: 10000.0%
2026-07-02 12:45:34,844 - Drone1.SimulationBackend - DEBUG - Sim Battery: 10000.0%
2026-07-02 12:45:36,843 - Drone1.SimulationBackend - DEBUG - Sim Battery: 10000.0%
2026-07-02 12:45:38,844 - Drone1.SimulationBackend - DEBUG - Sim Battery: 10000.0%
2026-07-02 12:45:40,844 - Drone1.SimulationBackend - DEBUG - Sim Battery: 10000.0%
2026-07-02 12:45:42,844 - Drone1.SimulationBackend - DEBUG - Sim Battery: 10000.0%
2026-07-02 12:45:44,844 - Drone1.SimulationBackend - DEBUG - Sim Battery: 10000.0%
2026-07-02 12:45:46,843 - Drone1.SimulationBackend - DEBUG - Sim Battery: 10000.0%
2026-07-02 12:45:48,844 - Drone1.SimulationBackend - DEBUG - Sim Battery: 10000.0%
2026-07-02 12:45:50,844 - Drone1.SimulationBackend - DEBUG - Sim Battery: 10000.0%
2026-07-02 12:45:52,845 - Drone1.SimulationBackend - DEBUG - Sim Battery: 10000.0%
2026-07-02 12:45:54,843 - Drone1.SimulationBackend - DEBUG - Sim Battery: 10000.0%
2026-07-02 12:45:56,844 - Drone1.SimulationBackend - DEBUG - Sim Battery: 10000.0%
2026-07-02 12:45:58,844 - Drone1.SimulationBackend - DEBUG - Sim Battery: 10000.0%
2026-07-02 12:46:00,844 - Drone1.SimulationBackend - DEBUG - Sim Battery: 10000.0%
2026-07-02 12:46:02,844 - Drone1.SimulationBackend - DEBUG - Sim Battery: 10000.0%
2026-07-02 12:46:04,843 - Drone1.SimulationBackend - DEBUG - Sim Battery: 10000.0%
2026-07-02 12:46:06,844 - Drone1.SimulationBackend - DEBUG - Sim Battery: 10000.0%
2026-07-02 12:46:08,844 - Drone1.SimulationBackend - DEBUG - Sim Battery: 10000.0%
2026-07-02 12:46:10,844 - Drone1.SimulationBackend - DEBUG - Sim Battery: 10000.0%
2026-07-02 12:46:12,844 - Drone1.SimulationBackend - DEBUG - Sim Battery: 10000.0%
2026-07-02 12:46:14,843 - Drone1.SimulationBackend - DEBUG - Sim Battery: 10000.0%
2026-07-02 12:46:16,843 - Drone1.SimulationBackend - DEBUG - Sim Battery: 10000.0%
2026-07-02 12:46:18,844 - Drone1.SimulationBackend - DEBUG - Sim Battery: 10000.0%
2026-07-02 12:46:20,844 - Drone1.SimulationBackend - DEBUG - Sim Battery: 10000.0%
2026-07-02 12:46:22,844 - Drone1.SimulationBackend - DEBUG - Sim Battery: 10000.0%
2026-07-02 12:46:24,844 - Drone1.SimulationBackend - DEBUG - Sim Battery: 10000.0%
2026-07-02 12:46:26,844 - Drone1.SimulationBackend - DEBUG - Sim Battery: 10000.0%
2026-07-02 12:46:28,844 - Drone1.SimulationBackend - DEBUG - Sim Battery: 10000.0%
2026-07-02 12:46:30,844 - Drone1.SimulationBackend - DEBUG - Sim Battery: 10000.0%
2026-07-02 12:46:32,844 - Drone1.SimulationBackend - DEBUG - Sim Battery: 10000.0%
2026-07-02 12:46:34,843 - Drone1.SimulationBackend - DEBUG - Sim Battery: 10000.0%
2026-07-02 12:46:36,844 - Drone1.SimulationBackend - DEBUG - Sim Battery: 10000.0%
2026-07-02 12:46:38,844 - Drone1.SimulationBackend - DEBUG - Sim Battery: 10000.0%
2026-07-02 12:46:40,844 - Drone1.SimulationBackend - DEBUG - Sim Battery: 10000.0%
2026-07-02 12:46:42,844 - Drone1.SimulationBackend - DEBUG - Sim Battery: 10000.0%
2026-07-02 12:46:44,843 - Drone1.SimulationBackend - DEBUG - Sim Battery: 10000.0%
2026-07-02 12:46:46,844 - Drone1.SimulationBackend - DEBUG - Sim Battery: 10000.0%
2026-07-02 12:46:48,844 - Drone1.SimulationBackend - DEBUG - Sim Battery: 10000.0%
2026-07-02 12:46:50,843 - Drone1.SimulationBackend - DEBUG - Sim Battery: 10000.0%
2026-07-02 12:46:52,844 - Drone1.SimulationBackend - DEBUG - Sim Battery: 10000.0%
2026-07-02 12:46:54,844 - Drone1.SimulationBackend - DEBUG - Sim Battery: 10000.0%
2026-07-02 12:46:56,844 - Drone1.SimulationBackend - DEBUG - Sim Battery: 10000.0%
2026-07-02 12:46:58,844 - Drone1.SimulationBackend - DEBUG - Sim Battery: 10000.0%
2026-07-02 12:47:00,844 - Drone1.SimulationBackend - DEBUG - Sim Battery: 10000.0%
2026-07-02 12:47:02,843 - Drone1.SimulationBackend - DEBUG - Sim Battery: 10000.0%
2026-07-02 12:47:04,844 - Drone1.SimulationBackend - DEBUG - Sim Battery: 10000.0%
2026-07-02 12:47:06,843 - Drone1.SimulationBackend - DEBUG - Sim Battery: 10000.0%
2026-07-02 12:47:08,844 - Drone1.SimulationBackend - DEBUG - Sim Battery: 10000.0%
2026-07-02 12:47:10,844 - Drone1.SimulationBackend - DEBUG - Sim Battery: 10000.0%
2026-07-02 12:47:12,844 - Drone1.SimulationBackend - DEBUG - Sim Battery: 10000.0%
2026-07-02 12:47:14,844 - Drone1.SimulationBackend - DEBUG - Sim Battery: 10000.0%
2026-07-02 12:47:16,844 - Drone1.SimulationBackend - DEBUG - Sim Battery: 10000.0%
2026-07-02 12:47:18,844 - Drone1.SimulationBackend - DEBUG - Sim Battery: 10000.0%
2026-07-02 12:47:20,844 - Drone1.SimulationBackend - DEBUG - Sim Battery: 10000.0%
2026-07-02 12:47:22,844 - Drone1.SimulationBackend - DEBUG - Sim Battery: 10000.0%
2026-07-02 12:47:24,844 - Drone1.SimulationBackend - DEBUG - Sim Battery: 10000.0%
2026-07-02 12:47:26,844 - Drone1.SimulationBackend - DEBUG - Sim Battery: 10000.0%
2026-07-02 12:47:28,844 - Drone1.SimulationBackend - DEBUG - Sim Battery: 10000.0%
2026-07-02 12:47:30,843 - Drone1.SimulationBackend - DEBUG - Sim Battery: 10000.0%
2026-07-02 12:47:32,843 - Drone1.SimulationBackend - DEBUG - Sim Battery: 10000.0%
2026-07-02 12:47:34,843 - Drone1.SimulationBackend - DEBUG - Sim Battery: 10000.0%
2026-07-02 12:47:36,843 - Drone1.SimulationBackend - DEBUG - Sim Battery: 10000.0%
2026-07-02 12:47:38,844 - Drone1.SimulationBackend - DEBUG - Sim Battery: 10000.0%
2026-07-02 12:47:40,844 - Drone1.SimulationBackend - DEBUG - Sim Battery: 10000.0%
2026-07-02 12:47:42,844 - Drone1.SimulationBackend - DEBUG - Sim Battery: 10000.0%
2026-07-02 12:47:44,844 - Drone1.SimulationBackend - DEBUG - Sim Battery: 10000.0%
2026-07-02 12:47:46,844 - Drone1.SimulationBackend - DEBUG - Sim Battery: 10000.0%
2026-07-02 12:47:48,844 - Drone1.SimulationBackend - DEBUG - Sim Battery: 10000.0%
2026-07-02 12:47:50,845 - Drone1.SimulationBackend - DEBUG - Sim Battery: 10000.0%
2026-07-02 12:47:52,844 - Drone1.SimulationBackend - DEBUG - Sim Battery: 10000.0%
2026-07-02 12:47:54,844 - Drone1.SimulationBackend - DEBUG - Sim Battery: 10000.0%
2026-07-02 12:47:56,844 - Drone1.SimulationBackend - DEBUG - Sim Battery: 10000.0%
2026-07-02 12:47:58,844 - Drone1.SimulationBackend - DEBUG - Sim Battery: 10000.0%
2026-07-02 12:48:00,844 - Drone1.SimulationBackend - DEBUG - Sim Battery: 10000.0%
2026-07-02 12:48:02,844 - Drone1.SimulationBackend - DEBUG - Sim Battery: 10000.0%
2026-07-02 12:48:04,844 - Drone1.SimulationBackend - DEBUG - Sim Battery: 10000.0%
2026-07-02 12:48:06,843 - Drone1.SimulationBackend - DEBUG - Sim Battery: 10000.0%
2026-07-02 12:48:08,844 - Drone1.SimulationBackend - DEBUG - Sim Battery: 10000.0%
2026-07-02 12:48:10,843 - Drone1.SimulationBackend - DEBUG - Sim Battery: 10000.0%
2026-07-02 12:48:12,843 - Drone1.SimulationBackend - DEBUG - Sim Battery: 10000.0%
2026-07-02 12:48:14,843 - Drone1.SimulationBackend - DEBUG - Sim Battery: 10000.0%
2026-07-02 12:48:16,844 - Drone1.SimulationBackend - DEBUG - Sim Battery: 10000.0%
2026-07-02 12:48:18,843 - Drone1.SimulationBackend - DEBUG - Sim Battery: 10000.0%
2026-07-02 12:48:20,843 - Drone1.SimulationBackend - DEBUG - Sim Battery: 10000.0%
2026-07-02 12:48:22,951 - Drone1.SimulationBackend - DEBUG - Sim Battery: 10000.0%
2026-07-02 12:48:25,065 - Drone1.SimulationBackend - DEBUG - Sim Battery: 10000.0%
2026-07-02 12:48:27,170 - Drone1.SimulationBackend - DEBUG - Sim Battery: 10000.0%
2026-07-02 12:48:29,170 - Drone1.SimulationBackend - DEBUG - Sim Battery: 10000.0%
2026-07-02 12:48:31,171 - Drone1.SimulationBackend - DEBUG - Sim Battery: 10000.0%
2026-07-02 12:48:33,170 - Drone1.SimulationBackend - DEBUG - Sim Battery: 10000.0%
2026-07-02 12:48:35,170 - Drone1.SimulationBackend - DEBUG - Sim Battery: 10000.0%
2026-07-02 12:48:37,170 - Drone1.SimulationBackend - DEBUG - Sim Battery: 10000.0%
2026-07-02 12:48:39,170 - Drone1.SimulationBackend - DEBUG - Sim Battery: 10000.0%
2026-07-02 12:48:41,170 - Drone1.SimulationBackend - DEBUG - Sim Battery: 10000.0%
2026-07-02 12:48:43,038 - Drone1.SimulationBackend - INFO - Taking off in simulation to 10.0m...
2026-07-02 12:48:43,039 - Drone1.SimulationBackend - INFO - Auto-arming before takeoff...
2026-07-02 12:48:43,171 - Drone1.SimulationBackend - DEBUG - Sim Battery: 10000.0%
2026-07-02 12:48:45,171 - Drone1.SimulationBackend - DEBUG - Sim Battery: 9800.0%
2026-07-02 12:48:47,170 - Drone1.SimulationBackend - DEBUG - Sim Battery: 9500.0%
2026-07-02 12:48:49,171 - Drone1.SimulationBackend - DEBUG - Sim Battery: 9100.0%
2026-07-02 12:48:51,170 - Drone1.SimulationBackend - DEBUG - Sim Battery: 8800.0%
2026-07-02 12:48:53,170 - Drone1.SimulationBackend - DEBUG - Sim Battery: 8500.0%
2026-07-02 12:48:55,170 - Drone1.SimulationBackend - DEBUG - Sim Battery: 8200.0%
2026-07-02 12:48:57,170 - Drone1.SimulationBackend - DEBUG - Sim Battery: 7800.0%
2026-07-02 12:48:59,171 - Drone1.SimulationBackend - DEBUG - Sim Battery: 7500.0%
2026-07-02 12:49:01,171 - Drone1.SimulationBackend - DEBUG - Sim Battery: 7200.0%
2026-07-02 12:49:03,170 - Drone1.SimulationBackend - DEBUG - Sim Battery: 6800.0%
2026-07-02 12:49:05,171 - Drone1.SimulationBackend - DEBUG - Sim Battery: 6500.0%
2026-07-02 12:49:07,170 - Drone1.SimulationBackend - DEBUG - Sim Battery: 6200.0%
2026-07-02 12:49:09,171 - Drone1.SimulationBackend - DEBUG - Sim Battery: 5800.0%
2026-07-02 12:49:11,170 - Drone1.SimulationBackend - DEBUG - Sim Battery: 5500.0%
2026-07-02 12:49:13,170 - Drone1.SimulationBackend - DEBUG - Sim Battery: 5200.0%
2026-07-02 12:49:15,171 - Drone1.SimulationBackend - DEBUG - Sim Battery: 5000.0%
2026-07-02 12:49:17,170 - Drone1.SimulationBackend - DEBUG - Sim Battery: 5000.0%
2026-07-02 12:49:19,170 - Drone1.SimulationBackend - DEBUG - Sim Battery: 5000.0%
2026-07-02 12:49:21,170 - Drone1.SimulationBackend - DEBUG - Sim Battery: 5000.0%
2026-07-02 12:49:23,171 - Drone1.SimulationBackend - DEBUG - Sim Battery: 5000.0%
2026-07-02 12:49:25,170 - Drone1.SimulationBackend - DEBUG - Sim Battery: 5000.0%
2026-07-02 12:49:27,170 - Drone1.SimulationBackend - DEBUG - Sim Battery: 5000.0%
2026-07-02 12:49:29,171 - Drone1.SimulationBackend - DEBUG - Sim Battery: 5000.0%
2026-07-02 12:49:31,171 - Drone1.SimulationBackend - DEBUG - Sim Battery: 5000.0%
2026-07-02 12:49:33,171 - Drone1.SimulationBackend - DEBUG - Sim Battery: 5000.0%
2026-07-02 12:49:35,171 - Drone1.SimulationBackend - DEBUG - Sim Battery: 5000.0%
2026-07-02 12:49:37,171 - Drone1.SimulationBackend - DEBUG - Sim Battery: 5000.0%
2026-07-02 12:49:39,170 - Drone1.SimulationBackend - DEBUG - Sim Battery: 5000.0%
2026-07-02 12:49:41,171 - Drone1.SimulationBackend - DEBUG - Sim Battery: 5000.0%
2026-07-02 12:49:43,170 - Drone1.SimulationBackend - DEBUG - Sim Battery: 5000.0%
2026-07-02 12:49:45,171 - Drone1.SimulationBackend - DEBUG - Sim Battery: 5000.0%
2026-07-02 12:49:47,171 - Drone1.SimulationBackend - DEBUG - Sim Battery: 5000.0%
2026-07-02 12:49:49,170 - Drone1.SimulationBackend - DEBUG - Sim Battery: 5000.0%
2026-07-02 12:49:51,170 - Drone1.SimulationBackend - DEBUG - Sim Battery: 5000.0%
2026-07-02 12:49:53,170 - Drone1.SimulationBackend - DEBUG - Sim Battery: 5000.0%
2026-07-02 12:49:55,171 - Drone1.SimulationBackend - DEBUG - Sim Battery: 5000.0%
2026-07-02 12:49:57,171 - Drone1.SimulationBackend - DEBUG - Sim Battery: 5000.0%
2026-07-02 12:49:59,171 - Drone1.SimulationBackend - DEBUG - Sim Battery: 5000.0%
2026-07-02 12:50:01,170 - Drone1.SimulationBackend - DEBUG - Sim Battery: 5000.0%
2026-07-02 12:50:03,170 - Drone1.SimulationBackend - DEBUG - Sim Battery: 5000.0%
2026-07-02 12:50:05,171 - Drone1.SimulationBackend - DEBUG - Sim Battery: 5000.0%
2026-07-02 12:50:07,170 - Drone1.SimulationBackend - DEBUG - Sim Battery: 5000.0%
2026-07-02 12:50:09,170 - Drone1.SimulationBackend - DEBUG - Sim Battery: 5000.0%
2026-07-02 12:50:11,170 - Drone1.SimulationBackend - DEBUG - Sim Battery: 5000.0%
2026-07-02 12:50:13,170 - Drone1.SimulationBackend - DEBUG - Sim Battery: 5000.0%
2026-07-02 12:50:15,170 - Drone1.SimulationBackend - DEBUG - Sim Battery: 5000.0%
2026-07-02 12:50:17,170 - Drone1.SimulationBackend - DEBUG - Sim Battery: 5000.0%
2026-07-02 12:50:19,170 - Drone1.SimulationBackend - DEBUG - Sim Battery: 5000.0%
2026-07-02 12:50:21,170 - Drone1.SimulationBackend - DEBUG - Sim Battery: 5000.0%
2026-07-02 12:50:23,170 - Drone1.SimulationBackend - DEBUG - Sim Battery: 5000.0%
2026-07-02 12:50:25,170 - Drone1.SimulationBackend - DEBUG - Sim Battery: 5000.0%
2026-07-02 12:50:27,170 - Drone1.SimulationBackend - DEBUG - Sim Battery: 5000.0%
2026-07-02 12:50:29,170 - Drone1.SimulationBackend - DEBUG - Sim Battery: 5000.0%
2026-07-02 12:50:31,170 - Drone1.SimulationBackend - DEBUG - Sim Battery: 5000.0%
2026-07-02 12:50:33,170 - Drone1.SimulationBackend - DEBUG - Sim Battery: 5000.0%
2026-07-02 12:50:35,170 - Drone1.SimulationBackend - DEBUG - Sim Battery: 5000.0%
2026-07-02 12:50:37,170 - Drone1.SimulationBackend - DEBUG - Sim Battery: 5000.0%
2026-07-02 12:50:39,171 - Drone1.SimulationBackend - DEBUG - Sim Battery: 5000.0%
2026-07-02 12:50:41,170 - Drone1.SimulationBackend - DEBUG - Sim Battery: 5000.0%
2026-07-02 12:50:43,170 - Drone1.SimulationBackend - DEBUG - Sim Battery: 5000.0%
2026-07-02 12:50:45,170 - Drone1.SimulationBackend - DEBUG - Sim Battery: 5000.0%
2026-07-02 12:50:47,170 - Drone1.SimulationBackend - DEBUG - Sim Battery: 5000.0%
2026-07-02 12:50:49,170 - Drone1.SimulationBackend - DEBUG - Sim Battery: 5000.0%
2026-07-02 12:50:51,170 - Drone1.SimulationBackend - DEBUG - Sim Battery: 5000.0%
2026-07-02 12:50:53,171 - Drone1.SimulationBackend - DEBUG - Sim Battery: 5000.0%
2026-07-02 12:50:55,171 - Drone1.SimulationBackend - DEBUG - Sim Battery: 5000.0%
2026-07-02 12:50:57,170 - Drone1.SimulationBackend - DEBUG - Sim Battery: 5000.0%
2026-07-02 12:50:59,170 - Drone1.SimulationBackend - DEBUG - Sim Battery: 5000.0%
2026-07-02 12:51:01,170 - Drone1.SimulationBackend - DEBUG - Sim Battery: 5000.0%
2026-07-02 12:51:03,171 - Drone1.SimulationBackend - DEBUG - Sim Battery: 5000.0%
2026-07-02 12:51:05,170 - Drone1.SimulationBackend - DEBUG - Sim Battery: 5000.0%
2026-07-02 12:51:07,170 - Drone1.SimulationBackend - DEBUG - Sim Battery: 5000.0%
2026-07-02 12:51:09,170 - Drone1.SimulationBackend - DEBUG - Sim Battery: 5000.0%
2026-07-02 12:51:11,170 - Drone1.SimulationBackend - DEBUG - Sim Battery: 5000.0%
2026-07-02 12:51:13,170 - Drone1.SimulationBackend - DEBUG - Sim Battery: 5000.0%
2026-07-02 12:51:15,170 - Drone1.SimulationBackend - DEBUG - Sim Battery: 5000.0%
2026-07-02 12:51:17,170 - Drone1.SimulationBackend - DEBUG - Sim Battery: 5000.0%
2026-07-02 12:51:19,170 - Drone1.SimulationBackend - DEBUG - Sim Battery: 5000.0%
2026-07-02 12:51:21,170 - Drone1.SimulationBackend - DEBUG - Sim Battery: 5000.0%
2026-07-02 12:51:23,170 - Drone1.SimulationBackend - DEBUG - Sim Battery: 5000.0%
2026-07-02 12:51:25,170 - Drone1.SimulationBackend - DEBUG - Sim Battery: 5000.0%
2026-07-02 12:51:27,170 - Drone1.SimulationBackend - DEBUG - Sim Battery: 5000.0%
2026-07-02 12:51:29,171 - Drone1.SimulationBackend - DEBUG - Sim Battery: 5000.0%
2026-07-02 12:51:31,170 - Drone1.SimulationBackend - DEBUG - Sim Battery: 5000.0%
2026-07-02 12:51:33,170 - Drone1.SimulationBackend - DEBUG - Sim Battery: 5000.0%
2026-07-02 12:51:35,170 - Drone1.SimulationBackend - DEBUG - Sim Battery: 5000.0%
2026-07-02 12:51:37,170 - Drone1.SimulationBackend - DEBUG - Sim Battery: 5000.0%
2026-07-02 12:51:39,171 - Drone1.SimulationBackend - DEBUG - Sim Battery: 5000.0%
2026-07-02 12:51:41,170 - Drone1.SimulationBackend - DEBUG - Sim Battery: 5000.0%
2026-07-02 12:51:43,170 - Drone1.SimulationBackend - DEBUG - Sim Battery: 5000.0%
2026-07-02 12:51:45,171 - Drone1.SimulationBackend - DEBUG - Sim Battery: 5000.0%
2026-07-02 12:51:47,170 - Drone1.SimulationBackend - DEBUG - Sim Battery: 5000.0%
2026-07-02 12:51:49,170 - Drone1.SimulationBackend - DEBUG - Sim Battery: 5000.0%
2026-07-02 12:51:51,170 - Drone1.SimulationBackend - DEBUG - Sim Battery: 5000.0%
2026-07-02 12:51:53,170 - Drone1.SimulationBackend - DEBUG - Sim Battery: 5000.0%
2026-07-02 12:51:55,170 - Drone1.SimulationBackend - DEBUG - Sim Battery: 5000.0%
2026-07-02 12:51:57,170 - Drone1.SimulationBackend - DEBUG - Sim Battery: 5000.0%
2026-07-02 12:51:59,170 - Drone1.SimulationBackend - DEBUG - Sim Battery: 5000.0%
2026-07-02 12:52:01,171 - Drone1.SimulationBackend - DEBUG - Sim Battery: 5000.0%
2026-07-02 12:52:03,170 - Drone1.SimulationBackend - DEBUG - Sim Battery: 5000.0%
2026-07-02 12:52:05,170 - Drone1.SimulationBackend - DEBUG - Sim Battery: 5000.0%
2026-07-02 12:52:07,170 - Drone1.SimulationBackend - DEBUG - Sim Battery: 5000.0%
2026-07-02 12:52:09,170 - Drone1.SimulationBackend - DEBUG - Sim Battery: 5000.0%
2026-07-02 12:52:11,170 - Drone1.SimulationBackend - DEBUG - Sim Battery: 5000.0%
2026-07-02 12:52:13,170 - Drone1.SimulationBackend - DEBUG - Sim Battery: 5000.0%
2026-07-02 12:52:15,170 - Drone1.SimulationBackend - DEBUG - Sim Battery: 5000.0%
2026-07-02 12:52:17,170 - Drone1.SimulationBackend - DEBUG - Sim Battery: 5000.0%
2026-07-02 12:52:19,170 - Drone1.SimulationBackend - DEBUG - Sim Battery: 5000.0%
2026-07-02 12:52:21,170 - Drone1.SimulationBackend - DEBUG - Sim Battery: 5000.0%
2026-07-02 12:52:23,170 - Drone1.SimulationBackend - DEBUG - Sim Battery: 5000.0%
2026-07-02 12:52:25,170 - Drone1.SimulationBackend - DEBUG - Sim Battery: 5000.0%
2026-07-02 12:52:27,170 - Drone1.SimulationBackend - DEBUG - Sim Battery: 5000.0%
2026-07-02 12:52:29,171 - Drone1.SimulationBackend - DEBUG - Sim Battery: 5000.0%
2026-07-02 12:52:31,170 - Drone1.SimulationBackend - DEBUG - Sim Battery: 5000.0%
2026-07-02 12:52:33,171 - Drone1.SimulationBackend - DEBUG - Sim Battery: 5000.0%
2026-07-02 12:52:35,170 - Drone1.SimulationBackend - DEBUG - Sim Battery: 5000.0%
2026-07-02 12:52:37,170 - Drone1.SimulationBackend - DEBUG - Sim Battery: 5000.0%
2026-07-02 12:52:39,170 - Drone1.SimulationBackend - DEBUG - Sim Battery: 5000.0%
2026-07-02 12:52:41,170 - Drone1.SimulationBackend - DEBUG - Sim Battery: 5000.0%
2026-07-02 12:52:43,170 - Drone1.SimulationBackend - DEBUG - Sim Battery: 5000.0%
2026-07-02 12:52:45,170 - Drone1.SimulationBackend - DEBUG - Sim Battery: 5000.0%
2026-07-02 12:52:47,170 - Drone1.SimulationBackend - DEBUG - Sim Battery: 5000.0%
2026-07-02 12:52:49,170 - Drone1.SimulationBackend - DEBUG - Sim Battery: 5000.0%
2026-07-02 12:52:51,170 - Drone1.SimulationBackend - DEBUG - Sim Battery: 5000.0%
2026-07-02 12:52:53,170 - Drone1.SimulationBackend - DEBUG - Sim Battery: 5000.0%
2026-07-02 12:52:55,170 - Drone1.SimulationBackend - DEBUG - Sim Battery: 5000.0%
2026-07-02 12:52:57,170 - Drone1.SimulationBackend - DEBUG - Sim Battery: 5000.0%
2026-07-02 12:52:59,170 - Drone1.SimulationBackend - DEBUG - Sim Battery: 5000.0%
2026-07-02 12:53:01,170 - Drone1.SimulationBackend - DEBUG - Sim Battery: 5000.0%
2026-07-02 12:53:03,170 - Drone1.SimulationBackend - DEBUG - Sim Battery: 5000.0%
2026-07-02 12:53:05,170 - Drone1.SimulationBackend - DEBUG - Sim Battery: 5000.0%
2026-07-02 12:53:07,170 - Drone1.SimulationBackend - DEBUG - Sim Battery: 5000.0%
2026-07-02 12:53:09,170 - Drone1.SimulationBackend - DEBUG - Sim Battery: 5000.0%
2026-07-02 12:53:11,170 - Drone1.SimulationBackend - DEBUG - Sim Battery: 5000.0%
2026-07-02 12:53:13,170 - Drone1.SimulationBackend - DEBUG - Sim Battery: 5000.0%
2026-07-02 12:53:15,170 - Drone1.SimulationBackend - DEBUG - Sim Battery: 5000.0%
2026-07-02 12:53:17,170 - Drone1.SimulationBackend - DEBUG - Sim Battery: 5000.0%
2026-07-02 12:53:19,170 - Drone1.SimulationBackend - DEBUG - Sim Battery: 5000.0%
2026-07-02 12:53:21,170 - Drone1.SimulationBackend - DEBUG - Sim Battery: 5000.0%
2026-07-02 12:53:23,170 - Drone1.SimulationBackend - DEBUG - Sim Battery: 5000.0%
2026-07-02 12:53:25,170 - Drone1.SimulationBackend - DEBUG - Sim Battery: 5000.0%
2026-07-02 12:53:27,170 - Drone1.SimulationBackend - DEBUG - Sim Battery: 5000.0%
2026-07-02 12:53:29,170 - Drone1.SimulationBackend - DEBUG - Sim Battery: 5000.0%
2026-07-02 12:53:31,170 - Drone1.SimulationBackend - DEBUG - Sim Battery: 5000.0%
2026-07-02 12:53:33,172 - Drone1.SimulationBackend - DEBUG - Sim Battery: 5000.0%
2026-07-02 12:53:35,170 - Drone1.SimulationBackend - DEBUG - Sim Battery: 5000.0%
2026-07-02 12:53:37,170 - Drone1.SimulationBackend - DEBUG - Sim Battery: 5000.0%
2026-07-02 12:53:39,170 - Drone1.SimulationBackend - DEBUG - Sim Battery: 5000.0%
2026-07-02 12:53:41,170 - Drone1.SimulationBackend - DEBUG - Sim Battery: 5000.0%
2026-07-02 12:53:43,170 - Drone1.SimulationBackend - DEBUG - Sim Battery: 5000.0%
2026-07-02 12:53:45,170 - Drone1.SimulationBackend - DEBUG - Sim Battery: 5000.0%
2026-07-02 12:53:47,171 - Drone1.SimulationBackend - DEBUG - Sim Battery: 5000.0%
2026-07-02 12:53:49,170 - Drone1.SimulationBackend - DEBUG - Sim Battery: 5000.0%
2026-07-02 12:53:51,170 - Drone1.SimulationBackend - DEBUG - Sim Battery: 5000.0%
2026-07-02 12:53:53,170 - Drone1.SimulationBackend - DEBUG - Sim Battery: 5000.0%
2026-07-02 12:53:55,170 - Drone1.SimulationBackend - DEBUG - Sim Battery: 5000.0%
2026-07-02 12:53:57,170 - Drone1.SimulationBackend - DEBUG - Sim Battery: 5000.0%
2026-07-02 12:53:59,171 - Drone1.SimulationBackend - DEBUG - Sim Battery: 5000.0%
2026-07-02 12:54:01,170 - Drone1.SimulationBackend - DEBUG - Sim Battery: 5000.0%
2026-07-02 12:54:03,170 - Drone1.SimulationBackend - DEBUG - Sim Battery: 5000.0%
2026-07-02 12:54:05,170 - Drone1.SimulationBackend - DEBUG - Sim Battery: 5000.0%
2026-07-02 12:54:07,170 - Drone1.SimulationBackend - DEBUG - Sim Battery: 5000.0%
2026-07-02 12:54:09,170 - Drone1.SimulationBackend - DEBUG - Sim Battery: 5000.0%
2026-07-02 12:54:11,170 - Drone1.SimulationBackend - DEBUG - Sim Battery: 5000.0%
2026-07-02 12:54:13,170 - Drone1.SimulationBackend - DEBUG - Sim Battery: 5000.0%
2026-07-02 12:54:15,171 - Drone1.SimulationBackend - DEBUG - Sim Battery: 5000.0%
2026-07-02 12:54:17,170 - Drone1.SimulationBackend - DEBUG - Sim Battery: 5000.0%
2026-07-02 12:54:19,170 - Drone1.SimulationBackend - DEBUG - Sim Battery: 5000.0%
2026-07-02 12:54:21,170 - Drone1.SimulationBackend - DEBUG - Sim Battery: 5000.0%
2026-07-02 12:54:23,170 - Drone1.SimulationBackend - DEBUG - Sim Battery: 5000.0%
2026-07-02 12:54:25,171 - Drone1.SimulationBackend - DEBUG - Sim Battery: 5000.0%
2026-07-02 12:54:27,170 - Drone1.SimulationBackend - DEBUG - Sim Battery: 5000.0%
2026-07-02 12:54:29,170 - Drone1.SimulationBackend - DEBUG - Sim Battery: 5000.0%
2026-07-02 12:54:31,170 - Drone1.SimulationBackend - DEBUG - Sim Battery: 5000.0%
2026-07-02 12:54:33,170 - Drone1.SimulationBackend - DEBUG - Sim Battery: 5000.0%
2026-07-02 12:54:35,170 - Drone1.SimulationBackend - DEBUG - Sim Battery: 5000.0%
2026-07-02 12:54:37,170 - Drone1.SimulationBackend - DEBUG - Sim Battery: 5000.0%
2026-07-02 12:54:39,171 - Drone1.SimulationBackend - DEBUG - Sim Battery: 5000.0%
2026-07-02 12:54:41,171 - Drone1.SimulationBackend - DEBUG - Sim Battery: 5000.0%
2026-07-02 12:54:43,170 - Drone1.SimulationBackend - DEBUG - Sim Battery: 5000.0%
2026-07-02 12:54:45,170 - Drone1.SimulationBackend - DEBUG - Sim Battery: 5000.0%
2026-07-02 12:54:47,170 - Drone1.SimulationBackend - DEBUG - Sim Battery: 5000.0%
2026-07-02 12:54:49,170 - Drone1.SimulationBackend - DEBUG - Sim Battery: 5000.0%
2026-07-02 12:54:51,170 - Drone1.SimulationBackend - DEBUG - Sim Battery: 5000.0%
2026-07-02 12:54:53,170 - Drone1.SimulationBackend - DEBUG - Sim Battery: 5000.0%
2026-07-02 12:54:55,170 - Drone1.SimulationBackend - DEBUG - Sim Battery: 5000.0%
2026-07-02 12:54:57,170 - Drone1.SimulationBackend - DEBUG - Sim Battery: 5000.0%
2026-07-02 12:54:59,170 - Drone1.SimulationBackend - DEBUG - Sim Battery: 5000.0%
2026-07-02 12:55:01,170 - Drone1.SimulationBackend - DEBUG - Sim Battery: 5000.0%
2026-07-02 12:55:03,170 - Drone1.SimulationBackend - DEBUG - Sim Battery: 5000.0%
2026-07-02 12:55:05,170 - Drone1.SimulationBackend - DEBUG - Sim Battery: 5000.0%
2026-07-02 12:55:07,170 - Drone1.SimulationBackend - DEBUG - Sim Battery: 5000.0%
2026-07-02 12:55:09,170 - Drone1.SimulationBackend - DEBUG - Sim Battery: 5000.0%
2026-07-02 12:55:11,170 - Drone1.SimulationBackend - DEBUG - Sim Battery: 5000.0%
2026-07-02 12:55:13,170 - Drone1.SimulationBackend - DEBUG - Sim Battery: 5000.0%
2026-07-02 12:55:15,170 - Drone1.SimulationBackend - DEBUG - Sim Battery: 5000.0%
2026-07-02 12:55:17,170 - Drone1.SimulationBackend - DEBUG - Sim Battery: 5000.0%
2026-07-02 12:55:19,170 - Drone1.SimulationBackend - DEBUG - Sim Battery: 5000.0%
2026-07-02 12:55:21,170 - Drone1.SimulationBackend - DEBUG - Sim Battery: 5000.0%
2026-07-02 12:55:23,170 - Drone1.SimulationBackend - DEBUG - Sim Battery: 5000.0%
2026-07-02 12:55:25,170 - Drone1.SimulationBackend - DEBUG - Sim Battery: 5000.0%
2026-07-02 12:55:27,171 - Drone1.SimulationBackend - DEBUG - Sim Battery: 5000.0%
2026-07-02 12:55:29,170 - Drone1.SimulationBackend - DEBUG - Sim Battery: 5000.0%
2026-07-02 12:55:31,172 - Drone1.SimulationBackend - DEBUG - Sim Battery: 5000.0%
2026-07-02 12:55:33,170 - Drone1.SimulationBackend - DEBUG - Sim Battery: 5000.0%
2026-07-02 12:55:35,170 - Drone1.SimulationBackend - DEBUG - Sim Battery: 5000.0%
2026-07-02 12:55:37,170 - Drone1.SimulationBackend - DEBUG - Sim Battery: 5000.0%
2026-07-02 12:55:39,170 - Drone1.SimulationBackend - DEBUG - Sim Battery: 5000.0%
2026-07-02 12:55:41,170 - Drone1.SimulationBackend - DEBUG - Sim Battery: 5000.0%
2026-07-02 12:55:43,170 - Drone1.SimulationBackend - DEBUG - Sim Battery: 5000.0%
2026-07-02 12:55:45,171 - Drone1.SimulationBackend - DEBUG - Sim Battery: 5000.0%
2026-07-02 12:55:47,171 - Drone1.SimulationBackend - DEBUG - Sim Battery: 5000.0%
2026-07-02 12:55:49,170 - Drone1.SimulationBackend - DEBUG - Sim Battery: 5000.0%
2026-07-02 12:55:51,170 - Drone1.SimulationBackend - DEBUG - Sim Battery: 5000.0%
2026-07-02 12:55:53,170 - Drone1.SimulationBackend - DEBUG - Sim Battery: 5000.0%
2026-07-02 12:55:55,170 - Drone1.SimulationBackend - DEBUG - Sim Battery: 5000.0%
2026-07-02 12:55:57,170 - Drone1.SimulationBackend - DEBUG - Sim Battery: 5000.0%
2026-07-02 12:55:59,170 - Drone1.SimulationBackend - DEBUG - Sim Battery: 5000.0%
2026-07-02 12:56:01,170 - Drone1.SimulationBackend - DEBUG - Sim Battery: 5000.0%
2026-07-02 12:56:03,170 - Drone1.SimulationBackend - DEBUG - Sim Battery: 5000.0%
2026-07-02 12:56:05,170 - Drone1.SimulationBackend - DEBUG - Sim Battery: 5000.0%
2026-07-02 12:56:07,170 - Drone1.SimulationBackend - DEBUG - Sim Battery: 5000.0%
2026-07-02 12:56:09,170 - Drone1.SimulationBackend - DEBUG - Sim Battery: 5000.0%
2026-07-02 12:56:11,170 - Drone1.SimulationBackend - DEBUG - Sim Battery: 5000.0%
2026-07-02 12:56:13,170 - Drone1.SimulationBackend - DEBUG - Sim Battery: 5000.0%
2026-07-02 12:56:15,170 - Drone1.SimulationBackend - DEBUG - Sim Battery: 5000.0%
2026-07-02 12:56:17,170 - Drone1.SimulationBackend - DEBUG - Sim Battery: 5000.0%
2026-07-02 12:56:19,170 - Drone1.SimulationBackend - DEBUG - Sim Battery: 5000.0%
2026-07-02 12:56:21,169 - Drone1.SimulationBackend - DEBUG - Sim Battery: 5000.0%
2026-07-02 12:56:23,173 - Drone1.SimulationBackend - DEBUG - Sim Battery: 5000.0%
2026-07-02 12:56:25,170 - Drone1.SimulationBackend - DEBUG - Sim Battery: 5000.0%
2026-07-02 12:56:27,170 - Drone1.SimulationBackend - DEBUG - Sim Battery: 5000.0%
2026-07-02 12:56:29,170 - Drone1.SimulationBackend - DEBUG - Sim Battery: 5000.0%
2026-07-02 12:56:31,170 - Drone1.SimulationBackend - DEBUG - Sim Battery: 5000.0%
2026-07-02 12:56:33,170 - Drone1.SimulationBackend - DEBUG - Sim Battery: 5000.0%
2026-07-02 12:56:35,170 - Drone1.SimulationBackend - DEBUG - Sim Battery: 5000.0%
2026-07-02 12:56:37,170 - Drone1.SimulationBackend - DEBUG - Sim Battery: 5000.0%
2026-07-02 12:56:39,170 - Drone1.SimulationBackend - DEBUG - Sim Battery: 5000.0%
2026-07-02 12:56:41,170 - Drone1.SimulationBackend - DEBUG - Sim Battery: 5000.0%
2026-07-02 12:56:43,170 - Drone1.SimulationBackend - DEBUG - Sim Battery: 5000.0%
2026-07-02 12:56:45,170 - Drone1.SimulationBackend - DEBUG - Sim Battery: 5000.0%
2026-07-02 12:56:47,170 - Drone1.SimulationBackend - DEBUG - Sim Battery: 5000.0%
2026-07-02 12:56:49,170 - Drone1.SimulationBackend - DEBUG - Sim Battery: 5000.0%
2026-07-02 12:56:51,170 - Drone1.SimulationBackend - DEBUG - Sim Battery: 5000.0%
2026-07-02 12:56:53,170 - Drone1.SimulationBackend - DEBUG - Sim Battery: 5000.0%
2026-07-02 12:56:55,171 - Drone1.SimulationBackend - DEBUG - Sim Battery: 5000.0%
2026-07-02 12:56:57,170 - Drone1.SimulationBackend - DEBUG - Sim Battery: 5000.0%
2026-07-02 12:56:59,170 - Drone1.SimulationBackend - DEBUG - Sim Battery: 5000.0%
2026-07-02 12:57:01,170 - Drone1.SimulationBackend - DEBUG - Sim Battery: 5000.0%
2026-07-02 12:57:03,174 - Drone1.SimulationBackend - DEBUG - Sim Battery: 5000.0%
2026-07-02 12:57:05,170 - Drone1.SimulationBackend - DEBUG - Sim Battery: 5000.0%
2026-07-02 12:57:07,170 - Drone1.SimulationBackend - DEBUG - Sim Battery: 5000.0%
2026-07-02 12:57:09,170 - Drone1.SimulationBackend - DEBUG - Sim Battery: 5000.0%
2026-07-02 12:57:11,170 - Drone1.SimulationBackend - DEBUG - Sim Battery: 5000.0%
2026-07-02 12:57:13,170 - Drone1.SimulationBackend - DEBUG - Sim Battery: 5000.0%
2026-07-02 12:57:15,170 - Drone1.SimulationBackend - DEBUG - Sim Battery: 5000.0%
2026-07-02 12:57:17,171 - Drone1.SimulationBackend - DEBUG - Sim Battery: 5000.0%
2026-07-02 12:57:19,170 - Drone1.SimulationBackend - DEBUG - Sim Battery: 5000.0%
2026-07-02 12:57:21,169 - Drone1.SimulationBackend - DEBUG - Sim Battery: 5000.0%
2026-07-02 12:57:23,170 - Drone1.SimulationBackend - DEBUG - Sim Battery: 5000.0%
2026-07-02 12:57:25,170 - Drone1.SimulationBackend - DEBUG - Sim Battery: 5000.0%
2026-07-02 12:57:27,170 - Drone1.SimulationBackend - DEBUG - Sim Battery: 5000.0%
2026-07-02 12:57:29,170 - Drone1.SimulationBackend - DEBUG - Sim Battery: 5000.0%
2026-07-02 12:57:31,169 - Drone1.SimulationBackend - DEBUG - Sim Battery: 5000.0%
2026-07-02 12:57:33,170 - Drone1.SimulationBackend - DEBUG - Sim Battery: 5000.0%
2026-07-02 12:57:35,169 - Drone1.SimulationBackend - DEBUG - Sim Battery: 5000.0%
2026-07-02 12:57:37,170 - Drone1.SimulationBackend - DEBUG - Sim Battery: 5000.0%
2026-07-02 12:57:39,171 - Drone1.SimulationBackend - DEBUG - Sim Battery: 5000.0%
2026-07-02 12:57:41,170 - Drone1.SimulationBackend - DEBUG - Sim Battery: 5000.0%
2026-07-02 12:57:43,171 - Drone1.SimulationBackend - DEBUG - Sim Battery: 5000.0%
2026-07-02 12:57:45,170 - Drone1.SimulationBackend - DEBUG - Sim Battery: 5000.0%
2026-07-02 12:57:47,170 - Drone1.SimulationBackend - DEBUG - Sim Battery: 5000.0%
2026-07-02 12:57:49,170 - Drone1.SimulationBackend - DEBUG - Sim Battery: 5000.0%
2026-07-02 12:57:51,170 - Drone1.SimulationBackend - DEBUG - Sim Battery: 5000.0%
2026-07-02 12:57:53,174 - Drone1.SimulationBackend - DEBUG - Sim Battery: 5000.0%
2026-07-02 12:57:55,174 - Drone1.SimulationBackend - DEBUG - Sim Battery: 5000.0%
2026-07-02 12:57:57,174 - Drone1.SimulationBackend - DEBUG - Sim Battery: 5000.0%
2026-07-02 12:57:59,174 - Drone1.SimulationBackend - DEBUG - Sim Battery: 5000.0%
2026-07-02 12:58:01,175 - Drone1.SimulationBackend - DEBUG - Sim Battery: 5000.0%
2026-07-02 12:58:03,174 - Drone1.SimulationBackend - DEBUG - Sim Battery: 5000.0%
2026-07-02 12:58:05,174 - Drone1.SimulationBackend - DEBUG - Sim Battery: 5000.0%
2026-07-02 12:58:07,175 - Drone1.SimulationBackend - DEBUG - Sim Battery: 5000.0%
2026-07-02 12:58:09,174 - Drone1.SimulationBackend - DEBUG - Sim Battery: 5000.0%
2026-07-02 12:58:11,175 - Drone1.SimulationBackend - DEBUG - Sim Battery: 5000.0%
2026-07-02 12:58:13,174 - Drone1.SimulationBackend - DEBUG - Sim Battery: 5000.0%
2026-07-02 12:58:15,174 - Drone1.SimulationBackend - DEBUG - Sim Battery: 5000.0%
2026-07-02 12:58:17,174 - Drone1.SimulationBackend - DEBUG - Sim Battery: 5000.0%
2026-07-02 12:58:19,174 - Drone1.SimulationBackend - DEBUG - Sim Battery: 5000.0%
2026-07-02 12:58:21,175 - Drone1.SimulationBackend - DEBUG - Sim Battery: 5000.0%
2026-07-02 12:58:23,174 - Drone1.SimulationBackend - DEBUG - Sim Battery: 5000.0%
2026-07-02 12:58:25,174 - Drone1.SimulationBackend - DEBUG - Sim Battery: 5000.0%
2026-07-02 12:58:27,174 - Drone1.SimulationBackend - DEBUG - Sim Battery: 5000.0%
2026-07-02 12:58:29,175 - Drone1.SimulationBackend - DEBUG - Sim Battery: 5000.0%
2026-07-02 12:58:31,174 - Drone1.SimulationBackend - DEBUG - Sim Battery: 5000.0%
2026-07-02 12:58:33,174 - Drone1.SimulationBackend - DEBUG - Sim Battery: 5000.0%
2026-07-02 12:58:35,174 - Drone1.SimulationBackend - DEBUG - Sim Battery: 5000.0%
2026-07-02 12:58:37,175 - Drone1.SimulationBackend - DEBUG - Sim Battery: 5000.0%
2026-07-02 12:58:39,174 - Drone1.SimulationBackend - DEBUG - Sim Battery: 5000.0%
2026-07-02 12:58:41,174 - Drone1.SimulationBackend - DEBUG - Sim Battery: 5000.0%
2026-07-02 12:58:43,175 - Drone1.SimulationBackend - DEBUG - Sim Battery: 5000.0%
2026-07-02 12:58:45,174 - Drone1.SimulationBackend - DEBUG - Sim Battery: 5000.0%
2026-07-02 12:58:47,174 - Drone1.SimulationBackend - DEBUG - Sim Battery: 5000.0%
2026-07-02 12:58:49,174 - Drone1.SimulationBackend - DEBUG - Sim Battery: 5000.0%
2026-07-02 12:58:51,174 - Drone1.SimulationBackend - DEBUG - Sim Battery: 5000.0%
2026-07-02 12:58:53,175 - Drone1.SimulationBackend - DEBUG - Sim Battery: 5000.0%
2026-07-02 12:58:55,174 - Drone1.SimulationBackend - DEBUG - Sim Battery: 5000.0%
2026-07-02 12:58:57,174 - Drone1.SimulationBackend - DEBUG - Sim Battery: 5000.0%
2026-07-02 12:58:59,174 - Drone1.SimulationBackend - DEBUG - Sim Battery: 5000.0%
2026-07-02 12:59:01,175 - Drone1.SimulationBackend - DEBUG - Sim Battery: 5000.0%
2026-07-02 12:59:03,174 - Drone1.SimulationBackend - DEBUG - Sim Battery: 5000.0%
2026-07-02 12:59:05,174 - Drone1.SimulationBackend - DEBUG - Sim Battery: 5000.0%
2026-07-02 12:59:07,174 - Drone1.SimulationBackend - DEBUG - Sim Battery: 5000.0%
2026-07-02 12:59:09,174 - Drone1.SimulationBackend - DEBUG - Sim Battery: 5000.0%
2026-07-02 12:59:11,174 - Drone1.SimulationBackend - DEBUG - Sim Battery: 5000.0%
2026-07-02 12:59:13,174 - Drone1.SimulationBackend - DEBUG - Sim Battery: 5000.0%
2026-07-02 12:59:15,174 - Drone1.SimulationBackend - DEBUG - Sim Battery: 5000.0%
2026-07-02 12:59:17,174 - Drone1.SimulationBackend - DEBUG - Sim Battery: 5000.0%
2026-07-02 12:59:19,174 - Drone1.SimulationBackend - DEBUG - Sim Battery: 5000.0%
2026-07-02 12:59:21,174 - Drone1.SimulationBackend - DEBUG - Sim Battery: 5000.0%
2026-07-02 12:59:23,174 - Drone1.SimulationBackend - DEBUG - Sim Battery: 5000.0%
2026-07-02 12:59:25,174 - Drone1.SimulationBackend - DEBUG - Sim Battery: 5000.0%
2026-07-02 12:59:27,184 - Drone1.SimulationBackend - DEBUG - Sim Battery: 5000.0%
2026-07-02 12:59:29,183 - Drone1.SimulationBackend - DEBUG - Sim Battery: 5000.0%
2026-07-02 12:59:31,183 - Drone1.SimulationBackend - DEBUG - Sim Battery: 5000.0%
2026-07-02 12:59:33,183 - Drone1.SimulationBackend - DEBUG - Sim Battery: 5000.0%
2026-07-02 12:59:35,183 - Drone1.SimulationBackend - DEBUG - Sim Battery: 5000.0%
2026-07-02 12:59:37,183 - Drone1.SimulationBackend - DEBUG - Sim Battery: 5000.0%
2026-07-02 12:59:39,183 - Drone1.SimulationBackend - DEBUG - Sim Battery: 5000.0%
2026-07-02 12:59:41,183 - Drone1.SimulationBackend - DEBUG - Sim Battery: 5000.0%
2026-07-02 12:59:43,183 - Drone1.SimulationBackend - DEBUG - Sim Battery: 5000.0%
2026-07-02 12:59:45,183 - Drone1.SimulationBackend - DEBUG - Sim Battery: 5000.0%
2026-07-02 12:59:47,183 - Drone1.SimulationBackend - DEBUG - Sim Battery: 5000.0%
2026-07-02 12:59:49,183 - Drone1.SimulationBackend - DEBUG - Sim Battery: 5000.0%
2026-07-02 12:59:51,183 - Drone1.SimulationBackend - DEBUG - Sim Battery: 5000.0%
2026-07-02 12:59:53,183 - Drone1.SimulationBackend - DEBUG - Sim Battery: 5000.0%
2026-07-02 12:59:53,661 - Drone1.StateMachine - DEBUG - No transition defined for BOOT --[arm_command]--> ?
2026-07-02 12:59:53,835 - Drone1.StateMachine - DEBUG - No transition defined for BOOT --[arm_command]--> ?
2026-07-02 12:59:54,011 - Drone1.StateMachine - DEBUG - No transition defined for BOOT --[arm_command]--> ?
2026-07-02 12:59:54,188 - Drone1.StateMachine - DEBUG - No transition defined for BOOT --[arm_command]--> ?
2026-07-02 12:59:54,367 - Drone1.StateMachine - DEBUG - No transition defined for BOOT --[arm_command]--> ?
2026-07-02 12:59:55,185 - Drone1.SimulationBackend - DEBUG - Sim Battery: 5000.0%
2026-07-02 12:59:57,184 - Drone1.SimulationBackend - DEBUG - Sim Battery: 5000.0%
2026-07-02 12:59:59,183 - Drone1.SimulationBackend - DEBUG - Sim Battery: 5000.0%
2026-07-02 13:00:01,184 - Drone1.SimulationBackend - DEBUG - Sim Battery: 5000.0%
2026-07-02 13:00:02,006 - Drone1.SimulationBackend - INFO - Taking off in simulation to 10.0m...
2026-07-02 13:00:02,810 - Drone1.SimulationBackend - INFO - Taking off in simulation to 10.0m...
2026-07-02 13:00:03,184 - Drone1.SimulationBackend - DEBUG - Sim Battery: 5000.0%
2026-07-02 13:00:05,183 - Drone1.SimulationBackend - DEBUG - Sim Battery: 5000.0%
2026-07-02 13:00:07,184 - Drone1.SimulationBackend - DEBUG - Sim Battery: 5000.0%
2026-07-02 13:00:09,184 - Drone1.SimulationBackend - DEBUG - Sim Battery: 5000.0%
2026-07-02 13:00:11,183 - Drone1.SimulationBackend - DEBUG - Sim Battery: 5000.0%
2026-07-02 13:00:13,184 - Drone1.SimulationBackend - DEBUG - Sim Battery: 5000.0%
2026-07-02 13:00:15,184 - Drone1.SimulationBackend - DEBUG - Sim Battery: 5000.0%
2026-07-02 13:00:17,185 - Drone1.SimulationBackend - DEBUG - Sim Battery: 5000.0%
2026-07-02 13:00:19,183 - Drone1.SimulationBackend - DEBUG - Sim Battery: 5000.0%
2026-07-02 13:00:21,184 - Drone1.SimulationBackend - DEBUG - Sim Battery: 5000.0%
2026-07-02 13:00:23,183 - Drone1.SimulationBackend - DEBUG - Sim Battery: 5000.0%
2026-07-02 13:00:25,184 - Drone1.SimulationBackend - DEBUG - Sim Battery: 5000.0%
2026-07-02 13:00:27,183 - Drone1.SimulationBackend - DEBUG - Sim Battery: 5000.0%
2026-07-02 13:00:29,183 - Drone1.SimulationBackend - DEBUG - Sim Battery: 5000.0%
2026-07-02 13:00:31,183 - Drone1.SimulationBackend - DEBUG - Sim Battery: 5000.0%
2026-07-02 13:00:33,183 - Drone1.SimulationBackend - DEBUG - Sim Battery: 5000.0%
2026-07-02 13:00:35,183 - Drone1.SimulationBackend - DEBUG - Sim Battery: 5000.0%
2026-07-02 13:00:37,183 - Drone1.SimulationBackend - DEBUG - Sim Battery: 5000.0%
2026-07-02 13:00:39,183 - Drone1.SimulationBackend - DEBUG - Sim Battery: 5000.0%
2026-07-02 13:00:41,183 - Drone1.SimulationBackend - DEBUG - Sim Battery: 5000.0%
2026-07-02 13:00:43,183 - Drone1.SimulationBackend - DEBUG - Sim Battery: 5000.0%
2026-07-02 13:00:45,184 - Drone1.SimulationBackend - DEBUG - Sim Battery: 5000.0%
2026-07-02 13:00:47,184 - Drone1.SimulationBackend - DEBUG - Sim Battery: 5000.0%
2026-07-02 13:00:49,183 - Drone1.SimulationBackend - DEBUG - Sim Battery: 5000.0%
2026-07-02 13:00:51,183 - Drone1.SimulationBackend - DEBUG - Sim Battery: 5000.0%
2026-07-02 13:00:53,183 - Drone1.SimulationBackend - DEBUG - Sim Battery: 5000.0%
2026-07-02 13:00:55,183 - Drone1.SimulationBackend - DEBUG - Sim Battery: 5000.0%
2026-07-02 13:00:57,183 - Drone1.SimulationBackend - DEBUG - Sim Battery: 5000.0%
2026-07-02 13:00:59,183 - Drone1.SimulationBackend - DEBUG - Sim Battery: 5000.0%
2026-07-02 13:01:01,183 - Drone1.SimulationBackend - DEBUG - Sim Battery: 5000.0%
2026-07-02 13:01:03,183 - Drone1.SimulationBackend - DEBUG - Sim Battery: 5000.0%
2026-07-02 13:01:05,183 - Drone1.SimulationBackend - DEBUG - Sim Battery: 5000.0%
2026-07-02 13:01:07,183 - Drone1.SimulationBackend - DEBUG - Sim Battery: 5000.0%
2026-07-02 13:01:09,183 - Drone1.SimulationBackend - DEBUG - Sim Battery: 5000.0%
2026-07-02 13:01:11,183 - Drone1.SimulationBackend - DEBUG - Sim Battery: 5000.0%
2026-07-02 13:01:13,183 - Drone1.SimulationBackend - DEBUG - Sim Battery: 5000.0%
2026-07-02 13:01:15,183 - Drone1.SimulationBackend - DEBUG - Sim Battery: 5000.0%
2026-07-02 13:01:17,183 - Drone1.SimulationBackend - DEBUG - Sim Battery: 5000.0%
2026-07-02 13:01:19,183 - Drone1.SimulationBackend - DEBUG - Sim Battery: 5000.0%
2026-07-02 13:01:21,183 - Drone1.SimulationBackend - DEBUG - Sim Battery: 5000.0%
2026-07-02 13:01:23,183 - Drone1.SimulationBackend - DEBUG - Sim Battery: 5000.0%
2026-07-02 13:01:25,183 - Drone1.SimulationBackend - DEBUG - Sim Battery: 5000.0%
2026-07-02 13:01:27,183 - Drone1.SimulationBackend - DEBUG - Sim Battery: 5000.0%
2026-07-02 13:01:29,183 - Drone1.SimulationBackend - DEBUG - Sim Battery: 5000.0%
2026-07-02 13:01:31,183 - Drone1.SimulationBackend - DEBUG - Sim Battery: 5000.0%
2026-07-02 13:01:33,183 - Drone1.SimulationBackend - DEBUG - Sim Battery: 5000.0%
2026-07-02 13:01:35,183 - Drone1.SimulationBackend - DEBUG - Sim Battery: 5000.0%
2026-07-02 13:01:37,183 - Drone1.SimulationBackend - DEBUG - Sim Battery: 5000.0%
2026-07-02 13:01:39,184 - Drone1.SimulationBackend - DEBUG - Sim Battery: 5000.0%
2026-07-02 13:01:41,183 - Drone1.SimulationBackend - DEBUG - Sim Battery: 5000.0%
2026-07-02 13:01:43,188 - Drone1.SimulationBackend - DEBUG - Sim Battery: 5000.0%
2026-07-02 13:01:45,188 - Drone1.SimulationBackend - DEBUG - Sim Battery: 5000.0%
2026-07-02 13:01:47,188 - Drone1.SimulationBackend - DEBUG - Sim Battery: 5000.0%
2026-07-02 13:01:49,188 - Drone1.SimulationBackend - DEBUG - Sim Battery: 5000.0%
2026-07-02 13:01:51,188 - Drone1.SimulationBackend - DEBUG - Sim Battery: 5000.0%
2026-07-02 13:01:53,188 - Drone1.SimulationBackend - DEBUG - Sim Battery: 5000.0%
2026-07-02 13:01:55,188 - Drone1.SimulationBackend - DEBUG - Sim Battery: 5000.0%
2026-07-02 13:01:57,189 - Drone1.SimulationBackend - DEBUG - Sim Battery: 5000.0%
2026-07-02 13:01:59,188 - Drone1.SimulationBackend - DEBUG - Sim Battery: 5000.0%
2026-07-02 13:01:59,504 - Drone1.SimulationBackend - INFO - Simulation returning to launch...
2026-07-02 13:02:01,188 - Drone1.SimulationBackend - DEBUG - Sim Battery: 5000.0%
2026-07-02 13:02:03,188 - Drone1.SimulationBackend - DEBUG - Sim Battery: 5000.0%
2026-07-02 13:02:05,188 - Drone1.SimulationBackend - DEBUG - Sim Battery: 5000.0%
2026-07-02 13:02:07,188 - Drone1.SimulationBackend - DEBUG - Sim Battery: 5000.0%
2026-07-02 13:02:09,188 - Drone1.SimulationBackend - DEBUG - Sim Battery: 5000.0%
2026-07-02 13:02:11,188 - Drone1.SimulationBackend - DEBUG - Sim Battery: 5000.0%
2026-07-02 13:02:13,189 - Drone1.SimulationBackend - DEBUG - Sim Battery: 5000.0%
2026-07-02 13:02:15,189 - Drone1.SimulationBackend - DEBUG - Sim Battery: 5000.0%
2026-07-02 13:02:17,188 - Drone1.SimulationBackend - DEBUG - Sim Battery: 5000.0%
2026-07-02 13:02:19,189 - Drone1.SimulationBackend - DEBUG - Sim Battery: 5000.0%
2026-07-02 13:02:21,188 - Drone1.SimulationBackend - DEBUG - Sim Battery: 5000.0%
2026-07-02 13:02:23,189 - Drone1.SimulationBackend - DEBUG - Sim Battery: 7800.0%
2026-07-02 13:02:25,188 - Drone1.SimulationBackend - DEBUG - Sim Battery: 9700.0%
2026-07-02 13:02:27,191 - Drone1.SimulationBackend - DEBUG - Sim Battery: 10000.0%
2026-07-02 13:02:29,190 - Drone1.SimulationBackend - DEBUG - Sim Battery: 10000.0%
2026-07-02 13:02:31,189 - Drone1.SimulationBackend - DEBUG - Sim Battery: 10000.0%
2026-07-02 13:02:32,270 - Drone1.StateMachine - DEBUG - No transition defined for BOOT --[arm_command]--> ?
2026-07-02 13:02:32,456 - Drone1.StateMachine - DEBUG - No transition defined for BOOT --[arm_command]--> ?
2026-07-02 13:02:32,645 - Drone1.StateMachine - DEBUG - No transition defined for BOOT --[arm_command]--> ?
2026-07-02 13:02:32,849 - Drone1.StateMachine - DEBUG - No transition defined for BOOT --[arm_command]--> ?
2026-07-02 13:02:33,035 - Drone1.StateMachine - DEBUG - No transition defined for BOOT --[arm_command]--> ?
2026-07-02 13:02:33,189 - Drone1.SimulationBackend - DEBUG - Sim Battery: 10000.0%
2026-07-02 13:02:33,216 - Drone1.StateMachine - DEBUG - No transition defined for BOOT --[arm_command]--> ?
2026-07-02 13:02:35,189 - Drone1.SimulationBackend - DEBUG - Sim Battery: 10000.0%
2026-07-02 13:02:37,188 - Drone1.SimulationBackend - DEBUG - Sim Battery: 10000.0%
2026-07-02 13:02:39,189 - Drone1.SimulationBackend - DEBUG - Sim Battery: 10000.0%
2026-07-02 13:02:41,188 - Drone1.SimulationBackend - DEBUG - Sim Battery: 10000.0%
2026-07-02 13:02:43,188 - Drone1.SimulationBackend - DEBUG - Sim Battery: 10000.0%
2026-07-02 13:02:45,188 - Drone1.SimulationBackend - DEBUG - Sim Battery: 10000.0%
2026-07-02 13:02:47,188 - Drone1.SimulationBackend - DEBUG - Sim Battery: 10000.0%
2026-07-02 13:02:49,189 - Drone1.SimulationBackend - DEBUG - Sim Battery: 10000.0%
2026-07-02 13:02:51,188 - Drone1.SimulationBackend - DEBUG - Sim Battery: 10000.0%
2026-07-02 13:02:53,188 - Drone1.SimulationBackend - DEBUG - Sim Battery: 10000.0%
2026-07-02 13:02:55,188 - Drone1.SimulationBackend - DEBUG - Sim Battery: 10000.0%
2026-07-02 13:02:57,188 - Drone1.SimulationBackend - DEBUG - Sim Battery: 10000.0%
2026-07-02 13:02:59,188 - Drone1.SimulationBackend - DEBUG - Sim Battery: 10000.0%
2026-07-02 13:03:01,188 - Drone1.SimulationBackend - DEBUG - Sim Battery: 10000.0%
2026-07-02 13:03:03,188 - Drone1.SimulationBackend - DEBUG - Sim Battery: 10000.0%
2026-07-02 13:03:05,188 - Drone1.SimulationBackend - DEBUG - Sim Battery: 10000.0%
2026-07-02 13:03:07,189 - Drone1.SimulationBackend - DEBUG - Sim Battery: 10000.0%
2026-07-02 13:03:09,188 - Drone1.SimulationBackend - DEBUG - Sim Battery: 10000.0%
2026-07-02 13:03:11,192 - Drone1.SimulationBackend - DEBUG - Sim Battery: 10000.0%
2026-07-02 13:03:13,188 - Drone1.SimulationBackend - DEBUG - Sim Battery: 10000.0%
2026-07-02 13:03:15,189 - Drone1.SimulationBackend - DEBUG - Sim Battery: 10000.0%
2026-07-02 13:03:17,188 - Drone1.SimulationBackend - DEBUG - Sim Battery: 10000.0%
2026-07-02 13:03:19,188 - Drone1.SimulationBackend - DEBUG - Sim Battery: 10000.0%
2026-07-02 13:03:19,249 - Drone1.StateMachine - DEBUG - No transition defined for BOOT --[arm_command]--> ?
2026-07-02 13:03:20,329 - Drone1.StateMachine - DEBUG - No transition defined for BOOT --[arm_command]--> ?
2026-07-02 13:03:20,533 - Drone1.StateMachine - DEBUG - No transition defined for BOOT --[arm_command]--> ?
2026-07-02 13:03:20,712 - Drone1.StateMachine - DEBUG - No transition defined for BOOT --[arm_command]--> ?
2026-07-02 13:03:21,189 - Drone1.SimulationBackend - DEBUG - Sim Battery: 10000.0%
2026-07-02 13:03:23,189 - Drone1.SimulationBackend - DEBUG - Sim Battery: 10000.0%
2026-07-02 13:03:25,130 - Drone1.SimulationBackend - INFO - Stopping SimulationBackend...
2026-07-02 13:03:25,132 - Drone1.SimulationBackend - INFO - Terminating embedded MAVSDK server subprocess...
2026-07-02 13:07:22,805 - Drone1 - INFO - Received signal 15, initiating shutdown...
2026-07-02 13:07:22,805 - Drone1 - INFO - Shutting down DroneAgent...
2026-07-02 13:07:22,806 - Drone1.Heartbeat - INFO - Heartbeat stopped
2026-07-02 13:07:22,820 - Drone1.MovementController - INFO - Movement controller stopped
2026-07-02 13:07:22,843 - Drone1.Decision - INFO - Decision engine stopped
2026-07-02 13:07:22,844 - Drone1.Telemetry - INFO - Telemetry stopped
2026-07-02 13:07:22,844 - Drone1.Communication - INFO - Communication stopped
2026-07-02 13:07:22,844 - Drone1.SimulationBackend - INFO - Stopping SimulationBackend...
2026-07-02 13:07:22,844 - Drone1 - INFO - DroneAgent shutdown complete
2026-07-02 15:00:00,621 - Drone1 - INFO - Logger initialized for drone 1
2026-07-02 15:00:00,630 - Drone1 - INFO - BackendFactory: Creating SimulationBackend
2026-07-02 15:00:00,631 - Drone1.SimulationBackend - INFO - Embedded MAVSDK server will be started.
2026-07-02 15:00:00,631 - Drone1.Communication - INFO - Communication initialized on 0.0.0.0:14560
2026-07-02 15:00:00,632 - Drone1.StateMachine - INFO - StateMachine initialized
2026-07-02 15:00:00,633 - Drone1 - INFO - DroneAgent initialized
