2026-07-01 12:44:55,031 - Drone1 - INFO - Logger initialized for drone 1
2026-07-01 12:44:55,032 - Drone1.Communication - INFO - Communication initialized on 0.0.0.0:14560
2026-07-01 12:44:55,033 - Drone1.StateMachine - INFO - StateMachine initialized
2026-07-01 12:44:55,033 - Drone1 - INFO - DroneAgent initialized
2026-07-01 12:44:55,033 - Drone1 - INFO - Starting DroneAgent...
2026-07-01 12:44:55,033 - Drone1.MAVSDKController - INFO - Starting MAVSDK controller...
2026-07-01 12:44:55,035 - Drone1.MAVSDKController - INFO - Connecting to drone via udp://:14540
2026-07-01 12:47:47,200 - Drone1 - INFO - Logger initialized for drone 1
2026-07-01 12:47:47,200 - Drone1.Communication - INFO - Communication initialized on 0.0.0.0:14560
2026-07-01 12:47:47,201 - Drone1.StateMachine - INFO - StateMachine initialized
2026-07-01 12:47:47,201 - Drone1 - INFO - DroneAgent initialized
2026-07-01 12:47:47,201 - Drone1 - INFO - Starting DroneAgent...
2026-07-01 12:47:47,202 - Drone1.MAVSDKController - INFO - Starting MAVSDK controller...
2026-07-01 12:47:47,203 - Drone1.MAVSDKController - INFO - Connecting to drone via udp://:14540
2026-07-01 12:47:49,203 - Drone1.Communication - INFO - Communication started
2026-07-01 12:47:49,204 - Drone1.Telemetry - INFO - Telemetry background tasks scheduled
2026-07-01 12:47:49,204 - Drone1.Telemetry - ERROR - GPS telemetry error: Telemetry plugin has not been initialized! Did you run `System.connect()`?
2026-07-01 12:47:49,206 - Drone1.Decision - INFO - Decision engine started
2026-07-01 12:47:49,207 - Drone1.Telemetry - ERROR - Position velocity NED telemetry error: Telemetry plugin has not been initialized! Did you run `System.connect()`?
2026-07-01 12:47:49,207 - Drone1.Telemetry - ERROR - Attitude telemetry error: Telemetry plugin has not been initialized! Did you run `System.connect()`?
2026-07-01 12:47:49,207 - Drone1.MovementController - INFO - Movement controller started
2026-07-01 12:47:49,207 - Drone1.Telemetry - ERROR - Battery telemetry error: Telemetry plugin has not been initialized! Did you run `System.connect()`?
2026-07-01 12:47:49,208 - Drone1.Heartbeat - INFO - Heartbeat started at 10.0 Hz
2026-07-01 12:47:49,208 - Drone1.Telemetry - ERROR - Health telemetry error: Telemetry plugin has not been initialized! Did you run `System.connect()`?
2026-07-01 12:47:49,209 - Drone1.Telemetry - ERROR - In-air telemetry error: Telemetry plugin has not been initialized! Did you run `System.connect()`?
2026-07-01 12:47:49,209 - Drone1.Telemetry - ERROR - Armed telemetry error: Telemetry plugin has not been initialized! Did you run `System.connect()`?
2026-07-01 12:47:49,209 - Drone1.Telemetry - ERROR - Home telemetry error: Telemetry plugin has not been initialized! Did you run `System.connect()`?
2026-07-01 12:47:49,210 - Drone1 - INFO - All subsystems started
2026-07-01 12:53:56,993 - Drone1 - INFO - Received signal 2, initiating shutdown...
2026-07-01 12:53:57,002 - Drone1 - INFO - Shutting down DroneAgent...
2026-07-01 12:53:57,003 - Drone1.Heartbeat - INFO - Heartbeat stopped
2026-07-01 12:53:57,006 - Drone1.MovementController - INFO - Movement controller stopped
2026-07-01 12:53:57,044 - Drone1.Decision - INFO - Decision engine stopped
2026-07-01 12:53:57,044 - Drone1.Telemetry - INFO - Telemetry stopped
2026-07-01 12:53:57,045 - Drone1.Communication - INFO - Communication stopped
2026-07-01 12:53:57,045 - Drone1.MAVSDKController - INFO - Stopping MAVSDK controller...
2026-07-01 12:53:59,230 - Drone1 - INFO - Received signal 2, initiating shutdown...
2026-07-01 12:53:59,231 - Drone1 - INFO - Shutting down DroneAgent...
2026-07-01 12:53:59,231 - Drone1.Heartbeat - INFO - Heartbeat stopped
2026-07-01 12:53:59,231 - Drone1.MovementController - INFO - Movement controller stopped
2026-07-01 12:53:59,231 - Drone1.Decision - INFO - Decision engine stopped
2026-07-01 12:53:59,232 - Drone1.Telemetry - INFO - Telemetry stopped
2026-07-01 12:53:59,232 - Drone1.Communication - INFO - Communication stopped
2026-07-01 12:53:59,232 - Drone1.MAVSDKController - INFO - Stopping MAVSDK controller...
2026-07-01 12:53:59,822 - Drone1 - INFO - Received signal 2, initiating shutdown...
2026-07-01 12:53:59,822 - Drone1 - INFO - Shutting down DroneAgent...
2026-07-01 12:53:59,823 - Drone1.Heartbeat - INFO - Heartbeat stopped
2026-07-01 12:53:59,823 - Drone1.MovementController - INFO - Movement controller stopped
2026-07-01 12:53:59,823 - Drone1.Decision - INFO - Decision engine stopped
2026-07-01 12:53:59,824 - Drone1.Telemetry - INFO - Telemetry stopped
2026-07-01 12:53:59,824 - Drone1.Communication - INFO - Communication stopped
2026-07-01 12:53:59,824 - Drone1.MAVSDKController - INFO - Stopping MAVSDK controller...
2026-07-01 12:54:00,152 - Drone1 - INFO - Received signal 2, initiating shutdown...
2026-07-01 12:54:00,152 - Drone1 - INFO - Shutting down DroneAgent...
2026-07-01 12:54:00,152 - Drone1.Heartbeat - INFO - Heartbeat stopped
2026-07-01 12:54:00,153 - Drone1.MovementController - INFO - Movement controller stopped
2026-07-01 12:54:00,153 - Drone1.Decision - INFO - Decision engine stopped
2026-07-01 12:54:00,153 - Drone1.Telemetry - INFO - Telemetry stopped
2026-07-01 12:54:00,154 - Drone1.Communication - INFO - Communication stopped
2026-07-01 12:54:00,154 - Drone1.MAVSDKController - INFO - Stopping MAVSDK controller...
2026-07-01 12:54:00,402 - Drone1 - INFO - Received signal 2, initiating shutdown...
2026-07-01 12:54:00,403 - Drone1 - INFO - Shutting down DroneAgent...
2026-07-01 12:54:00,403 - Drone1.Heartbeat - INFO - Heartbeat stopped
2026-07-01 12:54:00,403 - Drone1.MovementController - INFO - Movement controller stopped
2026-07-01 12:54:00,404 - Drone1.Decision - INFO - Decision engine stopped
2026-07-01 12:54:00,404 - Drone1.Telemetry - INFO - Telemetry stopped
2026-07-01 12:54:00,404 - Drone1.Communication - INFO - Communication stopped
2026-07-01 12:54:00,405 - Drone1.MAVSDKController - INFO - Stopping MAVSDK controller...
2026-07-01 12:54:00,634 - Drone1 - INFO - Received signal 2, initiating shutdown...
2026-07-01 12:54:00,635 - Drone1 - INFO - Shutting down DroneAgent...
2026-07-01 12:54:00,635 - Drone1.Heartbeat - INFO - Heartbeat stopped
2026-07-01 12:54:00,636 - Drone1.MovementController - INFO - Movement controller stopped
2026-07-01 12:54:00,636 - Drone1.Decision - INFO - Decision engine stopped
2026-07-01 12:54:00,636 - Drone1.Telemetry - INFO - Telemetry stopped
2026-07-01 12:54:00,637 - Drone1.Communication - INFO - Communication stopped
2026-07-01 12:54:00,637 - Drone1.MAVSDKController - INFO - Stopping MAVSDK controller...
2026-07-01 12:54:00,873 - Drone1 - INFO - Received signal 2, initiating shutdown...
2026-07-01 12:54:00,873 - Drone1 - INFO - Shutting down DroneAgent...
2026-07-01 12:54:00,873 - Drone1.Heartbeat - INFO - Heartbeat stopped
2026-07-01 12:54:00,874 - Drone1.MovementController - INFO - Movement controller stopped
2026-07-01 12:54:00,874 - Drone1.Decision - INFO - Decision engine stopped
2026-07-01 12:54:00,874 - Drone1.Telemetry - INFO - Telemetry stopped
2026-07-01 12:54:00,874 - Drone1.Communication - INFO - Communication stopped
2026-07-01 12:54:00,875 - Drone1.MAVSDKController - INFO - Stopping MAVSDK controller...
2026-07-01 12:54:01,128 - Drone1 - INFO - Received signal 2, initiating shutdown...
2026-07-01 12:54:01,131 - Drone1 - INFO - Shutting down DroneAgent...
2026-07-01 12:54:01,131 - Drone1.Heartbeat - INFO - Heartbeat stopped
2026-07-01 12:54:01,132 - Drone1.MovementController - INFO - Movement controller stopped
2026-07-01 12:54:01,132 - Drone1.Decision - INFO - Decision engine stopped
2026-07-01 12:54:01,132 - Drone1.Telemetry - INFO - Telemetry stopped
2026-07-01 12:54:01,133 - Drone1.Communication - INFO - Communication stopped
2026-07-01 12:54:01,133 - Drone1.MAVSDKController - INFO - Stopping MAVSDK controller...
2026-07-01 12:54:01,390 - Drone1 - INFO - Received signal 2, initiating shutdown...
2026-07-01 12:54:01,390 - Drone1 - INFO - Shutting down DroneAgent...
2026-07-01 12:54:01,390 - Drone1.Heartbeat - INFO - Heartbeat stopped
2026-07-01 12:54:01,391 - Drone1.MovementController - INFO - Movement controller stopped
2026-07-01 12:54:01,391 - Drone1.Decision - INFO - Decision engine stopped
2026-07-01 12:54:01,391 - Drone1.Telemetry - INFO - Telemetry stopped
2026-07-01 12:54:01,392 - Drone1.Communication - INFO - Communication stopped
2026-07-01 12:54:01,392 - Drone1.MAVSDKController - INFO - Stopping MAVSDK controller...
2026-07-01 12:54:01,612 - Drone1 - INFO - Received signal 2, initiating shutdown...
2026-07-01 12:54:01,613 - Drone1 - INFO - Shutting down DroneAgent...
2026-07-01 12:54:01,613 - Drone1.Heartbeat - INFO - Heartbeat stopped
2026-07-01 12:54:01,613 - Drone1.MovementController - INFO - Movement controller stopped
2026-07-01 12:54:01,613 - Drone1.Decision - INFO - Decision engine stopped
2026-07-01 12:54:01,614 - Drone1.Telemetry - INFO - Telemetry stopped
2026-07-01 12:54:01,614 - Drone1.Communication - INFO - Communication stopped
2026-07-01 12:54:01,615 - Drone1.MAVSDKController - INFO - Stopping MAVSDK controller...
2026-07-01 12:54:08,772 - Drone1 - INFO - Logger initialized for drone 1
2026-07-01 12:54:08,773 - Drone1.Communication - INFO - Communication initialized on 0.0.0.0:14560
2026-07-01 12:54:08,773 - Drone1.StateMachine - INFO - StateMachine initialized
2026-07-01 12:54:08,774 - Drone1 - INFO - DroneAgent initialized
2026-07-01 12:54:08,774 - Drone1 - INFO - Starting DroneAgent...
2026-07-01 12:54:08,775 - Drone1.MAVSDKController - INFO - Starting MAVSDK controller...
2026-07-01 12:54:08,776 - Drone1.MAVSDKController - INFO - Connecting to drone via udp://:14540
2026-07-01 12:54:09,984 - Drone1.MAVSDKController - INFO - Drone discovered!
2026-07-01 12:54:10,748 - Drone1.MAVSDKController - INFO - Global position estimate OK
2026-07-01 12:54:10,777 - Drone1.Communication - INFO - Communication started
2026-07-01 12:54:10,777 - Drone1.Telemetry - INFO - Telemetry background tasks scheduled
2026-07-01 12:54:10,779 - Drone1.Telemetry - ERROR - Attitude telemetry error: 'Telemetry' object has no attribute 'attitude_eulerian'
2026-07-01 12:54:10,779 - Drone1.Decision - INFO - Decision engine started
2026-07-01 12:54:10,780 - Drone1.MovementController - INFO - Movement controller started
2026-07-01 12:54:10,781 - Drone1.Heartbeat - INFO - Heartbeat started at 10.0 Hz
2026-07-01 12:54:10,782 - Drone1 - INFO - All subsystems started
2026-07-01 12:56:19,068 - Drone1 - INFO - Logger initialized for drone 1
2026-07-01 12:56:19,069 - Drone1.Communication - INFO - Communication initialized on 0.0.0.0:14560
2026-07-01 12:56:19,069 - Drone1.StateMachine - INFO - StateMachine initialized
2026-07-01 12:56:19,070 - Drone1 - INFO - DroneAgent initialized
2026-07-01 12:56:39,874 - Drone1 - INFO - Received signal 2, initiating shutdown...
2026-07-01 12:56:39,875 - Drone1 - INFO - Shutting down DroneAgent...
2026-07-01 12:56:39,875 - Drone1.Heartbeat - INFO - Heartbeat stopped
2026-07-01 12:56:39,877 - Drone1.Telemetry - ERROR - Home telemetry error: <AioRpcError of RPC that terminated with:
	status = StatusCode.UNAVAILABLE
	details = "Stream removed (Socket closed)"
	debug_error_string = "UNAVAILABLE:Stream removed (Socket closed)"
>
2026-07-01 12:56:39,878 - Drone1.Telemetry - ERROR - In-air telemetry error: <AioRpcError of RPC that terminated with:
	status = StatusCode.UNAVAILABLE
	details = "Stream removed (Socket closed)"
	debug_error_string = "UNAVAILABLE:Stream removed (Socket closed)"
>
2026-07-01 12:56:39,879 - Drone1.Telemetry - ERROR - Armed telemetry error: <AioRpcError of RPC that terminated with:
	status = StatusCode.UNAVAILABLE
	details = "Stream removed (Socket closed)"
	debug_error_string = "UNAVAILABLE:Stream removed (Socket closed)"
>
2026-07-01 12:56:39,890 - Drone1.Telemetry - ERROR - Position velocity NED telemetry error: <AioRpcError of RPC that terminated with:
	status = StatusCode.UNAVAILABLE
	details = "Stream removed (Socket closed)"
	debug_error_string = "UNAVAILABLE:Stream removed (Socket closed)"
>
2026-07-01 12:56:39,892 - Drone1.MovementController - INFO - Movement controller stopped
2026-07-01 12:56:39,957 - Drone1.Decision - INFO - Decision engine stopped
2026-07-01 12:56:39,957 - Drone1.Telemetry - INFO - Telemetry stopped
2026-07-01 12:56:39,958 - Drone1.Communication - INFO - Communication stopped
2026-07-01 12:56:39,959 - Drone1.MAVSDKController - INFO - Stopping MAVSDK controller...
2026-07-01 12:56:40,767 - Drone1 - INFO - DroneAgent shutdown complete
2026-07-01 12:56:40,775 - Drone1 - INFO - Shutting down DroneAgent...
2026-07-01 12:56:40,776 - Drone1.Heartbeat - INFO - Heartbeat stopped
2026-07-01 12:56:40,776 - Drone1.MovementController - INFO - Movement controller stopped
2026-07-01 12:56:40,776 - Drone1.Decision - INFO - Decision engine stopped
2026-07-01 12:56:40,776 - Drone1.Telemetry - INFO - Telemetry stopped
2026-07-01 12:56:40,777 - Drone1.Communication - INFO - Communication stopped
2026-07-01 12:56:40,777 - Drone1.MAVSDKController - INFO - Stopping MAVSDK controller...
2026-07-01 12:56:40,777 - Drone1 - INFO - DroneAgent shutdown complete
2026-07-01 12:56:43,686 - Drone1 - INFO - Logger initialized for drone 1
2026-07-01 12:56:43,686 - Drone1.Communication - INFO - Communication initialized on 0.0.0.0:14560
2026-07-01 12:56:43,687 - Drone1.StateMachine - INFO - StateMachine initialized
2026-07-01 12:56:43,687 - Drone1 - INFO - DroneAgent initialized
2026-07-01 12:56:43,688 - Drone1 - INFO - Starting DroneAgent...
2026-07-01 12:56:43,688 - Drone1.MAVSDKController - INFO - Starting MAVSDK controller...
2026-07-01 12:56:43,690 - Drone1.MAVSDKController - INFO - Connecting to drone via udp://:14540
2026-07-01 12:56:44,906 - Drone1.MAVSDKController - INFO - Drone discovered!
2026-07-01 12:56:45,690 - Drone1.Communication - INFO - Communication started
2026-07-01 12:56:45,691 - Drone1.Telemetry - INFO - Telemetry background tasks scheduled
2026-07-01 12:56:45,697 - Drone1.Decision - INFO - Decision engine started
2026-07-01 12:56:45,698 - Drone1.MovementController - INFO - Movement controller started
2026-07-01 12:56:45,698 - Drone1.Heartbeat - INFO - Heartbeat started at 10.0 Hz
2026-07-01 12:56:45,699 - Drone1 - INFO - All subsystems started
2026-07-01 12:56:45,764 - Drone1.MAVSDKController - INFO - Global position estimate OK
2026-07-01 15:15:21,091 - Drone1 - INFO - Logger initialized for drone 1
2026-07-01 15:15:21,094 - Drone1 - INFO - BackendFactory: Creating SimulationBackend
2026-07-01 15:15:21,094 - Drone1.Communication - INFO - Communication initialized on 0.0.0.0:14560
2026-07-01 15:15:21,095 - Drone1.StateMachine - INFO - StateMachine initialized
2026-07-01 15:15:21,095 - Drone1 - INFO - DroneAgent initialized
2026-07-01 15:15:21,095 - Drone1 - INFO - Starting DroneAgent...
2026-07-01 15:15:21,096 - Drone1.SimulationBackend - INFO - Starting SimulationBackend...
2026-07-01 15:15:21,097 - Drone1.SimulationBackend - INFO - Connecting to SITL simulation via udpin://0.0.0.0:14540
2026-07-01 15:15:23,098 - Drone1.Communication - INFO - Communication started
2026-07-01 15:15:23,098 - Drone1.Telemetry - INFO - Telemetry background tasks scheduled
2026-07-01 15:15:23,100 - Drone1.Telemetry - ERROR - GPS telemetry error: Telemetry plugin has not been initialized! Did you run `System.connect()`?
2026-07-01 15:15:23,101 - Drone1.Decision - INFO - Decision engine started
2026-07-01 15:15:23,101 - Drone1.MovementController - INFO - Movement controller started
2026-07-01 15:15:23,102 - Drone1.Heartbeat - INFO - Heartbeat started at 10.0 Hz
2026-07-01 15:15:23,102 - Drone1 - INFO - All subsystems started
2026-07-01 15:15:23,108 - Drone1.Telemetry - ERROR - Position velocity NED telemetry error: Telemetry plugin has not been initialized! Did you run `System.connect()`?
2026-07-01 15:15:23,108 - Drone1.Telemetry - ERROR - Attitude telemetry error: Telemetry plugin has not been initialized! Did you run `System.connect()`?
2026-07-01 15:15:23,109 - Drone1.Telemetry - ERROR - Battery telemetry error: Telemetry plugin has not been initialized! Did you run `System.connect()`?
2026-07-01 15:15:23,109 - Drone1.Telemetry - ERROR - Health telemetry error: Telemetry plugin has not been initialized! Did you run `System.connect()`?
2026-07-01 15:15:23,109 - Drone1.Telemetry - ERROR - In-air telemetry error: Telemetry plugin has not been initialized! Did you run `System.connect()`?
2026-07-01 15:15:23,110 - Drone1.Telemetry - ERROR - Armed telemetry error: Telemetry plugin has not been initialized! Did you run `System.connect()`?
2026-07-01 15:15:23,110 - Drone1.Telemetry - ERROR - Home telemetry error: Telemetry plugin has not been initialized! Did you run `System.connect()`?
2026-07-01 15:15:25,650 - Drone1 - INFO - Received signal 15, initiating shutdown...
2026-07-01 15:15:25,651 - Drone1 - INFO - Shutting down DroneAgent...
2026-07-01 15:15:25,651 - Drone1.Heartbeat - INFO - Heartbeat stopped
2026-07-01 15:15:25,660 - Drone1.MovementController - INFO - Movement controller stopped
2026-07-01 15:15:25,705 - Drone1.Decision - INFO - Decision engine stopped
2026-07-01 15:15:25,705 - Drone1.Telemetry - INFO - Telemetry stopped
2026-07-01 15:15:25,706 - Drone1.Communication - INFO - Communication stopped
2026-07-01 15:15:25,706 - Drone1.SimulationBackend - INFO - Stopping SimulationBackend...
2026-07-01 15:15:30,706 - Drone1 - INFO - DroneAgent shutdown complete
2026-07-01 15:15:30,707 - Drone1 - INFO - Shutting down DroneAgent...
2026-07-01 15:15:30,707 - Drone1.Heartbeat - INFO - Heartbeat stopped
2026-07-01 15:15:30,707 - Drone1.MovementController - INFO - Movement controller stopped
2026-07-01 15:15:30,708 - Drone1.Decision - INFO - Decision engine stopped
2026-07-01 15:15:30,708 - Drone1.Telemetry - INFO - Telemetry stopped
2026-07-01 15:15:30,709 - Drone1.Communication - INFO - Communication stopped
2026-07-01 15:15:30,709 - Drone1.SimulationBackend - INFO - Stopping SimulationBackend...
2026-07-01 15:15:35,709 - Drone1 - INFO - DroneAgent shutdown complete
2026-07-01 15:53:05,949 - Drone1 - INFO - Logger initialized for drone 1
2026-07-01 15:53:05,950 - Drone1 - INFO - BackendFactory: Creating SimulationBackend
2026-07-01 15:53:05,951 - Drone1.Communication - INFO - Communication initialized on 0.0.0.0:14560
2026-07-01 15:53:05,951 - Drone1.StateMachine - INFO - StateMachine initialized
2026-07-01 15:53:05,951 - Drone1 - INFO - DroneAgent initialized
2026-07-01 15:53:05,951 - Drone1 - INFO - Starting DroneAgent...
2026-07-01 15:53:05,951 - Drone1.SimulationBackend - INFO - Starting SimulationBackend...
2026-07-01 15:53:05,952 - Drone1.SimulationBackend - INFO - Connecting to SITL simulation via udpin://0.0.0.0:14540
2026-07-01 15:53:08,208 - Drone1 - INFO - GUI Server started on port 8000
2026-07-01 15:53:08,209 - Drone1.Telemetry - INFO - Telemetry background tasks scheduled
2026-07-01 15:53:08,210 - Drone1.Telemetry - ERROR - GPS telemetry error: Telemetry plugin has not been initialized! Did you run `System.connect()`?
2026-07-01 15:53:08,210 - Drone1.Communication - INFO - Communication started
2026-07-01 15:53:08,211 - Drone1.Decision - INFO - Decision engine started
2026-07-01 15:53:08,212 - Drone1.Telemetry - ERROR - Position velocity NED telemetry error: Telemetry plugin has not been initialized! Did you run `System.connect()`?
2026-07-01 15:53:08,212 - Drone1.Telemetry - ERROR - Attitude telemetry error: Telemetry plugin has not been initialized! Did you run `System.connect()`?
2026-07-01 15:53:08,212 - Drone1.Telemetry - ERROR - Battery telemetry error: Telemetry plugin has not been initialized! Did you run `System.connect()`?
2026-07-01 15:53:08,213 - Drone1.Telemetry - ERROR - Health telemetry error: Telemetry plugin has not been initialized! Did you run `System.connect()`?
2026-07-01 15:53:08,213 - Drone1.Telemetry - ERROR - In-air telemetry error: Telemetry plugin has not been initialized! Did you run `System.connect()`?
2026-07-01 15:53:08,213 - Drone1.Telemetry - ERROR - Armed telemetry error: Telemetry plugin has not been initialized! Did you run `System.connect()`?
2026-07-01 15:53:08,213 - Drone1.Telemetry - ERROR - Home telemetry error: Telemetry plugin has not been initialized! Did you run `System.connect()`?
2026-07-01 15:53:08,213 - Drone1.MovementController - INFO - Movement controller started
2026-07-01 15:53:08,213 - Drone1.Heartbeat - INFO - Heartbeat started at 10.0 Hz
2026-07-01 15:53:08,214 - Drone1 - INFO - All subsystems started
2026-07-01 15:53:15,760 - Drone1 - INFO - Received signal 15, initiating shutdown...
2026-07-01 15:53:15,760 - Drone1 - INFO - Shutting down DroneAgent...
2026-07-01 15:53:15,761 - Drone1.Heartbeat - INFO - Heartbeat stopped
2026-07-01 15:53:15,774 - Drone1.MovementController - INFO - Movement controller stopped
2026-07-01 15:53:15,822 - Drone1.Decision - INFO - Decision engine stopped
2026-07-01 15:53:15,823 - Drone1.Telemetry - INFO - Telemetry stopped
2026-07-01 15:53:15,823 - Drone1.Communication - INFO - Communication stopped
2026-07-01 15:53:15,823 - Drone1.SimulationBackend - INFO - Stopping SimulationBackend...
2026-07-01 15:53:20,824 - Drone1 - INFO - DroneAgent shutdown complete
2026-07-01 15:53:20,824 - Drone1 - INFO - Shutting down DroneAgent...
2026-07-01 15:53:20,824 - Drone1.Heartbeat - INFO - Heartbeat stopped
2026-07-01 15:53:20,825 - Drone1.MovementController - INFO - Movement controller stopped
2026-07-01 15:53:20,825 - Drone1.Decision - INFO - Decision engine stopped
2026-07-01 15:53:20,825 - Drone1.Telemetry - INFO - Telemetry stopped
2026-07-01 15:53:20,825 - Drone1.Communication - INFO - Communication stopped
2026-07-01 15:53:20,825 - Drone1.SimulationBackend - INFO - Stopping SimulationBackend...
2026-07-01 15:53:25,825 - Drone1 - INFO - DroneAgent shutdown complete
2026-07-01 16:00:50,574 - Drone1 - INFO - Logger initialized for drone 1
2026-07-01 16:00:50,575 - Drone1 - INFO - BackendFactory: Creating SimulationBackend
2026-07-01 16:01:50,880 - Drone1 - INFO - Logger initialized for drone 1
2026-07-01 16:01:50,881 - Drone1 - INFO - BackendFactory: Creating SimulationBackend
2026-07-01 16:01:56,543 - Drone1 - INFO - Logger initialized for drone 1
2026-07-01 16:01:56,543 - Drone1 - INFO - BackendFactory: Creating SimulationBackend
2026-07-01 16:06:26,633 - Drone1 - INFO - Logger initialized for drone 1
2026-07-01 16:06:26,633 - Drone1 - INFO - BackendFactory: Creating SimulationBackend
2026-07-01 16:06:26,633 - Drone1.Communication - INFO - Communication initialized on 0.0.0.0:14560
2026-07-01 16:06:26,634 - Drone1.StateMachine - INFO - StateMachine initialized
2026-07-01 16:06:26,634 - Drone1 - INFO - DroneAgent initialized
2026-07-01 16:06:26,634 - Drone1 - INFO - Starting DroneAgent...
2026-07-01 16:06:26,634 - Drone1.SimulationBackend - INFO - Starting SimulationBackend...
2026-07-01 16:06:26,635 - Drone1.SimulationBackend - INFO - Connecting to SITL simulation via udpin://0.0.0.0:14540
2026-07-01 16:06:31,458 - Drone1 - INFO - Received signal 15, initiating shutdown...
2026-07-01 16:06:31,458 - Drone1 - INFO - Shutting down DroneAgent...
2026-07-01 16:06:31,459 - Drone1.Heartbeat - INFO - Heartbeat stopped
2026-07-01 16:06:31,459 - Drone1.MovementController - INFO - Movement controller stopped
2026-07-01 16:06:31,459 - Drone1.Decision - INFO - Decision engine stopped
2026-07-01 16:06:31,459 - Drone1.Telemetry - INFO - Telemetry stopped
2026-07-01 16:06:31,459 - Drone1.Communication - INFO - Communication stopped
2026-07-01 16:06:31,459 - Drone1.SimulationBackend - INFO - Stopping SimulationBackend...
2026-07-01 16:06:36,460 - Drone1 - INFO - DroneAgent shutdown complete
2026-07-01 16:08:07,043 - Drone1 - INFO - Logger initialized for drone 1
2026-07-01 16:08:07,044 - Drone1 - INFO - BackendFactory: Creating SimulationBackend
2026-07-01 16:08:07,044 - Drone1.Communication - INFO - Communication initialized on 0.0.0.0:14560
2026-07-01 16:08:07,044 - Drone1.StateMachine - INFO - StateMachine initialized
2026-07-01 16:08:07,044 - Drone1 - INFO - DroneAgent initialized
2026-07-01 16:08:07,045 - Drone1 - INFO - Starting DroneAgent...
2026-07-01 16:08:07,045 - Drone1.SimulationBackend - INFO - Starting SimulationBackend...
2026-07-01 16:08:07,045 - Drone1.SimulationBackend - INFO - Connecting to SITL simulation via udpin://0.0.0.0:14540
2026-07-01 16:08:09,875 - Drone1 - INFO - Received signal 15, initiating shutdown...
2026-07-01 16:08:09,876 - Drone1 - INFO - Shutting down DroneAgent...
2026-07-01 16:08:09,876 - Drone1.Heartbeat - INFO - Heartbeat stopped
2026-07-01 16:08:09,876 - Drone1.MovementController - INFO - Movement controller stopped
2026-07-01 16:08:09,876 - Drone1.Decision - INFO - Decision engine stopped
2026-07-01 16:08:09,876 - Drone1.Telemetry - INFO - Telemetry stopped
2026-07-01 16:08:09,876 - Drone1.Communication - INFO - Communication stopped
2026-07-01 16:08:09,876 - Drone1.SimulationBackend - INFO - Stopping SimulationBackend...
2026-07-01 16:08:14,877 - Drone1 - INFO - DroneAgent shutdown complete
2026-07-01 16:11:01,939 - Drone1 - INFO - Logger initialized for drone 1
2026-07-01 16:11:01,940 - Drone1 - INFO - BackendFactory: Creating SimulationBackend
2026-07-01 16:11:01,940 - Drone1.Communication - INFO - Communication initialized on 0.0.0.0:14560
2026-07-01 16:11:01,940 - Drone1.StateMachine - INFO - StateMachine initialized
2026-07-01 16:11:01,940 - Drone1 - INFO - DroneAgent initialized
2026-07-01 16:11:01,940 - Drone1 - INFO - Starting DroneAgent...
2026-07-01 16:11:01,940 - Drone1.SimulationBackend - INFO - Starting SimulationBackend...
2026-07-01 16:11:01,941 - Drone1.SimulationBackend - INFO - Connecting to SITL simulation via udpin://0.0.0.0:14540
2026-07-01 16:11:03,327 - Drone1 - INFO - Received signal 2, initiating shutdown...
2026-07-01 16:11:03,327 - Drone1 - INFO - Shutting down DroneAgent...
2026-07-01 16:11:03,328 - Drone1.Heartbeat - INFO - Heartbeat stopped
2026-07-01 16:11:03,328 - Drone1.MovementController - INFO - Movement controller stopped
2026-07-01 16:11:03,328 - Drone1.Decision - INFO - Decision engine stopped
2026-07-01 16:11:03,328 - Drone1.Telemetry - INFO - Telemetry stopped
2026-07-01 16:11:03,329 - Drone1.Communication - INFO - Communication stopped
2026-07-01 16:11:03,329 - Drone1.SimulationBackend - INFO - Stopping SimulationBackend...
2026-07-01 16:11:03,822 - Drone1 - INFO - Received signal 2, initiating shutdown...
2026-07-01 16:11:03,822 - Drone1 - INFO - Shutting down DroneAgent...
2026-07-01 16:11:03,822 - Drone1.Heartbeat - INFO - Heartbeat stopped
2026-07-01 16:11:03,823 - Drone1.MovementController - INFO - Movement controller stopped
2026-07-01 16:11:03,823 - Drone1.Decision - INFO - Decision engine stopped
2026-07-01 16:11:03,823 - Drone1.Telemetry - INFO - Telemetry stopped
2026-07-01 16:11:03,823 - Drone1.Communication - INFO - Communication stopped
2026-07-01 16:11:03,823 - Drone1.SimulationBackend - INFO - Stopping SimulationBackend...
2026-07-01 16:11:04,151 - Drone1 - INFO - Received signal 2, initiating shutdown...
2026-07-01 16:11:04,152 - Drone1 - INFO - Shutting down DroneAgent...
2026-07-01 16:11:04,152 - Drone1.Heartbeat - INFO - Heartbeat stopped
2026-07-01 16:11:04,152 - Drone1.MovementController - INFO - Movement controller stopped
2026-07-01 16:11:04,152 - Drone1.Decision - INFO - Decision engine stopped
2026-07-01 16:11:04,153 - Drone1.Telemetry - INFO - Telemetry stopped
2026-07-01 16:11:04,153 - Drone1.Communication - INFO - Communication stopped
2026-07-01 16:11:04,153 - Drone1.SimulationBackend - INFO - Stopping SimulationBackend...
2026-07-01 16:11:04,373 - Drone1 - INFO - Received signal 2, initiating shutdown...
2026-07-01 16:11:04,373 - Drone1 - INFO - Shutting down DroneAgent...
2026-07-01 16:11:04,373 - Drone1.Heartbeat - INFO - Heartbeat stopped
2026-07-01 16:11:04,373 - Drone1.MovementController - INFO - Movement controller stopped
2026-07-01 16:11:04,374 - Drone1.Decision - INFO - Decision engine stopped
2026-07-01 16:11:04,374 - Drone1.Telemetry - INFO - Telemetry stopped
2026-07-01 16:11:04,374 - Drone1.Communication - INFO - Communication stopped
2026-07-01 16:11:04,374 - Drone1.SimulationBackend - INFO - Stopping SimulationBackend...
2026-07-01 16:11:04,618 - Drone1 - INFO - Received signal 2, initiating shutdown...
2026-07-01 16:11:04,618 - Drone1 - INFO - Shutting down DroneAgent...
2026-07-01 16:11:04,619 - Drone1.Heartbeat - INFO - Heartbeat stopped
2026-07-01 16:11:04,619 - Drone1.MovementController - INFO - Movement controller stopped
2026-07-01 16:11:04,619 - Drone1.Decision - INFO - Decision engine stopped
2026-07-01 16:11:04,619 - Drone1.Telemetry - INFO - Telemetry stopped
2026-07-01 16:11:04,620 - Drone1.Communication - INFO - Communication stopped
2026-07-01 16:11:04,620 - Drone1.SimulationBackend - INFO - Stopping SimulationBackend...
2026-07-01 16:11:04,815 - Drone1 - INFO - Received signal 2, initiating shutdown...
2026-07-01 16:11:04,815 - Drone1 - INFO - Shutting down DroneAgent...
2026-07-01 16:11:04,816 - Drone1.Heartbeat - INFO - Heartbeat stopped
2026-07-01 16:11:04,816 - Drone1.MovementController - INFO - Movement controller stopped
2026-07-01 16:11:04,816 - Drone1.Decision - INFO - Decision engine stopped
2026-07-01 16:11:04,816 - Drone1.Telemetry - INFO - Telemetry stopped
2026-07-01 16:11:04,816 - Drone1.Communication - INFO - Communication stopped
2026-07-01 16:11:04,817 - Drone1.SimulationBackend - INFO - Stopping SimulationBackend...
2026-07-01 16:11:05,062 - Drone1 - INFO - Received signal 2, initiating shutdown...
2026-07-01 16:11:05,062 - Drone1 - INFO - Shutting down DroneAgent...
2026-07-01 16:11:05,062 - Drone1.Heartbeat - INFO - Heartbeat stopped
2026-07-01 16:11:05,062 - Drone1.MovementController - INFO - Movement controller stopped
2026-07-01 16:11:05,063 - Drone1.Decision - INFO - Decision engine stopped
2026-07-01 16:11:05,063 - Drone1.Telemetry - INFO - Telemetry stopped
2026-07-01 16:11:05,063 - Drone1.Communication - INFO - Communication stopped
2026-07-01 16:11:05,063 - Drone1.SimulationBackend - INFO - Stopping SimulationBackend...
2026-07-01 16:13:51,025 - Drone1 - INFO - Logger initialized for drone 1
2026-07-01 16:13:51,025 - Drone1 - INFO - BackendFactory: Creating SimulationBackend
2026-07-01 16:13:51,026 - Drone1.Communication - INFO - Communication initialized on 0.0.0.0:14560
2026-07-01 16:13:51,026 - Drone1.StateMachine - INFO - StateMachine initialized
2026-07-01 16:13:51,026 - Drone1 - INFO - DroneAgent initialized
2026-07-01 16:13:51,026 - Drone1 - INFO - Starting DroneAgent...
2026-07-01 16:13:51,026 - Drone1.SimulationBackend - INFO - Starting SimulationBackend...
2026-07-01 16:13:51,027 - Drone1.SimulationBackend - INFO - Connecting to SITL simulation via udpin://0.0.0.0:14540
2026-07-01 16:14:06,056 - Drone1.SimulationBackend - WARNING - SimulationBackend connection timed out (simulator might not be running).
2026-07-01 16:14:06,304 - Drone1 - INFO - GUI Server started on port 8000
2026-07-01 16:14:06,305 - Drone1.Telemetry - INFO - Telemetry background tasks scheduled
2026-07-01 16:14:06,306 - Drone1.Telemetry - ERROR - GPS telemetry error: Telemetry plugin has not been initialized! Did you run `System.connect()`?
2026-07-01 16:14:06,306 - Drone1.Communication - INFO - Communication started
2026-07-01 16:14:06,308 - Drone1.Telemetry - ERROR - Position velocity NED telemetry error: Telemetry plugin has not been initialized! Did you run `System.connect()`?
2026-07-01 16:14:06,308 - Drone1.Decision - INFO - Decision engine started
2026-07-01 16:14:06,308 - Drone1.Telemetry - ERROR - Attitude telemetry error: Telemetry plugin has not been initialized! Did you run `System.connect()`?
2026-07-01 16:14:06,309 - Drone1.Telemetry - ERROR - Battery telemetry error: Telemetry plugin has not been initialized! Did you run `System.connect()`?
2026-07-01 16:14:06,309 - Drone1.Telemetry - ERROR - Health telemetry error: Telemetry plugin has not been initialized! Did you run `System.connect()`?
2026-07-01 16:14:06,309 - Drone1.Telemetry - ERROR - In-air telemetry error: Telemetry plugin has not been initialized! Did you run `System.connect()`?
2026-07-01 16:14:06,309 - Drone1.Telemetry - ERROR - Armed telemetry error: Telemetry plugin has not been initialized! Did you run `System.connect()`?
2026-07-01 16:14:06,309 - Drone1.Telemetry - ERROR - Home telemetry error: Telemetry plugin has not been initialized! Did you run `System.connect()`?
2026-07-01 16:14:06,310 - Drone1.MovementController - INFO - Movement controller started
2026-07-01 16:14:06,310 - Drone1.Heartbeat - INFO - Heartbeat started at 10.0 Hz
2026-07-01 16:14:06,310 - Drone1 - INFO - All subsystems started
2026-07-01 16:16:57,610 - Drone1.SimulationBackend - INFO - Simulation Drone discovered!
2026-07-01 16:16:58,173 - Drone1.SimulationBackend - INFO - Simulation Global position estimate OK
2026-07-01 16:25:55,276 - Drone1 - INFO - Logger initialized for drone 1
2026-07-01 16:25:55,277 - Drone1 - INFO - BackendFactory: Creating SimulationBackend
2026-07-01 16:25:55,277 - Drone1.Communication - INFO - Communication initialized on 0.0.0.0:14560
2026-07-01 16:25:55,277 - Drone1.StateMachine - INFO - StateMachine initialized
2026-07-01 16:25:55,277 - Drone1 - INFO - DroneAgent initialized
2026-07-01 16:25:55,277 - Drone1 - INFO - Starting DroneAgent...
2026-07-01 16:25:55,277 - Drone1.SimulationBackend - INFO - Starting SimulationBackend...
2026-07-01 16:25:55,278 - Drone1.SimulationBackend - INFO - Connecting to SITL simulation via udpin://0.0.0.0:14540
2026-07-01 16:25:55,302 - Drone1.SimulationBackend - INFO - Simulation Drone discovered!
2026-07-01 16:25:55,528 - Drone1.SimulationBackend - INFO - Simulation Global position estimate OK
2026-07-01 16:25:55,578 - Drone1.SimulationBackend - INFO - SimulationBackend successfully connected to MAVSDK.
2026-07-01 16:25:55,945 - Drone1 - INFO - GUI Server started on port 8000
2026-07-01 16:25:55,947 - Drone1.Telemetry - INFO - Telemetry background tasks scheduled
2026-07-01 16:25:55,947 - Drone1.Communication - INFO - Communication started
2026-07-01 16:25:55,950 - Drone1.Decision - INFO - Decision engine started
2026-07-01 16:25:55,951 - Drone1.MovementController - INFO - Movement controller started
2026-07-01 16:25:55,952 - Drone1.Heartbeat - INFO - Heartbeat started at 10.0 Hz
2026-07-01 16:25:55,952 - Drone1 - INFO - All subsystems started
2026-07-01 16:28:48,118 - Drone1 - INFO - Received signal 2, initiating shutdown...
2026-07-01 16:28:48,118 - Drone1 - INFO - Shutting down DroneAgent...
2026-07-01 16:28:48,118 - Drone1.Heartbeat - INFO - Heartbeat stopped
2026-07-01 16:28:48,126 - Drone1.MovementController - INFO - Movement controller stopped
2026-07-01 16:28:48,221 - Drone1.Decision - INFO - Decision engine stopped
2026-07-01 16:28:48,221 - Drone1.Telemetry - INFO - Telemetry stopped
2026-07-01 16:28:48,222 - Drone1.Communication - INFO - Communication stopped
2026-07-01 16:28:48,222 - Drone1.SimulationBackend - INFO - Stopping SimulationBackend...
2026-07-01 16:28:48,224 - Drone1 - INFO - DroneAgent shutdown complete
2026-07-01 16:28:48,224 - Drone1 - INFO - Shutting down DroneAgent...
2026-07-01 16:28:48,224 - Drone1.Heartbeat - INFO - Heartbeat stopped
2026-07-01 16:28:48,224 - Drone1.MovementController - INFO - Movement controller stopped
2026-07-01 16:28:48,224 - Drone1.Decision - INFO - Decision engine stopped
2026-07-01 16:28:48,224 - Drone1.Telemetry - INFO - Telemetry stopped
2026-07-01 16:28:48,225 - Drone1.Communication - INFO - Communication stopped
2026-07-01 16:28:48,225 - Drone1.SimulationBackend - INFO - Stopping SimulationBackend...
2026-07-01 16:28:48,225 - Drone1 - INFO - DroneAgent shutdown complete
2026-07-01 16:28:58,512 - Drone1 - INFO - Logger initialized for drone 1
2026-07-01 16:28:58,513 - Drone1 - INFO - BackendFactory: Creating SimulationBackend
2026-07-01 16:28:58,513 - Drone1.Communication - INFO - Communication initialized on 0.0.0.0:14560
2026-07-01 16:28:58,513 - Drone1.StateMachine - INFO - StateMachine initialized
2026-07-01 16:28:58,513 - Drone1 - INFO - DroneAgent initialized
2026-07-01 16:28:58,514 - Drone1 - INFO - Starting DroneAgent...
2026-07-01 16:28:58,514 - Drone1.SimulationBackend - INFO - Starting SimulationBackend...
2026-07-01 16:28:58,515 - Drone1.SimulationBackend - INFO - Connecting to SITL simulation via udpin://0.0.0.0:14540
2026-07-01 16:28:58,540 - Drone1.SimulationBackend - INFO - Simulation Drone discovered!
2026-07-01 16:28:59,534 - Drone1.SimulationBackend - INFO - Simulation Global position estimate OK
2026-07-01 16:28:59,616 - Drone1.SimulationBackend - INFO - SimulationBackend successfully connected to MAVSDK.
2026-07-01 16:28:59,930 - Drone1 - INFO - GUI Server started on port 8000
2026-07-01 16:28:59,933 - Drone1.Telemetry - INFO - Telemetry background tasks scheduled
2026-07-01 16:28:59,937 - Drone1.Communication - INFO - Communication started
2026-07-01 16:28:59,940 - Drone1.Decision - INFO - Decision engine started
2026-07-01 16:28:59,941 - Drone1.MovementController - INFO - Movement controller started
2026-07-01 16:28:59,942 - Drone1.Heartbeat - INFO - Heartbeat started at 10.0 Hz
2026-07-01 16:28:59,942 - Drone1 - INFO - All subsystems started
2026-07-01 16:29:16,908 - Drone1 - INFO - Received signal 2, initiating shutdown...
2026-07-01 16:29:16,909 - Drone1 - INFO - Shutting down DroneAgent...
2026-07-01 16:29:16,909 - Drone1.Heartbeat - INFO - Heartbeat stopped
2026-07-01 16:29:16,917 - Drone1.MovementController - INFO - Movement controller stopped
2026-07-01 16:29:16,963 - Drone1.Decision - INFO - Decision engine stopped
2026-07-01 16:29:16,964 - Drone1.Telemetry - INFO - Telemetry stopped
2026-07-01 16:29:16,966 - Drone1.Communication - INFO - Communication stopped
2026-07-01 16:29:16,967 - Drone1.SimulationBackend - INFO - Stopping SimulationBackend...
2026-07-01 16:29:16,967 - Drone1 - INFO - DroneAgent shutdown complete
2026-07-01 16:29:16,968 - Drone1 - INFO - Shutting down DroneAgent...
2026-07-01 16:29:16,968 - Drone1.Heartbeat - INFO - Heartbeat stopped
2026-07-01 16:29:16,968 - Drone1.MovementController - INFO - Movement controller stopped
2026-07-01 16:29:16,968 - Drone1.Decision - INFO - Decision engine stopped
2026-07-01 16:29:16,969 - Drone1.Telemetry - INFO - Telemetry stopped
2026-07-01 16:29:16,969 - Drone1.Communication - INFO - Communication stopped
2026-07-01 16:29:16,969 - Drone1.SimulationBackend - INFO - Stopping SimulationBackend...
2026-07-01 16:29:16,969 - Drone1 - INFO - DroneAgent shutdown complete
2026-07-01 16:29:23,651 - Drone1 - INFO - Logger initialized for drone 1
2026-07-01 16:29:23,651 - Drone1 - INFO - BackendFactory: Creating SimulationBackend
2026-07-01 16:29:23,652 - Drone1.Communication - INFO - Communication initialized on 0.0.0.0:14560
2026-07-01 16:29:23,652 - Drone1.StateMachine - INFO - StateMachine initialized
2026-07-01 16:29:23,652 - Drone1 - INFO - DroneAgent initialized
2026-07-01 16:29:23,652 - Drone1 - INFO - Starting DroneAgent...
2026-07-01 16:29:23,652 - Drone1.SimulationBackend - INFO - Starting SimulationBackend...
2026-07-01 16:29:23,653 - Drone1.SimulationBackend - INFO - Connecting to SITL simulation via udpin://0.0.0.0:14540
2026-07-01 16:29:35,213 - Drone1 - INFO - Received signal 2, initiating shutdown...
2026-07-01 16:29:35,214 - Drone1 - INFO - Shutting down DroneAgent...
2026-07-01 16:29:35,214 - Drone1.Heartbeat - INFO - Heartbeat stopped
2026-07-01 16:29:35,214 - Drone1.MovementController - INFO - Movement controller stopped
2026-07-01 16:29:35,214 - Drone1.Decision - INFO - Decision engine stopped
2026-07-01 16:29:35,215 - Drone1.Telemetry - INFO - Telemetry stopped
2026-07-01 16:29:35,215 - Drone1.Communication - INFO - Communication stopped
2026-07-01 16:29:35,215 - Drone1.SimulationBackend - INFO - Stopping SimulationBackend...
2026-07-01 16:29:36,397 - Drone1 - INFO - Received signal 2, initiating shutdown...
2026-07-01 16:29:36,397 - Drone1 - INFO - Shutting down DroneAgent...
2026-07-01 16:29:36,397 - Drone1.Heartbeat - INFO - Heartbeat stopped
2026-07-01 16:29:36,397 - Drone1.MovementController - INFO - Movement controller stopped
2026-07-01 16:29:36,398 - Drone1.Decision - INFO - Decision engine stopped
2026-07-01 16:29:36,398 - Drone1.Telemetry - INFO - Telemetry stopped
2026-07-01 16:29:36,398 - Drone1.Communication - INFO - Communication stopped
2026-07-01 16:29:36,398 - Drone1.SimulationBackend - INFO - Stopping SimulationBackend...
2026-07-01 16:29:36,907 - Drone1 - INFO - Received signal 2, initiating shutdown...
2026-07-01 16:29:36,908 - Drone1 - INFO - Shutting down DroneAgent...
2026-07-01 16:29:36,908 - Drone1.Heartbeat - INFO - Heartbeat stopped
2026-07-01 16:29:36,908 - Drone1.MovementController - INFO - Movement controller stopped
2026-07-01 16:29:36,908 - Drone1.Decision - INFO - Decision engine stopped
2026-07-01 16:29:36,909 - Drone1.Telemetry - INFO - Telemetry stopped
2026-07-01 16:29:36,909 - Drone1.Communication - INFO - Communication stopped
2026-07-01 16:29:36,909 - Drone1.SimulationBackend - INFO - Stopping SimulationBackend...
2026-07-01 16:29:37,256 - Drone1 - INFO - Received signal 2, initiating shutdown...
2026-07-01 16:29:37,257 - Drone1 - INFO - Shutting down DroneAgent...
2026-07-01 16:29:37,257 - Drone1.Heartbeat - INFO - Heartbeat stopped
2026-07-01 16:29:37,257 - Drone1.MovementController - INFO - Movement controller stopped
2026-07-01 16:29:37,257 - Drone1.Decision - INFO - Decision engine stopped
2026-07-01 16:29:37,258 - Drone1.Telemetry - INFO - Telemetry stopped
2026-07-01 16:29:37,258 - Drone1.Communication - INFO - Communication stopped
2026-07-01 16:29:37,258 - Drone1.SimulationBackend - INFO - Stopping SimulationBackend...
2026-07-01 17:10:14,854 - Drone1 - INFO - Received signal 15, initiating shutdown...
2026-07-01 17:10:14,855 - Drone1 - INFO - Shutting down DroneAgent...
2026-07-01 17:10:14,855 - Drone1.Heartbeat - INFO - Heartbeat stopped
2026-07-01 17:10:14,866 - Drone1.MovementController - INFO - Movement controller stopped
2026-07-01 17:10:14,876 - Drone1.Decision - INFO - Decision engine stopped
2026-07-01 17:10:14,879 - Drone1.Telemetry - INFO - Telemetry stopped
2026-07-01 17:10:14,879 - Drone1.Communication - INFO - Communication stopped
2026-07-01 17:10:14,879 - Drone1.SimulationBackend - INFO - Stopping SimulationBackend...
2026-07-01 17:10:14,880 - Drone1 - INFO - DroneAgent shutdown complete
2026-07-01 17:10:14,880 - Drone1 - INFO - Shutting down DroneAgent...
2026-07-01 17:10:14,880 - Drone1.Heartbeat - INFO - Heartbeat stopped
2026-07-01 17:10:14,880 - Drone1.MovementController - INFO - Movement controller stopped
2026-07-01 17:10:14,880 - Drone1.Decision - INFO - Decision engine stopped
2026-07-01 17:10:14,881 - Drone1.Telemetry - INFO - Telemetry stopped
2026-07-01 17:10:14,881 - Drone1.Communication - INFO - Communication stopped
2026-07-01 17:10:14,881 - Drone1.SimulationBackend - INFO - Stopping SimulationBackend...
2026-07-01 17:10:14,881 - Drone1 - INFO - DroneAgent shutdown complete
2026-07-01 17:10:23,040 - Drone1 - INFO - Logger initialized for drone 1
2026-07-01 17:10:23,040 - Drone1 - INFO - BackendFactory: Creating SimulationBackend
2026-07-01 17:10:23,041 - Drone1.Communication - INFO - Communication initialized on 0.0.0.0:14560
2026-07-01 17:10:23,041 - Drone1.StateMachine - INFO - StateMachine initialized
2026-07-01 17:10:23,041 - Drone1 - INFO - DroneAgent initialized
2026-07-01 17:10:23,041 - Drone1 - INFO - Starting DroneAgent...
2026-07-01 17:10:23,041 - Drone1.SimulationBackend - INFO - Starting SimulationBackend...
2026-07-01 17:10:23,042 - Drone1.SimulationBackend - INFO - Connecting to SITL simulation via udpin://0.0.0.0:14540
2026-07-01 17:10:38,069 - Drone1.SimulationBackend - WARNING - SimulationBackend connection timed out (simulator might not be running).
2026-07-01 17:10:38,311 - Drone1 - INFO - GUI Server started on port 8000
2026-07-01 17:10:38,312 - Drone1.Telemetry - INFO - Telemetry background tasks scheduled
2026-07-01 17:10:38,312 - Drone1.Communication - INFO - Communication started
2026-07-01 17:10:38,312 - Drone1.Telemetry - ERROR - GPS telemetry error: Telemetry plugin has not been initialized! Did you run `System.connect()`?
2026-07-01 17:10:38,314 - Drone1.Telemetry - ERROR - Position velocity NED telemetry error: Telemetry plugin has not been initialized! Did you run `System.connect()`?
2026-07-01 17:10:38,314 - Drone1.Telemetry - ERROR - Attitude telemetry error: Telemetry plugin has not been initialized! Did you run `System.connect()`?
2026-07-01 17:10:38,314 - Drone1.Telemetry - ERROR - Battery telemetry error: Telemetry plugin has not been initialized! Did you run `System.connect()`?
2026-07-01 17:10:38,314 - Drone1.Telemetry - ERROR - Health telemetry error: Telemetry plugin has not been initialized! Did you run `System.connect()`?
2026-07-01 17:10:38,314 - Drone1.Telemetry - ERROR - In-air telemetry error: Telemetry plugin has not been initialized! Did you run `System.connect()`?
2026-07-01 17:10:38,314 - Drone1.Telemetry - ERROR - Armed telemetry error: Telemetry plugin has not been initialized! Did you run `System.connect()`?
2026-07-01 17:10:38,315 - Drone1.Decision - INFO - Decision engine started
2026-07-01 17:10:38,315 - Drone1.Telemetry - ERROR - Home telemetry error: Telemetry plugin has not been initialized! Did you run `System.connect()`?
2026-07-01 17:10:38,316 - Drone1.MovementController - INFO - Movement controller started
2026-07-01 17:10:38,316 - Drone1.Heartbeat - INFO - Heartbeat started at 10.0 Hz
2026-07-01 17:10:38,316 - Drone1 - INFO - All subsystems started
2026-07-01 17:14:58,438 - Drone1.SimulationBackend - INFO - Simulation Drone discovered!
2026-07-01 17:14:58,674 - Drone1.SimulationBackend - INFO - Simulation Global position estimate OK
2026-07-01 17:18:25,321 - Drone1.SimulationBackend - ERROR - Telemetry error: <AioRpcError of RPC that terminated with:
	status = StatusCode.UNAVAILABLE
	details = "Stream removed (Socket closed)"
	debug_error_string = "UNAVAILABLE:Stream removed (Socket closed)"
>
2026-07-01 17:18:26,323 - Drone1.SimulationBackend - ERROR - Telemetry error: <AioRpcError of RPC that terminated with:
	status = StatusCode.UNAVAILABLE
	details = "failed to connect to all addresses; last error: UNKNOWN: ipv4:127.0.0.1:50051: Failed to connect to remote host: Connection refused"
	debug_error_string = "UNAVAILABLE:failed to connect to all addresses; last error: UNKNOWN: ipv4:127.0.0.1:50051: Failed to connect to remote host: Connection refused"
>
2026-07-01 17:18:27,324 - Drone1.SimulationBackend - ERROR - Telemetry error: <AioRpcError of RPC that terminated with:
	status = StatusCode.UNAVAILABLE
	details = "failed to connect to all addresses; last error: UNKNOWN: ipv4:127.0.0.1:50051: Failed to connect to remote host: Connection refused"
	debug_error_string = "UNAVAILABLE:failed to connect to all addresses; last error: UNKNOWN: ipv4:127.0.0.1:50051: Failed to connect to remote host: Connection refused"
>
2026-07-01 17:18:28,326 - Drone1.SimulationBackend - ERROR - Telemetry error: <AioRpcError of RPC that terminated with:
	status = StatusCode.UNAVAILABLE
	details = "failed to connect to all addresses; last error: UNKNOWN: ipv4:127.0.0.1:50051: Failed to connect to remote host: Connection refused"
	debug_error_string = "UNAVAILABLE:failed to connect to all addresses; last error: UNKNOWN: ipv4:127.0.0.1:50051: Failed to connect to remote host: Connection refused"
>
2026-07-01 17:18:29,328 - Drone1.SimulationBackend - ERROR - Telemetry error: <AioRpcError of RPC that terminated with:
	status = StatusCode.UNAVAILABLE
	details = "failed to connect to all addresses; last error: UNKNOWN: ipv4:127.0.0.1:50051: Failed to connect to remote host: Connection refused"
	debug_error_string = "UNAVAILABLE:failed to connect to all addresses; last error: UNKNOWN: ipv4:127.0.0.1:50051: Failed to connect to remote host: Connection refused"
>
2026-07-01 17:18:30,329 - Drone1.SimulationBackend - ERROR - Telemetry error: <AioRpcError of RPC that terminated with:
	status = StatusCode.UNAVAILABLE
	details = "failed to connect to all addresses; last error: UNKNOWN: ipv4:127.0.0.1:50051: Failed to connect to remote host: Connection refused"
	debug_error_string = "UNAVAILABLE:failed to connect to all addresses; last error: UNKNOWN: ipv4:127.0.0.1:50051: Failed to connect to remote host: Connection refused"
>
2026-07-01 17:18:31,330 - Drone1.SimulationBackend - ERROR - Telemetry error: <AioRpcError of RPC that terminated with:
	status = StatusCode.UNAVAILABLE
	details = "failed to connect to all addresses; last error: UNKNOWN: ipv4:127.0.0.1:50051: Failed to connect to remote host: Connection refused"
	debug_error_string = "UNAVAILABLE:failed to connect to all addresses; last error: UNKNOWN: ipv4:127.0.0.1:50051: Failed to connect to remote host: Connection refused"
>
2026-07-01 17:18:32,331 - Drone1.SimulationBackend - ERROR - Telemetry error: <AioRpcError of RPC that terminated with:
	status = StatusCode.UNAVAILABLE
	details = "failed to connect to all addresses; last error: UNKNOWN: ipv4:127.0.0.1:50051: Failed to connect to remote host: Connection refused"
	debug_error_string = "UNAVAILABLE:failed to connect to all addresses; last error: UNKNOWN: ipv4:127.0.0.1:50051: Failed to connect to remote host: Connection refused"
>
2026-07-01 17:18:33,332 - Drone1.SimulationBackend - ERROR - Telemetry error: <AioRpcError of RPC that terminated with:
	status = StatusCode.UNAVAILABLE
	details = "failed to connect to all addresses; last error: UNKNOWN: ipv4:127.0.0.1:50051: Failed to connect to remote host: Connection refused"
	debug_error_string = "UNAVAILABLE:failed to connect to all addresses; last error: UNKNOWN: ipv4:127.0.0.1:50051: Failed to connect to remote host: Connection refused"
>
2026-07-01 17:18:34,334 - Drone1.SimulationBackend - ERROR - Telemetry error: <AioRpcError of RPC that terminated with:
	status = StatusCode.UNAVAILABLE
	details = "failed to connect to all addresses; last error: UNKNOWN: ipv4:127.0.0.1:50051: Failed to connect to remote host: Connection refused"
	debug_error_string = "UNAVAILABLE:failed to connect to all addresses; last error: UNKNOWN: ipv4:127.0.0.1:50051: Failed to connect to remote host: Connection refused"
>
2026-07-01 17:18:35,335 - Drone1.SimulationBackend - ERROR - Telemetry error: <AioRpcError of RPC that terminated with:
	status = StatusCode.UNAVAILABLE
	details = "failed to connect to all addresses; last error: UNKNOWN: ipv4:127.0.0.1:50051: Failed to connect to remote host: Connection refused"
	debug_error_string = "UNAVAILABLE:failed to connect to all addresses; last error: UNKNOWN: ipv4:127.0.0.1:50051: Failed to connect to remote host: Connection refused"
>
2026-07-01 17:18:36,336 - Drone1.SimulationBackend - ERROR - Telemetry error: <AioRpcError of RPC that terminated with:
	status = StatusCode.UNAVAILABLE
	details = "failed to connect to all addresses; last error: UNKNOWN: ipv4:127.0.0.1:50051: Failed to connect to remote host: Connection refused"
	debug_error_string = "UNAVAILABLE:failed to connect to all addresses; last error: UNKNOWN: ipv4:127.0.0.1:50051: Failed to connect to remote host: Connection refused"
>
2026-07-01 17:18:37,338 - Drone1.SimulationBackend - ERROR - Telemetry error: <AioRpcError of RPC that terminated with:
	status = StatusCode.UNAVAILABLE
	details = "failed to connect to all addresses; last error: UNKNOWN: ipv4:127.0.0.1:50051: Failed to connect to remote host: Connection refused"
	debug_error_string = "UNAVAILABLE:failed to connect to all addresses; last error: UNKNOWN: ipv4:127.0.0.1:50051: Failed to connect to remote host: Connection refused"
>
2026-07-01 17:18:38,339 - Drone1.SimulationBackend - ERROR - Telemetry error: <AioRpcError of RPC that terminated with:
	status = StatusCode.UNAVAILABLE
	details = "failed to connect to all addresses; last error: UNKNOWN: ipv4:127.0.0.1:50051: Failed to connect to remote host: Connection refused"
	debug_error_string = "UNAVAILABLE:failed to connect to all addresses; last error: UNKNOWN: ipv4:127.0.0.1:50051: Failed to connect to remote host: Connection refused"
>
2026-07-01 17:18:39,340 - Drone1.SimulationBackend - ERROR - Telemetry error: <AioRpcError of RPC that terminated with:
	status = StatusCode.UNAVAILABLE
	details = "failed to connect to all addresses; last error: UNKNOWN: ipv4:127.0.0.1:50051: Failed to connect to remote host: Connection refused"
	debug_error_string = "UNAVAILABLE:failed to connect to all addresses; last error: UNKNOWN: ipv4:127.0.0.1:50051: Failed to connect to remote host: Connection refused"
>
2026-07-01 17:18:40,341 - Drone1.SimulationBackend - ERROR - Telemetry error: <AioRpcError of RPC that terminated with:
	status = StatusCode.UNAVAILABLE
	details = "failed to connect to all addresses; last error: UNKNOWN: ipv4:127.0.0.1:50051: Failed to connect to remote host: Connection refused"
	debug_error_string = "UNAVAILABLE:failed to connect to all addresses; last error: UNKNOWN: ipv4:127.0.0.1:50051: Failed to connect to remote host: Connection refused"
>
2026-07-01 17:18:41,342 - Drone1.SimulationBackend - ERROR - Telemetry error: <AioRpcError of RPC that terminated with:
	status = StatusCode.UNAVAILABLE
	details = "failed to connect to all addresses; last error: UNKNOWN: ipv4:127.0.0.1:50051: Failed to connect to remote host: Connection refused"
	debug_error_string = "UNAVAILABLE:failed to connect to all addresses; last error: UNKNOWN: ipv4:127.0.0.1:50051: Failed to connect to remote host: Connection refused"
>
2026-07-01 17:18:42,344 - Drone1.SimulationBackend - ERROR - Telemetry error: <AioRpcError of RPC that terminated with:
	status = StatusCode.UNAVAILABLE
	details = "failed to connect to all addresses; last error: UNKNOWN: ipv4:127.0.0.1:50051: Failed to connect to remote host: Connection refused"
	debug_error_string = "UNAVAILABLE:failed to connect to all addresses; last error: UNKNOWN: ipv4:127.0.0.1:50051: Failed to connect to remote host: Connection refused"
>
2026-07-01 17:18:43,346 - Drone1.SimulationBackend - ERROR - Telemetry error: <AioRpcError of RPC that terminated with:
	status = StatusCode.UNAVAILABLE
	details = "failed to connect to all addresses; last error: UNKNOWN: ipv4:127.0.0.1:50051: Failed to connect to remote host: Connection refused"
	debug_error_string = "UNAVAILABLE:failed to connect to all addresses; last error: UNKNOWN: ipv4:127.0.0.1:50051: Failed to connect to remote host: Connection refused"
>
2026-07-01 17:18:44,347 - Drone1.SimulationBackend - ERROR - Telemetry error: <AioRpcError of RPC that terminated with:
	status = StatusCode.UNAVAILABLE
	details = "failed to connect to all addresses; last error: UNKNOWN: ipv4:127.0.0.1:50051: Failed to connect to remote host: Connection refused"
	debug_error_string = "UNAVAILABLE:failed to connect to all addresses; last error: UNKNOWN: ipv4:127.0.0.1:50051: Failed to connect to remote host: Connection refused"
>
2026-07-01 17:18:45,348 - Drone1.SimulationBackend - ERROR - Telemetry error: <AioRpcError of RPC that terminated with:
	status = StatusCode.UNAVAILABLE
	details = "failed to connect to all addresses; last error: UNKNOWN: ipv4:127.0.0.1:50051: Failed to connect to remote host: Connection refused"
	debug_error_string = "UNAVAILABLE:failed to connect to all addresses; last error: UNKNOWN: ipv4:127.0.0.1:50051: Failed to connect to remote host: Connection refused"
>
2026-07-01 17:18:46,350 - Drone1.SimulationBackend - ERROR - Telemetry error: <AioRpcError of RPC that terminated with:
	status = StatusCode.UNAVAILABLE
	details = "failed to connect to all addresses; last error: UNKNOWN: ipv4:127.0.0.1:50051: Failed to connect to remote host: Connection refused"
	debug_error_string = "UNAVAILABLE:failed to connect to all addresses; last error: UNKNOWN: ipv4:127.0.0.1:50051: Failed to connect to remote host: Connection refused"
>
2026-07-01 17:18:47,351 - Drone1.SimulationBackend - ERROR - Telemetry error: <AioRpcError of RPC that terminated with:
	status = StatusCode.UNAVAILABLE
	details = "failed to connect to all addresses; last error: UNKNOWN: ipv4:127.0.0.1:50051: Failed to connect to remote host: Connection refused"
	debug_error_string = "UNAVAILABLE:failed to connect to all addresses; last error: UNKNOWN: ipv4:127.0.0.1:50051: Failed to connect to remote host: Connection refused"
>
2026-07-01 17:18:48,353 - Drone1.SimulationBackend - ERROR - Telemetry error: <AioRpcError of RPC that terminated with:
	status = StatusCode.UNAVAILABLE
	details = "failed to connect to all addresses; last error: UNKNOWN: ipv4:127.0.0.1:50051: Failed to connect to remote host: Connection refused"
	debug_error_string = "UNAVAILABLE:failed to connect to all addresses; last error: UNKNOWN: ipv4:127.0.0.1:50051: Failed to connect to remote host: Connection refused"
>
2026-07-01 17:18:49,355 - Drone1.SimulationBackend - ERROR - Telemetry error: <AioRpcError of RPC that terminated with:
	status = StatusCode.UNAVAILABLE
	details = "failed to connect to all addresses; last error: UNKNOWN: ipv4:127.0.0.1:50051: Failed to connect to remote host: Connection refused"
	debug_error_string = "UNAVAILABLE:failed to connect to all addresses; last error: UNKNOWN: ipv4:127.0.0.1:50051: Failed to connect to remote host: Connection refused"
>
2026-07-01 17:18:50,356 - Drone1.SimulationBackend - ERROR - Telemetry error: <AioRpcError of RPC that terminated with:
	status = StatusCode.UNAVAILABLE
	details = "failed to connect to all addresses; last error: UNKNOWN: ipv4:127.0.0.1:50051: Failed to connect to remote host: Connection refused"
	debug_error_string = "UNAVAILABLE:failed to connect to all addresses; last error: UNKNOWN: ipv4:127.0.0.1:50051: Failed to connect to remote host: Connection refused"
>
2026-07-01 17:18:51,357 - Drone1.SimulationBackend - ERROR - Telemetry error: <AioRpcError of RPC that terminated with:
	status = StatusCode.UNAVAILABLE
	details = "failed to connect to all addresses; last error: UNKNOWN: ipv4:127.0.0.1:50051: Failed to connect to remote host: Connection refused"
	debug_error_string = "UNAVAILABLE:failed to connect to all addresses; last error: UNKNOWN: ipv4:127.0.0.1:50051: Failed to connect to remote host: Connection refused"
>
2026-07-01 17:18:52,359 - Drone1.SimulationBackend - ERROR - Telemetry error: <AioRpcError of RPC that terminated with:
	status = StatusCode.UNAVAILABLE
	details = "failed to connect to all addresses; last error: UNKNOWN: ipv4:127.0.0.1:50051: Failed to connect to remote host: Connection refused"
	debug_error_string = "UNAVAILABLE:failed to connect to all addresses; last error: UNKNOWN: ipv4:127.0.0.1:50051: Failed to connect to remote host: Connection refused"
>
2026-07-01 17:18:53,360 - Drone1.SimulationBackend - ERROR - Telemetry error: <AioRpcError of RPC that terminated with:
	status = StatusCode.UNAVAILABLE
	details = "failed to connect to all addresses; last error: UNKNOWN: ipv4:127.0.0.1:50051: Failed to connect to remote host: Connection refused"
	debug_error_string = "UNAVAILABLE:failed to connect to all addresses; last error: UNKNOWN: ipv4:127.0.0.1:50051: Failed to connect to remote host: Connection refused"
>
2026-07-01 17:18:54,362 - Drone1.SimulationBackend - ERROR - Telemetry error: <AioRpcError of RPC that terminated with:
	status = StatusCode.UNAVAILABLE
	details = "failed to connect to all addresses; last error: UNKNOWN: ipv4:127.0.0.1:50051: Failed to connect to remote host: Connection refused"
	debug_error_string = "UNAVAILABLE:failed to connect to all addresses; last error: UNKNOWN: ipv4:127.0.0.1:50051: Failed to connect to remote host: Connection refused"
>
2026-07-01 17:18:55,364 - Drone1.SimulationBackend - ERROR - Telemetry error: <AioRpcError of RPC that terminated with:
	status = StatusCode.UNAVAILABLE
	details = "failed to connect to all addresses; last error: UNKNOWN: ipv6:%5B::1%5D:50051: Failed to connect to remote host: Connection refused"
	debug_error_string = "UNAVAILABLE:failed to connect to all addresses; last error: UNKNOWN: ipv6:%5B::1%5D:50051: Failed to connect to remote host: Connection refused"
>
2026-07-01 17:18:56,365 - Drone1.SimulationBackend - ERROR - Telemetry error: <AioRpcError of RPC that terminated with:
	status = StatusCode.UNAVAILABLE
	details = "failed to connect to all addresses; last error: UNKNOWN: ipv6:%5B::1%5D:50051: Failed to connect to remote host: Connection refused"
	debug_error_string = "UNAVAILABLE:failed to connect to all addresses; last error: UNKNOWN: ipv6:%5B::1%5D:50051: Failed to connect to remote host: Connection refused"
>
2026-07-01 17:18:57,366 - Drone1.SimulationBackend - ERROR - Telemetry error: <AioRpcError of RPC that terminated with:
	status = StatusCode.UNAVAILABLE
	details = "failed to connect to all addresses; last error: UNKNOWN: ipv6:%5B::1%5D:50051: Failed to connect to remote host: Connection refused"
	debug_error_string = "UNAVAILABLE:failed to connect to all addresses; last error: UNKNOWN: ipv6:%5B::1%5D:50051: Failed to connect to remote host: Connection refused"
>
2026-07-01 17:18:58,367 - Drone1.SimulationBackend - ERROR - Telemetry error: <AioRpcError of RPC that terminated with:
	status = StatusCode.UNAVAILABLE
	details = "failed to connect to all addresses; last error: UNKNOWN: ipv6:%5B::1%5D:50051: Failed to connect to remote host: Connection refused"
	debug_error_string = "UNAVAILABLE:failed to connect to all addresses; last error: UNKNOWN: ipv6:%5B::1%5D:50051: Failed to connect to remote host: Connection refused"
>
2026-07-01 17:18:59,368 - Drone1.SimulationBackend - ERROR - Telemetry error: <AioRpcError of RPC that terminated with:
	status = StatusCode.UNAVAILABLE
	details = "failed to connect to all addresses; last error: UNKNOWN: ipv6:%5B::1%5D:50051: Failed to connect to remote host: Connection refused"
	debug_error_string = "UNAVAILABLE:failed to connect to all addresses; last error: UNKNOWN: ipv6:%5B::1%5D:50051: Failed to connect to remote host: Connection refused"
>
2026-07-01 17:19:00,369 - Drone1.SimulationBackend - ERROR - Telemetry error: <AioRpcError of RPC that terminated with:
	status = StatusCode.UNAVAILABLE
	details = "failed to connect to all addresses; last error: UNKNOWN: ipv6:%5B::1%5D:50051: Failed to connect to remote host: Connection refused"
	debug_error_string = "UNAVAILABLE:failed to connect to all addresses; last error: UNKNOWN: ipv6:%5B::1%5D:50051: Failed to connect to remote host: Connection refused"
>
2026-07-01 17:19:01,371 - Drone1.SimulationBackend - ERROR - Telemetry error: <AioRpcError of RPC that terminated with:
	status = StatusCode.UNAVAILABLE
	details = "failed to connect to all addresses; last error: UNKNOWN: ipv6:%5B::1%5D:50051: Failed to connect to remote host: Connection refused"
	debug_error_string = "UNAVAILABLE:failed to connect to all addresses; last error: UNKNOWN: ipv6:%5B::1%5D:50051: Failed to connect to remote host: Connection refused"
>
2026-07-01 17:19:02,372 - Drone1.SimulationBackend - ERROR - Telemetry error: <AioRpcError of RPC that terminated with:
	status = StatusCode.UNAVAILABLE
	details = "failed to connect to all addresses; last error: UNKNOWN: ipv6:%5B::1%5D:50051: Failed to connect to remote host: Connection refused"
	debug_error_string = "UNAVAILABLE:failed to connect to all addresses; last error: UNKNOWN: ipv6:%5B::1%5D:50051: Failed to connect to remote host: Connection refused"
>
2026-07-01 17:19:03,373 - Drone1.SimulationBackend - ERROR - Telemetry error: <AioRpcError of RPC that terminated with:
	status = StatusCode.UNAVAILABLE
	details = "failed to connect to all addresses; last error: UNKNOWN: ipv6:%5B::1%5D:50051: Failed to connect to remote host: Connection refused"
	debug_error_string = "UNAVAILABLE:failed to connect to all addresses; last error: UNKNOWN: ipv6:%5B::1%5D:50051: Failed to connect to remote host: Connection refused"
>
2026-07-01 17:19:04,375 - Drone1.SimulationBackend - ERROR - Telemetry error: <AioRpcError of RPC that terminated with:
	status = StatusCode.UNAVAILABLE
	details = "failed to connect to all addresses; last error: UNKNOWN: ipv6:%5B::1%5D:50051: Failed to connect to remote host: Connection refused"
	debug_error_string = "UNAVAILABLE:failed to connect to all addresses; last error: UNKNOWN: ipv6:%5B::1%5D:50051: Failed to connect to remote host: Connection refused"
>
2026-07-01 17:19:05,377 - Drone1.SimulationBackend - ERROR - Telemetry error: <AioRpcError of RPC that terminated with:
	status = StatusCode.UNAVAILABLE
	details = "failed to connect to all addresses; last error: UNKNOWN: ipv6:%5B::1%5D:50051: Failed to connect to remote host: Connection refused"
	debug_error_string = "UNAVAILABLE:failed to connect to all addresses; last error: UNKNOWN: ipv6:%5B::1%5D:50051: Failed to connect to remote host: Connection refused"
>
2026-07-01 17:19:06,379 - Drone1.SimulationBackend - ERROR - Telemetry error: <AioRpcError of RPC that terminated with:
	status = StatusCode.UNAVAILABLE
	details = "failed to connect to all addresses; last error: UNKNOWN: ipv6:%5B::1%5D:50051: Failed to connect to remote host: Connection refused"
	debug_error_string = "UNAVAILABLE:failed to connect to all addresses; last error: UNKNOWN: ipv6:%5B::1%5D:50051: Failed to connect to remote host: Connection refused"
>
2026-07-01 17:19:07,380 - Drone1.SimulationBackend - ERROR - Telemetry error: <AioRpcError of RPC that terminated with:
	status = StatusCode.UNAVAILABLE
	details = "failed to connect to all addresses; last error: UNKNOWN: ipv6:%5B::1%5D:50051: Failed to connect to remote host: Connection refused"
	debug_error_string = "UNAVAILABLE:failed to connect to all addresses; last error: UNKNOWN: ipv6:%5B::1%5D:50051: Failed to connect to remote host: Connection refused"
>
2026-07-01 17:19:08,382 - Drone1.SimulationBackend - ERROR - Telemetry error: <AioRpcError of RPC that terminated with:
	status = StatusCode.UNAVAILABLE
	details = "failed to connect to all addresses; last error: UNKNOWN: ipv6:%5B::1%5D:50051: Failed to connect to remote host: Connection refused"
	debug_error_string = "UNAVAILABLE:failed to connect to all addresses; last error: UNKNOWN: ipv6:%5B::1%5D:50051: Failed to connect to remote host: Connection refused"
>
2026-07-01 17:19:09,384 - Drone1.SimulationBackend - ERROR - Telemetry error: <AioRpcError of RPC that terminated with:
	status = StatusCode.UNAVAILABLE
	details = "failed to connect to all addresses; last error: UNKNOWN: ipv6:%5B::1%5D:50051: Failed to connect to remote host: Connection refused"
	debug_error_string = "UNAVAILABLE:failed to connect to all addresses; last error: UNKNOWN: ipv6:%5B::1%5D:50051: Failed to connect to remote host: Connection refused"
>
2026-07-01 17:19:10,386 - Drone1.SimulationBackend - ERROR - Telemetry error: <AioRpcError of RPC that terminated with:
	status = StatusCode.UNAVAILABLE
	details = "failed to connect to all addresses; last error: UNKNOWN: ipv6:%5B::1%5D:50051: Failed to connect to remote host: Connection refused"
	debug_error_string = "UNAVAILABLE:failed to connect to all addresses; last error: UNKNOWN: ipv6:%5B::1%5D:50051: Failed to connect to remote host: Connection refused"
>
2026-07-01 17:19:11,387 - Drone1.SimulationBackend - ERROR - Telemetry error: <AioRpcError of RPC that terminated with:
	status = StatusCode.UNAVAILABLE
	details = "failed to connect to all addresses; last error: UNKNOWN: ipv6:%5B::1%5D:50051: Failed to connect to remote host: Connection refused"
	debug_error_string = "UNAVAILABLE:failed to connect to all addresses; last error: UNKNOWN: ipv6:%5B::1%5D:50051: Failed to connect to remote host: Connection refused"
>
2026-07-01 17:19:12,390 - Drone1.SimulationBackend - ERROR - Telemetry error: <AioRpcError of RPC that terminated with:
	status = StatusCode.UNAVAILABLE
	details = "failed to connect to all addresses; last error: UNKNOWN: ipv4:127.0.0.1:50051: Failed to connect to remote host: Connection refused"
	debug_error_string = "UNAVAILABLE:failed to connect to all addresses; last error: UNKNOWN: ipv4:127.0.0.1:50051: Failed to connect to remote host: Connection refused"
>
2026-07-01 17:19:13,391 - Drone1.SimulationBackend - ERROR - Telemetry error: <AioRpcError of RPC that terminated with:
	status = StatusCode.UNAVAILABLE
	details = "failed to connect to all addresses; last error: UNKNOWN: ipv4:127.0.0.1:50051: Failed to connect to remote host: Connection refused"
	debug_error_string = "UNAVAILABLE:failed to connect to all addresses; last error: UNKNOWN: ipv4:127.0.0.1:50051: Failed to connect to remote host: Connection refused"
>
2026-07-01 17:19:14,393 - Drone1.SimulationBackend - ERROR - Telemetry error: <AioRpcError of RPC that terminated with:
	status = StatusCode.UNAVAILABLE
	details = "failed to connect to all addresses; last error: UNKNOWN: ipv4:127.0.0.1:50051: Failed to connect to remote host: Connection refused"
	debug_error_string = "UNAVAILABLE:failed to connect to all addresses; last error: UNKNOWN: ipv4:127.0.0.1:50051: Failed to connect to remote host: Connection refused"
>
2026-07-01 17:19:15,395 - Drone1.SimulationBackend - ERROR - Telemetry error: <AioRpcError of RPC that terminated with:
	status = StatusCode.UNAVAILABLE
	details = "failed to connect to all addresses; last error: UNKNOWN: ipv4:127.0.0.1:50051: Failed to connect to remote host: Connection refused"
	debug_error_string = "UNAVAILABLE:failed to connect to all addresses; last error: UNKNOWN: ipv4:127.0.0.1:50051: Failed to connect to remote host: Connection refused"
>
2026-07-01 17:19:16,396 - Drone1.SimulationBackend - ERROR - Telemetry error: <AioRpcError of RPC that terminated with:
	status = StatusCode.UNAVAILABLE
	details = "failed to connect to all addresses; last error: UNKNOWN: ipv4:127.0.0.1:50051: Failed to connect to remote host: Connection refused"
	debug_error_string = "UNAVAILABLE:failed to connect to all addresses; last error: UNKNOWN: ipv4:127.0.0.1:50051: Failed to connect to remote host: Connection refused"
>
2026-07-01 17:19:17,398 - Drone1.SimulationBackend - ERROR - Telemetry error: <AioRpcError of RPC that terminated with:
	status = StatusCode.UNAVAILABLE
	details = "failed to connect to all addresses; last error: UNKNOWN: ipv4:127.0.0.1:50051: Failed to connect to remote host: Connection refused"
	debug_error_string = "UNAVAILABLE:failed to connect to all addresses; last error: UNKNOWN: ipv4:127.0.0.1:50051: Failed to connect to remote host: Connection refused"
>
2026-07-01 17:19:18,399 - Drone1.SimulationBackend - ERROR - Telemetry error: <AioRpcError of RPC that terminated with:
	status = StatusCode.UNAVAILABLE
	details = "failed to connect to all addresses; last error: UNKNOWN: ipv4:127.0.0.1:50051: Failed to connect to remote host: Connection refused"
	debug_error_string = "UNAVAILABLE:failed to connect to all addresses; last error: UNKNOWN: ipv4:127.0.0.1:50051: Failed to connect to remote host: Connection refused"
>
2026-07-01 17:19:19,400 - Drone1.SimulationBackend - ERROR - Telemetry error: <AioRpcError of RPC that terminated with:
	status = StatusCode.UNAVAILABLE
	details = "failed to connect to all addresses; last error: UNKNOWN: ipv4:127.0.0.1:50051: Failed to connect to remote host: Connection refused"
	debug_error_string = "UNAVAILABLE:failed to connect to all addresses; last error: UNKNOWN: ipv4:127.0.0.1:50051: Failed to connect to remote host: Connection refused"
>
2026-07-01 17:19:20,401 - Drone1.SimulationBackend - ERROR - Telemetry error: <AioRpcError of RPC that terminated with:
	status = StatusCode.UNAVAILABLE
	details = "failed to connect to all addresses; last error: UNKNOWN: ipv4:127.0.0.1:50051: Failed to connect to remote host: Connection refused"
	debug_error_string = "UNAVAILABLE:failed to connect to all addresses; last error: UNKNOWN: ipv4:127.0.0.1:50051: Failed to connect to remote host: Connection refused"
>
2026-07-01 17:19:21,403 - Drone1.SimulationBackend - ERROR - Telemetry error: <AioRpcError of RPC that terminated with:
	status = StatusCode.UNAVAILABLE
	details = "failed to connect to all addresses; last error: UNKNOWN: ipv4:127.0.0.1:50051: Failed to connect to remote host: Connection refused"
	debug_error_string = "UNAVAILABLE:failed to connect to all addresses; last error: UNKNOWN: ipv4:127.0.0.1:50051: Failed to connect to remote host: Connection refused"
>
2026-07-01 17:19:22,404 - Drone1.SimulationBackend - ERROR - Telemetry error: <AioRpcError of RPC that terminated with:
	status = StatusCode.UNAVAILABLE
	details = "failed to connect to all addresses; last error: UNKNOWN: ipv4:127.0.0.1:50051: Failed to connect to remote host: Connection refused"
	debug_error_string = "UNAVAILABLE:failed to connect to all addresses; last error: UNKNOWN: ipv4:127.0.0.1:50051: Failed to connect to remote host: Connection refused"
>
2026-07-01 17:19:23,407 - Drone1.SimulationBackend - ERROR - Telemetry error: <AioRpcError of RPC that terminated with:
	status = StatusCode.UNAVAILABLE
	details = "failed to connect to all addresses; last error: UNKNOWN: ipv4:127.0.0.1:50051: Failed to connect to remote host: Connection refused"
	debug_error_string = "UNAVAILABLE:failed to connect to all addresses; last error: UNKNOWN: ipv4:127.0.0.1:50051: Failed to connect to remote host: Connection refused"
>
2026-07-01 17:19:24,408 - Drone1.SimulationBackend - ERROR - Telemetry error: <AioRpcError of RPC that terminated with:
	status = StatusCode.UNAVAILABLE
	details = "failed to connect to all addresses; last error: UNKNOWN: ipv4:127.0.0.1:50051: Failed to connect to remote host: Connection refused"
	debug_error_string = "UNAVAILABLE:failed to connect to all addresses; last error: UNKNOWN: ipv4:127.0.0.1:50051: Failed to connect to remote host: Connection refused"
>
2026-07-01 17:19:25,409 - Drone1.SimulationBackend - ERROR - Telemetry error: <AioRpcError of RPC that terminated with:
	status = StatusCode.UNAVAILABLE
	details = "failed to connect to all addresses; last error: UNKNOWN: ipv6:%5B::1%5D:50051: Failed to connect to remote host: Connection refused"
	debug_error_string = "UNAVAILABLE:failed to connect to all addresses; last error: UNKNOWN: ipv6:%5B::1%5D:50051: Failed to connect to remote host: Connection refused"
>
2026-07-01 17:19:26,411 - Drone1.SimulationBackend - ERROR - Telemetry error: <AioRpcError of RPC that terminated with:
	status = StatusCode.UNAVAILABLE
	details = "failed to connect to all addresses; last error: UNKNOWN: ipv6:%5B::1%5D:50051: Failed to connect to remote host: Connection refused"
	debug_error_string = "UNAVAILABLE:failed to connect to all addresses; last error: UNKNOWN: ipv6:%5B::1%5D:50051: Failed to connect to remote host: Connection refused"
>
2026-07-01 17:19:27,414 - Drone1.SimulationBackend - ERROR - Telemetry error: <AioRpcError of RPC that terminated with:
	status = StatusCode.UNAVAILABLE
	details = "failed to connect to all addresses; last error: UNKNOWN: ipv6:%5B::1%5D:50051: Failed to connect to remote host: Connection refused"
	debug_error_string = "UNAVAILABLE:failed to connect to all addresses; last error: UNKNOWN: ipv6:%5B::1%5D:50051: Failed to connect to remote host: Connection refused"
>
2026-07-01 17:19:28,415 - Drone1.SimulationBackend - ERROR - Telemetry error: <AioRpcError of RPC that terminated with:
	status = StatusCode.UNAVAILABLE
	details = "failed to connect to all addresses; last error: UNKNOWN: ipv6:%5B::1%5D:50051: Failed to connect to remote host: Connection refused"
	debug_error_string = "UNAVAILABLE:failed to connect to all addresses; last error: UNKNOWN: ipv6:%5B::1%5D:50051: Failed to connect to remote host: Connection refused"
>
2026-07-01 17:19:29,416 - Drone1.SimulationBackend - ERROR - Telemetry error: <AioRpcError of RPC that terminated with:
	status = StatusCode.UNAVAILABLE
	details = "failed to connect to all addresses; last error: UNKNOWN: ipv6:%5B::1%5D:50051: Failed to connect to remote host: Connection refused"
	debug_error_string = "UNAVAILABLE:failed to connect to all addresses; last error: UNKNOWN: ipv6:%5B::1%5D:50051: Failed to connect to remote host: Connection refused"
>
2026-07-01 17:19:30,418 - Drone1.SimulationBackend - ERROR - Telemetry error: <AioRpcError of RPC that terminated with:
	status = StatusCode.UNAVAILABLE
	details = "failed to connect to all addresses; last error: UNKNOWN: ipv6:%5B::1%5D:50051: Failed to connect to remote host: Connection refused"
	debug_error_string = "UNAVAILABLE:failed to connect to all addresses; last error: UNKNOWN: ipv6:%5B::1%5D:50051: Failed to connect to remote host: Connection refused"
>
2026-07-01 17:19:31,419 - Drone1.SimulationBackend - ERROR - Telemetry error: <AioRpcError of RPC that terminated with:
	status = StatusCode.UNAVAILABLE
	details = "failed to connect to all addresses; last error: UNKNOWN: ipv6:%5B::1%5D:50051: Failed to connect to remote host: Connection refused"
	debug_error_string = "UNAVAILABLE:failed to connect to all addresses; last error: UNKNOWN: ipv6:%5B::1%5D:50051: Failed to connect to remote host: Connection refused"
>
2026-07-01 17:19:32,420 - Drone1.SimulationBackend - ERROR - Telemetry error: <AioRpcError of RPC that terminated with:
	status = StatusCode.UNAVAILABLE
	details = "failed to connect to all addresses; last error: UNKNOWN: ipv6:%5B::1%5D:50051: Failed to connect to remote host: Connection refused"
	debug_error_string = "UNAVAILABLE:failed to connect to all addresses; last error: UNKNOWN: ipv6:%5B::1%5D:50051: Failed to connect to remote host: Connection refused"
>
2026-07-01 17:19:33,421 - Drone1.SimulationBackend - ERROR - Telemetry error: <AioRpcError of RPC that terminated with:
	status = StatusCode.UNAVAILABLE
	details = "failed to connect to all addresses; last error: UNKNOWN: ipv6:%5B::1%5D:50051: Failed to connect to remote host: Connection refused"
	debug_error_string = "UNAVAILABLE:failed to connect to all addresses; last error: UNKNOWN: ipv6:%5B::1%5D:50051: Failed to connect to remote host: Connection refused"
>
2026-07-01 17:19:34,427 - Drone1.SimulationBackend - ERROR - Telemetry error: <AioRpcError of RPC that terminated with:
	status = StatusCode.UNAVAILABLE
	details = "failed to connect to all addresses; last error: UNKNOWN: ipv6:%5B::1%5D:50051: Failed to connect to remote host: Connection refused"
	debug_error_string = "UNAVAILABLE:failed to connect to all addresses; last error: UNKNOWN: ipv6:%5B::1%5D:50051: Failed to connect to remote host: Connection refused"
>
2026-07-01 17:19:35,428 - Drone1.SimulationBackend - ERROR - Telemetry error: <AioRpcError of RPC that terminated with:
	status = StatusCode.UNAVAILABLE
	details = "failed to connect to all addresses; last error: UNKNOWN: ipv6:%5B::1%5D:50051: Failed to connect to remote host: Connection refused"
	debug_error_string = "UNAVAILABLE:failed to connect to all addresses; last error: UNKNOWN: ipv6:%5B::1%5D:50051: Failed to connect to remote host: Connection refused"
>
2026-07-01 17:19:36,429 - Drone1.SimulationBackend - ERROR - Telemetry error: <AioRpcError of RPC that terminated with:
	status = StatusCode.UNAVAILABLE
	details = "failed to connect to all addresses; last error: UNKNOWN: ipv6:%5B::1%5D:50051: Failed to connect to remote host: Connection refused"
	debug_error_string = "UNAVAILABLE:failed to connect to all addresses; last error: UNKNOWN: ipv6:%5B::1%5D:50051: Failed to connect to remote host: Connection refused"
>
2026-07-01 17:19:37,430 - Drone1.SimulationBackend - ERROR - Telemetry error: <AioRpcError of RPC that terminated with:
	status = StatusCode.UNAVAILABLE
	details = "failed to connect to all addresses; last error: UNKNOWN: ipv6:%5B::1%5D:50051: Failed to connect to remote host: Connection refused"
	debug_error_string = "UNAVAILABLE:failed to connect to all addresses; last error: UNKNOWN: ipv6:%5B::1%5D:50051: Failed to connect to remote host: Connection refused"
>
2026-07-01 17:19:38,432 - Drone1.SimulationBackend - ERROR - Telemetry error: <AioRpcError of RPC that terminated with:
	status = StatusCode.UNAVAILABLE
	details = "failed to connect to all addresses; last error: UNKNOWN: ipv6:%5B::1%5D:50051: Failed to connect to remote host: Connection refused"
	debug_error_string = "UNAVAILABLE:failed to connect to all addresses; last error: UNKNOWN: ipv6:%5B::1%5D:50051: Failed to connect to remote host: Connection refused"
>
2026-07-01 17:19:39,434 - Drone1.SimulationBackend - ERROR - Telemetry error: <AioRpcError of RPC that terminated with:
	status = StatusCode.UNAVAILABLE
	details = "failed to connect to all addresses; last error: UNKNOWN: ipv6:%5B::1%5D:50051: Failed to connect to remote host: Connection refused"
	debug_error_string = "UNAVAILABLE:failed to connect to all addresses; last error: UNKNOWN: ipv6:%5B::1%5D:50051: Failed to connect to remote host: Connection refused"
>
2026-07-01 17:19:40,435 - Drone1.SimulationBackend - ERROR - Telemetry error: <AioRpcError of RPC that terminated with:
	status = StatusCode.UNAVAILABLE
	details = "failed to connect to all addresses; last error: UNKNOWN: ipv6:%5B::1%5D:50051: Failed to connect to remote host: Connection refused"
	debug_error_string = "UNAVAILABLE:failed to connect to all addresses; last error: UNKNOWN: ipv6:%5B::1%5D:50051: Failed to connect to remote host: Connection refused"
>
2026-07-01 17:19:41,436 - Drone1.SimulationBackend - ERROR - Telemetry error: <AioRpcError of RPC that terminated with:
	status = StatusCode.UNAVAILABLE
	details = "failed to connect to all addresses; last error: UNKNOWN: ipv4:127.0.0.1:50051: Failed to connect to remote host: Connection refused"
	debug_error_string = "UNAVAILABLE:failed to connect to all addresses; last error: UNKNOWN: ipv4:127.0.0.1:50051: Failed to connect to remote host: Connection refused"
>
2026-07-01 17:19:42,437 - Drone1.SimulationBackend - ERROR - Telemetry error: <AioRpcError of RPC that terminated with:
	status = StatusCode.UNAVAILABLE
	details = "failed to connect to all addresses; last error: UNKNOWN: ipv4:127.0.0.1:50051: Failed to connect to remote host: Connection refused"
	debug_error_string = "UNAVAILABLE:failed to connect to all addresses; last error: UNKNOWN: ipv4:127.0.0.1:50051: Failed to connect to remote host: Connection refused"
>
2026-07-01 17:19:43,439 - Drone1.SimulationBackend - ERROR - Telemetry error: <AioRpcError of RPC that terminated with:
	status = StatusCode.UNAVAILABLE
	details = "failed to connect to all addresses; last error: UNKNOWN: ipv4:127.0.0.1:50051: Failed to connect to remote host: Connection refused"
	debug_error_string = "UNAVAILABLE:failed to connect to all addresses; last error: UNKNOWN: ipv4:127.0.0.1:50051: Failed to connect to remote host: Connection refused"
>
2026-07-01 17:19:44,440 - Drone1.SimulationBackend - ERROR - Telemetry error: <AioRpcError of RPC that terminated with:
	status = StatusCode.UNAVAILABLE
	details = "failed to connect to all addresses; last error: UNKNOWN: ipv4:127.0.0.1:50051: Failed to connect to remote host: Connection refused"
	debug_error_string = "UNAVAILABLE:failed to connect to all addresses; last error: UNKNOWN: ipv4:127.0.0.1:50051: Failed to connect to remote host: Connection refused"
>
2026-07-01 17:19:45,441 - Drone1.SimulationBackend - ERROR - Telemetry error: <AioRpcError of RPC that terminated with:
	status = StatusCode.UNAVAILABLE
	details = "failed to connect to all addresses; last error: UNKNOWN: ipv4:127.0.0.1:50051: Failed to connect to remote host: Connection refused"
	debug_error_string = "UNAVAILABLE:failed to connect to all addresses; last error: UNKNOWN: ipv4:127.0.0.1:50051: Failed to connect to remote host: Connection refused"
>
2026-07-01 17:19:46,442 - Drone1.SimulationBackend - ERROR - Telemetry error: <AioRpcError of RPC that terminated with:
	status = StatusCode.UNAVAILABLE
	details = "failed to connect to all addresses; last error: UNKNOWN: ipv4:127.0.0.1:50051: Failed to connect to remote host: Connection refused"
	debug_error_string = "UNAVAILABLE:failed to connect to all addresses; last error: UNKNOWN: ipv4:127.0.0.1:50051: Failed to connect to remote host: Connection refused"
>
2026-07-01 17:19:47,444 - Drone1.SimulationBackend - ERROR - Telemetry error: <AioRpcError of RPC that terminated with:
	status = StatusCode.UNAVAILABLE
	details = "failed to connect to all addresses; last error: UNKNOWN: ipv4:127.0.0.1:50051: Failed to connect to remote host: Connection refused"
	debug_error_string = "UNAVAILABLE:failed to connect to all addresses; last error: UNKNOWN: ipv4:127.0.0.1:50051: Failed to connect to remote host: Connection refused"
>
2026-07-01 17:19:48,446 - Drone1.SimulationBackend - ERROR - Telemetry error: <AioRpcError of RPC that terminated with:
	status = StatusCode.UNAVAILABLE
	details = "failed to connect to all addresses; last error: UNKNOWN: ipv4:127.0.0.1:50051: Failed to connect to remote host: Connection refused"
	debug_error_string = "UNAVAILABLE:failed to connect to all addresses; last error: UNKNOWN: ipv4:127.0.0.1:50051: Failed to connect to remote host: Connection refused"
>
2026-07-01 17:19:49,447 - Drone1.SimulationBackend - ERROR - Telemetry error: <AioRpcError of RPC that terminated with:
	status = StatusCode.UNAVAILABLE
	details = "failed to connect to all addresses; last error: UNKNOWN: ipv4:127.0.0.1:50051: Failed to connect to remote host: Connection refused"
	debug_error_string = "UNAVAILABLE:failed to connect to all addresses; last error: UNKNOWN: ipv4:127.0.0.1:50051: Failed to connect to remote host: Connection refused"
>
2026-07-01 17:19:50,448 - Drone1.SimulationBackend - ERROR - Telemetry error: <AioRpcError of RPC that terminated with:
	status = StatusCode.UNAVAILABLE
	details = "failed to connect to all addresses; last error: UNKNOWN: ipv4:127.0.0.1:50051: Failed to connect to remote host: Connection refused"
	debug_error_string = "UNAVAILABLE:failed to connect to all addresses; last error: UNKNOWN: ipv4:127.0.0.1:50051: Failed to connect to remote host: Connection refused"
>
2026-07-01 17:19:51,449 - Drone1.SimulationBackend - ERROR - Telemetry error: <AioRpcError of RPC that terminated with:
	status = StatusCode.UNAVAILABLE
	details = "failed to connect to all addresses; last error: UNKNOWN: ipv4:127.0.0.1:50051: Failed to connect to remote host: Connection refused"
	debug_error_string = "UNAVAILABLE:failed to connect to all addresses; last error: UNKNOWN: ipv4:127.0.0.1:50051: Failed to connect to remote host: Connection refused"
>
2026-07-01 17:19:52,450 - Drone1.SimulationBackend - ERROR - Telemetry error: <AioRpcError of RPC that terminated with:
	status = StatusCode.UNAVAILABLE
	details = "failed to connect to all addresses; last error: UNKNOWN: ipv4:127.0.0.1:50051: Failed to connect to remote host: Connection refused"
	debug_error_string = "UNAVAILABLE:failed to connect to all addresses; last error: UNKNOWN: ipv4:127.0.0.1:50051: Failed to connect to remote host: Connection refused"
>
2026-07-01 17:19:53,451 - Drone1.SimulationBackend - ERROR - Telemetry error: <AioRpcError of RPC that terminated with:
	status = StatusCode.UNAVAILABLE
	details = "failed to connect to all addresses; last error: UNKNOWN: ipv4:127.0.0.1:50051: Failed to connect to remote host: Connection refused"
	debug_error_string = "UNAVAILABLE:failed to connect to all addresses; last error: UNKNOWN: ipv4:127.0.0.1:50051: Failed to connect to remote host: Connection refused"
>
2026-07-01 17:19:54,453 - Drone1.SimulationBackend - ERROR - Telemetry error: <AioRpcError of RPC that terminated with:
	status = StatusCode.UNAVAILABLE
	details = "failed to connect to all addresses; last error: UNKNOWN: ipv4:127.0.0.1:50051: Failed to connect to remote host: Connection refused"
	debug_error_string = "UNAVAILABLE:failed to connect to all addresses; last error: UNKNOWN: ipv4:127.0.0.1:50051: Failed to connect to remote host: Connection refused"
>
2026-07-01 17:19:55,454 - Drone1.SimulationBackend - ERROR - Telemetry error: <AioRpcError of RPC that terminated with:
	status = StatusCode.UNAVAILABLE
	details = "failed to connect to all addresses; last error: UNKNOWN: ipv6:%5B::1%5D:50051: Failed to connect to remote host: Connection refused"
	debug_error_string = "UNAVAILABLE:failed to connect to all addresses; last error: UNKNOWN: ipv6:%5B::1%5D:50051: Failed to connect to remote host: Connection refused"
>
2026-07-01 17:19:56,456 - Drone1.SimulationBackend - ERROR - Telemetry error: <AioRpcError of RPC that terminated with:
	status = StatusCode.UNAVAILABLE
	details = "failed to connect to all addresses; last error: UNKNOWN: ipv6:%5B::1%5D:50051: Failed to connect to remote host: Connection refused"
	debug_error_string = "UNAVAILABLE:failed to connect to all addresses; last error: UNKNOWN: ipv6:%5B::1%5D:50051: Failed to connect to remote host: Connection refused"
>
2026-07-01 17:19:57,459 - Drone1.SimulationBackend - ERROR - Telemetry error: <AioRpcError of RPC that terminated with:
	status = StatusCode.UNAVAILABLE
	details = "failed to connect to all addresses; last error: UNKNOWN: ipv6:%5B::1%5D:50051: Failed to connect to remote host: Connection refused"
	debug_error_string = "UNAVAILABLE:failed to connect to all addresses; last error: UNKNOWN: ipv6:%5B::1%5D:50051: Failed to connect to remote host: Connection refused"
>
2026-07-01 17:19:58,460 - Drone1.SimulationBackend - ERROR - Telemetry error: <AioRpcError of RPC that terminated with:
	status = StatusCode.UNAVAILABLE
	details = "failed to connect to all addresses; last error: UNKNOWN: ipv6:%5B::1%5D:50051: Failed to connect to remote host: Connection refused"
	debug_error_string = "UNAVAILABLE:failed to connect to all addresses; last error: UNKNOWN: ipv6:%5B::1%5D:50051: Failed to connect to remote host: Connection refused"
>
2026-07-01 17:19:59,461 - Drone1.SimulationBackend - ERROR - Telemetry error: <AioRpcError of RPC that terminated with:
	status = StatusCode.UNAVAILABLE
	details = "failed to connect to all addresses; last error: UNKNOWN: ipv6:%5B::1%5D:50051: Failed to connect to remote host: Connection refused"
	debug_error_string = "UNAVAILABLE:failed to connect to all addresses; last error: UNKNOWN: ipv6:%5B::1%5D:50051: Failed to connect to remote host: Connection refused"
>
2026-07-01 17:20:00,462 - Drone1.SimulationBackend - ERROR - Telemetry error: <AioRpcError of RPC that terminated with:
	status = StatusCode.UNAVAILABLE
	details = "failed to connect to all addresses; last error: UNKNOWN: ipv6:%5B::1%5D:50051: Failed to connect to remote host: Connection refused"
	debug_error_string = "UNAVAILABLE:failed to connect to all addresses; last error: UNKNOWN: ipv6:%5B::1%5D:50051: Failed to connect to remote host: Connection refused"
>
2026-07-01 17:20:01,463 - Drone1.SimulationBackend - ERROR - Telemetry error: <AioRpcError of RPC that terminated with:
	status = StatusCode.UNAVAILABLE
	details = "failed to connect to all addresses; last error: UNKNOWN: ipv6:%5B::1%5D:50051: Failed to connect to remote host: Connection refused"
	debug_error_string = "UNAVAILABLE:failed to connect to all addresses; last error: UNKNOWN: ipv6:%5B::1%5D:50051: Failed to connect to remote host: Connection refused"
>
2026-07-01 17:20:02,464 - Drone1.SimulationBackend - ERROR - Telemetry error: <AioRpcError of RPC that terminated with:
	status = StatusCode.UNAVAILABLE
	details = "failed to connect to all addresses; last error: UNKNOWN: ipv6:%5B::1%5D:50051: Failed to connect to remote host: Connection refused"
	debug_error_string = "UNAVAILABLE:failed to connect to all addresses; last error: UNKNOWN: ipv6:%5B::1%5D:50051: Failed to connect to remote host: Connection refused"
>
2026-07-01 17:20:03,466 - Drone1.SimulationBackend - ERROR - Telemetry error: <AioRpcError of RPC that terminated with:
	status = StatusCode.UNAVAILABLE
	details = "failed to connect to all addresses; last error: UNKNOWN: ipv6:%5B::1%5D:50051: Failed to connect to remote host: Connection refused"
	debug_error_string = "UNAVAILABLE:failed to connect to all addresses; last error: UNKNOWN: ipv6:%5B::1%5D:50051: Failed to connect to remote host: Connection refused"
>
2026-07-01 17:20:04,467 - Drone1.SimulationBackend - ERROR - Telemetry error: <AioRpcError of RPC that terminated with:
	status = StatusCode.UNAVAILABLE
	details = "failed to connect to all addresses; last error: UNKNOWN: ipv6:%5B::1%5D:50051: Failed to connect to remote host: Connection refused"
	debug_error_string = "UNAVAILABLE:failed to connect to all addresses; last error: UNKNOWN: ipv6:%5B::1%5D:50051: Failed to connect to remote host: Connection refused"
>
2026-07-01 17:20:05,468 - Drone1.SimulationBackend - ERROR - Telemetry error: <AioRpcError of RPC that terminated with:
	status = StatusCode.UNAVAILABLE
	details = "failed to connect to all addresses; last error: UNKNOWN: ipv6:%5B::1%5D:50051: Failed to connect to remote host: Connection refused"
	debug_error_string = "UNAVAILABLE:failed to connect to all addresses; last error: UNKNOWN: ipv6:%5B::1%5D:50051: Failed to connect to remote host: Connection refused"
>
2026-07-01 17:20:06,469 - Drone1.SimulationBackend - ERROR - Telemetry error: <AioRpcError of RPC that terminated with:
	status = StatusCode.UNAVAILABLE
	details = "failed to connect to all addresses; last error: UNKNOWN: ipv6:%5B::1%5D:50051: Failed to connect to remote host: Connection refused"
	debug_error_string = "UNAVAILABLE:failed to connect to all addresses; last error: UNKNOWN: ipv6:%5B::1%5D:50051: Failed to connect to remote host: Connection refused"
>
2026-07-01 17:20:07,470 - Drone1.SimulationBackend - ERROR - Telemetry error: <AioRpcError of RPC that terminated with:
	status = StatusCode.UNAVAILABLE
	details = "failed to connect to all addresses; last error: UNKNOWN: ipv6:%5B::1%5D:50051: Failed to connect to remote host: Connection refused"
	debug_error_string = "UNAVAILABLE:failed to connect to all addresses; last error: UNKNOWN: ipv6:%5B::1%5D:50051: Failed to connect to remote host: Connection refused"
>
2026-07-01 17:20:08,471 - Drone1.SimulationBackend - ERROR - Telemetry error: <AioRpcError of RPC that terminated with:
	status = StatusCode.UNAVAILABLE
	details = "failed to connect to all addresses; last error: UNKNOWN: ipv6:%5B::1%5D:50051: Failed to connect to remote host: Connection refused"
	debug_error_string = "UNAVAILABLE:failed to connect to all addresses; last error: UNKNOWN: ipv6:%5B::1%5D:50051: Failed to connect to remote host: Connection refused"
>
2026-07-01 17:20:09,472 - Drone1.SimulationBackend - ERROR - Telemetry error: <AioRpcError of RPC that terminated with:
	status = StatusCode.UNAVAILABLE
	details = "failed to connect to all addresses; last error: UNKNOWN: ipv6:%5B::1%5D:50051: Failed to connect to remote host: Connection refused"
	debug_error_string = "UNAVAILABLE:failed to connect to all addresses; last error: UNKNOWN: ipv6:%5B::1%5D:50051: Failed to connect to remote host: Connection refused"
>
2026-07-01 17:20:10,473 - Drone1.SimulationBackend - ERROR - Telemetry error: <AioRpcError of RPC that terminated with:
	status = StatusCode.UNAVAILABLE
	details = "failed to connect to all addresses; last error: UNKNOWN: ipv6:%5B::1%5D:50051: Failed to connect to remote host: Connection refused"
	debug_error_string = "UNAVAILABLE:failed to connect to all addresses; last error: UNKNOWN: ipv6:%5B::1%5D:50051: Failed to connect to remote host: Connection refused"
>
2026-07-01 17:20:11,475 - Drone1.SimulationBackend - ERROR - Telemetry error: <AioRpcError of RPC that terminated with:
	status = StatusCode.UNAVAILABLE
	details = "failed to connect to all addresses; last error: UNKNOWN: ipv6:%5B::1%5D:50051: Failed to connect to remote host: Connection refused"
	debug_error_string = "UNAVAILABLE:failed to connect to all addresses; last error: UNKNOWN: ipv6:%5B::1%5D:50051: Failed to connect to remote host: Connection refused"
>
2026-07-01 17:20:12,477 - Drone1.SimulationBackend - ERROR - Telemetry error: <AioRpcError of RPC that terminated with:
	status = StatusCode.UNAVAILABLE
	details = "failed to connect to all addresses; last error: UNKNOWN: ipv6:%5B::1%5D:50051: Failed to connect to remote host: Connection refused"
	debug_error_string = "UNAVAILABLE:failed to connect to all addresses; last error: UNKNOWN: ipv6:%5B::1%5D:50051: Failed to connect to remote host: Connection refused"
>
2026-07-01 17:20:13,478 - Drone1.SimulationBackend - ERROR - Telemetry error: <AioRpcError of RPC that terminated with:
	status = StatusCode.UNAVAILABLE
	details = "failed to connect to all addresses; last error: UNKNOWN: ipv6:%5B::1%5D:50051: Failed to connect to remote host: Connection refused"
	debug_error_string = "UNAVAILABLE:failed to connect to all addresses; last error: UNKNOWN: ipv6:%5B::1%5D:50051: Failed to connect to remote host: Connection refused"
>
2026-07-01 17:20:14,479 - Drone1.SimulationBackend - ERROR - Telemetry error: <AioRpcError of RPC that terminated with:
	status = StatusCode.UNAVAILABLE
	details = "failed to connect to all addresses; last error: UNKNOWN: ipv6:%5B::1%5D:50051: Failed to connect to remote host: Connection refused"
	debug_error_string = "UNAVAILABLE:failed to connect to all addresses; last error: UNKNOWN: ipv6:%5B::1%5D:50051: Failed to connect to remote host: Connection refused"
>
2026-07-01 17:20:15,480 - Drone1.SimulationBackend - ERROR - Telemetry error: <AioRpcError of RPC that terminated with:
	status = StatusCode.UNAVAILABLE
	details = "failed to connect to all addresses; last error: UNKNOWN: ipv6:%5B::1%5D:50051: Failed to connect to remote host: Connection refused"
	debug_error_string = "UNAVAILABLE:failed to connect to all addresses; last error: UNKNOWN: ipv6:%5B::1%5D:50051: Failed to connect to remote host: Connection refused"
>
2026-07-01 17:20:16,481 - Drone1.SimulationBackend - ERROR - Telemetry error: <AioRpcError of RPC that terminated with:
	status = StatusCode.UNAVAILABLE
	details = "failed to connect to all addresses; last error: UNKNOWN: ipv6:%5B::1%5D:50051: Failed to connect to remote host: Connection refused"
	debug_error_string = "UNAVAILABLE:failed to connect to all addresses; last error: UNKNOWN: ipv6:%5B::1%5D:50051: Failed to connect to remote host: Connection refused"
>
2026-07-01 17:20:17,483 - Drone1.SimulationBackend - ERROR - Telemetry error: <AioRpcError of RPC that terminated with:
	status = StatusCode.UNAVAILABLE
	details = "failed to connect to all addresses; last error: UNKNOWN: ipv6:%5B::1%5D:50051: Failed to connect to remote host: Connection refused"
	debug_error_string = "UNAVAILABLE:failed to connect to all addresses; last error: UNKNOWN: ipv6:%5B::1%5D:50051: Failed to connect to remote host: Connection refused"
>
2026-07-01 17:20:18,484 - Drone1.SimulationBackend - ERROR - Telemetry error: <AioRpcError of RPC that terminated with:
	status = StatusCode.UNAVAILABLE
	details = "failed to connect to all addresses; last error: UNKNOWN: ipv6:%5B::1%5D:50051: Failed to connect to remote host: Connection refused"
	debug_error_string = "UNAVAILABLE:failed to connect to all addresses; last error: UNKNOWN: ipv6:%5B::1%5D:50051: Failed to connect to remote host: Connection refused"
>
2026-07-01 17:20:19,486 - Drone1.SimulationBackend - ERROR - Telemetry error: <AioRpcError of RPC that terminated with:
	status = StatusCode.UNAVAILABLE
	details = "failed to connect to all addresses; last error: UNKNOWN: ipv6:%5B::1%5D:50051: Failed to connect to remote host: Connection refused"
	debug_error_string = "UNAVAILABLE:failed to connect to all addresses; last error: UNKNOWN: ipv6:%5B::1%5D:50051: Failed to connect to remote host: Connection refused"
>
2026-07-01 17:20:20,487 - Drone1.SimulationBackend - ERROR - Telemetry error: <AioRpcError of RPC that terminated with:
	status = StatusCode.UNAVAILABLE
	details = "failed to connect to all addresses; last error: UNKNOWN: ipv4:127.0.0.1:50051: Failed to connect to remote host: Connection refused"
	debug_error_string = "UNAVAILABLE:failed to connect to all addresses; last error: UNKNOWN: ipv4:127.0.0.1:50051: Failed to connect to remote host: Connection refused"
>
2026-07-01 17:20:21,488 - Drone1.SimulationBackend - ERROR - Telemetry error: <AioRpcError of RPC that terminated with:
	status = StatusCode.UNAVAILABLE
	details = "failed to connect to all addresses; last error: UNKNOWN: ipv4:127.0.0.1:50051: Failed to connect to remote host: Connection refused"
	debug_error_string = "UNAVAILABLE:failed to connect to all addresses; last error: UNKNOWN: ipv4:127.0.0.1:50051: Failed to connect to remote host: Connection refused"
>
2026-07-01 17:20:22,489 - Drone1.SimulationBackend - ERROR - Telemetry error: <AioRpcError of RPC that terminated with:
	status = StatusCode.UNAVAILABLE
	details = "failed to connect to all addresses; last error: UNKNOWN: ipv4:127.0.0.1:50051: Failed to connect to remote host: Connection refused"
	debug_error_string = "UNAVAILABLE:failed to connect to all addresses; last error: UNKNOWN: ipv4:127.0.0.1:50051: Failed to connect to remote host: Connection refused"
>
2026-07-01 17:20:23,490 - Drone1.SimulationBackend - ERROR - Telemetry error: <AioRpcError of RPC that terminated with:
	status = StatusCode.UNAVAILABLE
	details = "failed to connect to all addresses; last error: UNKNOWN: ipv4:127.0.0.1:50051: Failed to connect to remote host: Connection refused"
	debug_error_string = "UNAVAILABLE:failed to connect to all addresses; last error: UNKNOWN: ipv4:127.0.0.1:50051: Failed to connect to remote host: Connection refused"
>
2026-07-01 17:20:24,491 - Drone1.SimulationBackend - ERROR - Telemetry error: <AioRpcError of RPC that terminated with:
	status = StatusCode.UNAVAILABLE
	details = "failed to connect to all addresses; last error: UNKNOWN: ipv4:127.0.0.1:50051: Failed to connect to remote host: Connection refused"
	debug_error_string = "UNAVAILABLE:failed to connect to all addresses; last error: UNKNOWN: ipv4:127.0.0.1:50051: Failed to connect to remote host: Connection refused"
>
2026-07-01 17:20:25,492 - Drone1.SimulationBackend - ERROR - Telemetry error: <AioRpcError of RPC that terminated with:
	status = StatusCode.UNAVAILABLE
	details = "failed to connect to all addresses; last error: UNKNOWN: ipv6:%5B::1%5D:50051: Failed to connect to remote host: Connection refused"
	debug_error_string = "UNAVAILABLE:failed to connect to all addresses; last error: UNKNOWN: ipv6:%5B::1%5D:50051: Failed to connect to remote host: Connection refused"
>
2026-07-01 17:20:26,493 - Drone1.SimulationBackend - ERROR - Telemetry error: <AioRpcError of RPC that terminated with:
	status = StatusCode.UNAVAILABLE
	details = "failed to connect to all addresses; last error: UNKNOWN: ipv6:%5B::1%5D:50051: Failed to connect to remote host: Connection refused"
	debug_error_string = "UNAVAILABLE:failed to connect to all addresses; last error: UNKNOWN: ipv6:%5B::1%5D:50051: Failed to connect to remote host: Connection refused"
>
2026-07-01 17:20:27,495 - Drone1.SimulationBackend - ERROR - Telemetry error: <AioRpcError of RPC that terminated with:
	status = StatusCode.UNAVAILABLE
	details = "failed to connect to all addresses; last error: UNKNOWN: ipv6:%5B::1%5D:50051: Failed to connect to remote host: Connection refused"
	debug_error_string = "UNAVAILABLE:failed to connect to all addresses; last error: UNKNOWN: ipv6:%5B::1%5D:50051: Failed to connect to remote host: Connection refused"
>
2026-07-01 17:20:28,496 - Drone1.SimulationBackend - ERROR - Telemetry error: <AioRpcError of RPC that terminated with:
	status = StatusCode.UNAVAILABLE
	details = "failed to connect to all addresses; last error: UNKNOWN: ipv6:%5B::1%5D:50051: Failed to connect to remote host: Connection refused"
	debug_error_string = "UNAVAILABLE:failed to connect to all addresses; last error: UNKNOWN: ipv6:%5B::1%5D:50051: Failed to connect to remote host: Connection refused"
>
2026-07-01 17:20:29,497 - Drone1.SimulationBackend - ERROR - Telemetry error: <AioRpcError of RPC that terminated with:
	status = StatusCode.UNAVAILABLE
	details = "failed to connect to all addresses; last error: UNKNOWN: ipv6:%5B::1%5D:50051: Failed to connect to remote host: Connection refused"
	debug_error_string = "UNAVAILABLE:failed to connect to all addresses; last error: UNKNOWN: ipv6:%5B::1%5D:50051: Failed to connect to remote host: Connection refused"
>
2026-07-01 17:20:30,498 - Drone1.SimulationBackend - ERROR - Telemetry error: <AioRpcError of RPC that terminated with:
	status = StatusCode.UNAVAILABLE
	details = "failed to connect to all addresses; last error: UNKNOWN: ipv6:%5B::1%5D:50051: Failed to connect to remote host: Connection refused"
	debug_error_string = "UNAVAILABLE:failed to connect to all addresses; last error: UNKNOWN: ipv6:%5B::1%5D:50051: Failed to connect to remote host: Connection refused"
>
2026-07-01 17:20:31,499 - Drone1.SimulationBackend - ERROR - Telemetry error: <AioRpcError of RPC that terminated with:
	status = StatusCode.UNAVAILABLE
	details = "failed to connect to all addresses; last error: UNKNOWN: ipv6:%5B::1%5D:50051: Failed to connect to remote host: Connection refused"
	debug_error_string = "UNAVAILABLE:failed to connect to all addresses; last error: UNKNOWN: ipv6:%5B::1%5D:50051: Failed to connect to remote host: Connection refused"
>
2026-07-01 17:20:32,500 - Drone1.SimulationBackend - ERROR - Telemetry error: <AioRpcError of RPC that terminated with:
	status = StatusCode.UNAVAILABLE
	details = "failed to connect to all addresses; last error: UNKNOWN: ipv6:%5B::1%5D:50051: Failed to connect to remote host: Connection refused"
	debug_error_string = "UNAVAILABLE:failed to connect to all addresses; last error: UNKNOWN: ipv6:%5B::1%5D:50051: Failed to connect to remote host: Connection refused"
>
2026-07-01 17:20:33,502 - Drone1.SimulationBackend - ERROR - Telemetry error: <AioRpcError of RPC that terminated with:
	status = StatusCode.UNAVAILABLE
	details = "failed to connect to all addresses; last error: UNKNOWN: ipv6:%5B::1%5D:50051: Failed to connect to remote host: Connection refused"
	debug_error_string = "UNAVAILABLE:failed to connect to all addresses; last error: UNKNOWN: ipv6:%5B::1%5D:50051: Failed to connect to remote host: Connection refused"
>
2026-07-01 17:20:34,503 - Drone1.SimulationBackend - ERROR - Telemetry error: <AioRpcError of RPC that terminated with:
	status = StatusCode.UNAVAILABLE
	details = "failed to connect to all addresses; last error: UNKNOWN: ipv6:%5B::1%5D:50051: Failed to connect to remote host: Connection refused"
	debug_error_string = "UNAVAILABLE:failed to connect to all addresses; last error: UNKNOWN: ipv6:%5B::1%5D:50051: Failed to connect to remote host: Connection refused"
>
2026-07-01 17:20:35,504 - Drone1.SimulationBackend - ERROR - Telemetry error: <AioRpcError of RPC that terminated with:
	status = StatusCode.UNAVAILABLE
	details = "failed to connect to all addresses; last error: UNKNOWN: ipv6:%5B::1%5D:50051: Failed to connect to remote host: Connection refused"
	debug_error_string = "UNAVAILABLE:failed to connect to all addresses; last error: UNKNOWN: ipv6:%5B::1%5D:50051: Failed to connect to remote host: Connection refused"
>
2026-07-01 17:20:36,505 - Drone1.SimulationBackend - ERROR - Telemetry error: <AioRpcError of RPC that terminated with:
	status = StatusCode.UNAVAILABLE
	details = "failed to connect to all addresses; last error: UNKNOWN: ipv6:%5B::1%5D:50051: Failed to connect to remote host: Connection refused"
	debug_error_string = "UNAVAILABLE:failed to connect to all addresses; last error: UNKNOWN: ipv6:%5B::1%5D:50051: Failed to connect to remote host: Connection refused"
>
2026-07-01 17:20:37,507 - Drone1.SimulationBackend - ERROR - Telemetry error: <AioRpcError of RPC that terminated with:
	status = StatusCode.UNAVAILABLE
	details = "failed to connect to all addresses; last error: UNKNOWN: ipv6:%5B::1%5D:50051: Failed to connect to remote host: Connection refused"
	debug_error_string = "UNAVAILABLE:failed to connect to all addresses; last error: UNKNOWN: ipv6:%5B::1%5D:50051: Failed to connect to remote host: Connection refused"
>
2026-07-01 17:20:38,508 - Drone1.SimulationBackend - ERROR - Telemetry error: <AioRpcError of RPC that terminated with:
	status = StatusCode.UNAVAILABLE
	details = "failed to connect to all addresses; last error: UNKNOWN: ipv6:%5B::1%5D:50051: Failed to connect to remote host: Connection refused"
	debug_error_string = "UNAVAILABLE:failed to connect to all addresses; last error: UNKNOWN: ipv6:%5B::1%5D:50051: Failed to connect to remote host: Connection refused"
>
2026-07-01 17:20:39,509 - Drone1.SimulationBackend - ERROR - Telemetry error: <AioRpcError of RPC that terminated with:
	status = StatusCode.UNAVAILABLE
	details = "failed to connect to all addresses; last error: UNKNOWN: ipv6:%5B::1%5D:50051: Failed to connect to remote host: Connection refused"
	debug_error_string = "UNAVAILABLE:failed to connect to all addresses; last error: UNKNOWN: ipv6:%5B::1%5D:50051: Failed to connect to remote host: Connection refused"
>
2026-07-01 17:20:40,510 - Drone1.SimulationBackend - ERROR - Telemetry error: <AioRpcError of RPC that terminated with:
	status = StatusCode.UNAVAILABLE
	details = "failed to connect to all addresses; last error: UNKNOWN: ipv6:%5B::1%5D:50051: Failed to connect to remote host: Connection refused"
	debug_error_string = "UNAVAILABLE:failed to connect to all addresses; last error: UNKNOWN: ipv6:%5B::1%5D:50051: Failed to connect to remote host: Connection refused"
>
2026-07-01 17:20:41,512 - Drone1.SimulationBackend - ERROR - Telemetry error: <AioRpcError of RPC that terminated with:
	status = StatusCode.UNAVAILABLE
	details = "failed to connect to all addresses; last error: UNKNOWN: ipv6:%5B::1%5D:50051: Failed to connect to remote host: Connection refused"
	debug_error_string = "UNAVAILABLE:failed to connect to all addresses; last error: UNKNOWN: ipv6:%5B::1%5D:50051: Failed to connect to remote host: Connection refused"
>
2026-07-01 17:20:42,515 - Drone1.SimulationBackend - ERROR - Telemetry error: <AioRpcError of RPC that terminated with:
	status = StatusCode.UNAVAILABLE
	details = "failed to connect to all addresses; last error: UNKNOWN: ipv6:%5B::1%5D:50051: Failed to connect to remote host: Connection refused"
	debug_error_string = "UNAVAILABLE:failed to connect to all addresses; last error: UNKNOWN: ipv6:%5B::1%5D:50051: Failed to connect to remote host: Connection refused"
>
2026-07-01 17:20:43,516 - Drone1.SimulationBackend - ERROR - Telemetry error: <AioRpcError of RPC that terminated with:
	status = StatusCode.UNAVAILABLE
	details = "failed to connect to all addresses; last error: UNKNOWN: ipv6:%5B::1%5D:50051: Failed to connect to remote host: Connection refused"
	debug_error_string = "UNAVAILABLE:failed to connect to all addresses; last error: UNKNOWN: ipv6:%5B::1%5D:50051: Failed to connect to remote host: Connection refused"
>
2026-07-01 17:20:44,517 - Drone1.SimulationBackend - ERROR - Telemetry error: <AioRpcError of RPC that terminated with:
	status = StatusCode.UNAVAILABLE
	details = "failed to connect to all addresses; last error: UNKNOWN: ipv6:%5B::1%5D:50051: Failed to connect to remote host: Connection refused"
	debug_error_string = "UNAVAILABLE:failed to connect to all addresses; last error: UNKNOWN: ipv6:%5B::1%5D:50051: Failed to connect to remote host: Connection refused"
>
2026-07-01 17:20:45,519 - Drone1.SimulationBackend - ERROR - Telemetry error: <AioRpcError of RPC that terminated with:
	status = StatusCode.UNAVAILABLE
	details = "failed to connect to all addresses; last error: UNKNOWN: ipv6:%5B::1%5D:50051: Failed to connect to remote host: Connection refused"
	debug_error_string = "UNAVAILABLE:failed to connect to all addresses; last error: UNKNOWN: ipv6:%5B::1%5D:50051: Failed to connect to remote host: Connection refused"
>
2026-07-01 17:20:46,520 - Drone1.SimulationBackend - ERROR - Telemetry error: <AioRpcError of RPC that terminated with:
	status = StatusCode.UNAVAILABLE
	details = "failed to connect to all addresses; last error: UNKNOWN: ipv6:%5B::1%5D:50051: Failed to connect to remote host: Connection refused"
	debug_error_string = "UNAVAILABLE:failed to connect to all addresses; last error: UNKNOWN: ipv6:%5B::1%5D:50051: Failed to connect to remote host: Connection refused"
>
2026-07-01 17:20:47,522 - Drone1.SimulationBackend - ERROR - Telemetry error: <AioRpcError of RPC that terminated with:
	status = StatusCode.UNAVAILABLE
	details = "failed to connect to all addresses; last error: UNKNOWN: ipv6:%5B::1%5D:50051: Failed to connect to remote host: Connection refused"
	debug_error_string = "UNAVAILABLE:failed to connect to all addresses; last error: UNKNOWN: ipv6:%5B::1%5D:50051: Failed to connect to remote host: Connection refused"
>
2026-07-01 17:20:48,523 - Drone1.SimulationBackend - ERROR - Telemetry error: <AioRpcError of RPC that terminated with:
	status = StatusCode.UNAVAILABLE
	details = "failed to connect to all addresses; last error: UNKNOWN: ipv6:%5B::1%5D:50051: Failed to connect to remote host: Connection refused"
	debug_error_string = "UNAVAILABLE:failed to connect to all addresses; last error: UNKNOWN: ipv6:%5B::1%5D:50051: Failed to connect to remote host: Connection refused"
>
2026-07-01 17:20:49,524 - Drone1.SimulationBackend - ERROR - Telemetry error: <AioRpcError of RPC that terminated with:
	status = StatusCode.UNAVAILABLE
	details = "failed to connect to all addresses; last error: UNKNOWN: ipv6:%5B::1%5D:50051: Failed to connect to remote host: Connection refused"
	debug_error_string = "UNAVAILABLE:failed to connect to all addresses; last error: UNKNOWN: ipv6:%5B::1%5D:50051: Failed to connect to remote host: Connection refused"
>
2026-07-01 17:20:50,525 - Drone1.SimulationBackend - ERROR - Telemetry error: <AioRpcError of RPC that terminated with:
	status = StatusCode.UNAVAILABLE
	details = "failed to connect to all addresses; last error: UNKNOWN: ipv6:%5B::1%5D:50051: Failed to connect to remote host: Connection refused"
	debug_error_string = "UNAVAILABLE:failed to connect to all addresses; last error: UNKNOWN: ipv6:%5B::1%5D:50051: Failed to connect to remote host: Connection refused"
>
2026-07-01 17:20:51,526 - Drone1.SimulationBackend - ERROR - Telemetry error: <AioRpcError of RPC that terminated with:
	status = StatusCode.UNAVAILABLE
	details = "failed to connect to all addresses; last error: UNKNOWN: ipv6:%5B::1%5D:50051: Failed to connect to remote host: Connection refused"
	debug_error_string = "UNAVAILABLE:failed to connect to all addresses; last error: UNKNOWN: ipv6:%5B::1%5D:50051: Failed to connect to remote host: Connection refused"
>
2026-07-01 17:20:52,528 - Drone1.SimulationBackend - ERROR - Telemetry error: <AioRpcError of RPC that terminated with:
	status = StatusCode.UNAVAILABLE
	details = "failed to connect to all addresses; last error: UNKNOWN: ipv6:%5B::1%5D:50051: Failed to connect to remote host: Connection refused"
	debug_error_string = "UNAVAILABLE:failed to connect to all addresses; last error: UNKNOWN: ipv6:%5B::1%5D:50051: Failed to connect to remote host: Connection refused"
>
2026-07-01 17:20:53,529 - Drone1.SimulationBackend - ERROR - Telemetry error: <AioRpcError of RPC that terminated with:
	status = StatusCode.UNAVAILABLE
	details = "failed to connect to all addresses; last error: UNKNOWN: ipv6:%5B::1%5D:50051: Failed to connect to remote host: Connection refused"
	debug_error_string = "UNAVAILABLE:failed to connect to all addresses; last error: UNKNOWN: ipv6:%5B::1%5D:50051: Failed to connect to remote host: Connection refused"
>
2026-07-01 17:20:54,530 - Drone1.SimulationBackend - ERROR - Telemetry error: <AioRpcError of RPC that terminated with:
	status = StatusCode.UNAVAILABLE
	details = "failed to connect to all addresses; last error: UNKNOWN: ipv6:%5B::1%5D:50051: Failed to connect to remote host: Connection refused"
	debug_error_string = "UNAVAILABLE:failed to connect to all addresses; last error: UNKNOWN: ipv6:%5B::1%5D:50051: Failed to connect to remote host: Connection refused"
>
2026-07-01 17:20:55,531 - Drone1.SimulationBackend - ERROR - Telemetry error: <AioRpcError of RPC that terminated with:
	status = StatusCode.UNAVAILABLE
	details = "failed to connect to all addresses; last error: UNKNOWN: ipv6:%5B::1%5D:50051: Failed to connect to remote host: Connection refused"
	debug_error_string = "UNAVAILABLE:failed to connect to all addresses; last error: UNKNOWN: ipv6:%5B::1%5D:50051: Failed to connect to remote host: Connection refused"
>
2026-07-01 17:20:56,533 - Drone1.SimulationBackend - ERROR - Telemetry error: <AioRpcError of RPC that terminated with:
	status = StatusCode.UNAVAILABLE
	details = "failed to connect to all addresses; last error: UNKNOWN: ipv6:%5B::1%5D:50051: Failed to connect to remote host: Connection refused"
	debug_error_string = "UNAVAILABLE:failed to connect to all addresses; last error: UNKNOWN: ipv6:%5B::1%5D:50051: Failed to connect to remote host: Connection refused"
>
2026-07-01 17:20:57,534 - Drone1.SimulationBackend - ERROR - Telemetry error: <AioRpcError of RPC that terminated with:
	status = StatusCode.UNAVAILABLE
	details = "failed to connect to all addresses; last error: UNKNOWN: ipv6:%5B::1%5D:50051: Failed to connect to remote host: Connection refused"
	debug_error_string = "UNAVAILABLE:failed to connect to all addresses; last error: UNKNOWN: ipv6:%5B::1%5D:50051: Failed to connect to remote host: Connection refused"
>
2026-07-01 17:20:58,535 - Drone1.SimulationBackend - ERROR - Telemetry error: <AioRpcError of RPC that terminated with:
	status = StatusCode.UNAVAILABLE
	details = "failed to connect to all addresses; last error: UNKNOWN: ipv6:%5B::1%5D:50051: Failed to connect to remote host: Connection refused"
	debug_error_string = "UNAVAILABLE:failed to connect to all addresses; last error: UNKNOWN: ipv6:%5B::1%5D:50051: Failed to connect to remote host: Connection refused"
>
2026-07-01 17:20:59,536 - Drone1.SimulationBackend - ERROR - Telemetry error: <AioRpcError of RPC that terminated with:
	status = StatusCode.UNAVAILABLE
	details = "failed to connect to all addresses; last error: UNKNOWN: ipv6:%5B::1%5D:50051: Failed to connect to remote host: Connection refused"
	debug_error_string = "UNAVAILABLE:failed to connect to all addresses; last error: UNKNOWN: ipv6:%5B::1%5D:50051: Failed to connect to remote host: Connection refused"
>
2026-07-01 17:21:00,537 - Drone1.SimulationBackend - ERROR - Telemetry error: <AioRpcError of RPC that terminated with:
	status = StatusCode.UNAVAILABLE
	details = "failed to connect to all addresses; last error: UNKNOWN: ipv6:%5B::1%5D:50051: Failed to connect to remote host: Connection refused"
	debug_error_string = "UNAVAILABLE:failed to connect to all addresses; last error: UNKNOWN: ipv6:%5B::1%5D:50051: Failed to connect to remote host: Connection refused"
>
2026-07-01 17:21:01,539 - Drone1.SimulationBackend - ERROR - Telemetry error: <AioRpcError of RPC that terminated with:
	status = StatusCode.UNAVAILABLE
	details = "failed to connect to all addresses; last error: UNKNOWN: ipv6:%5B::1%5D:50051: Failed to connect to remote host: Connection refused"
	debug_error_string = "UNAVAILABLE:failed to connect to all addresses; last error: UNKNOWN: ipv6:%5B::1%5D:50051: Failed to connect to remote host: Connection refused"
>
2026-07-01 17:21:02,540 - Drone1.SimulationBackend - ERROR - Telemetry error: <AioRpcError of RPC that terminated with:
	status = StatusCode.UNAVAILABLE
	details = "failed to connect to all addresses; last error: UNKNOWN: ipv6:%5B::1%5D:50051: Failed to connect to remote host: Connection refused"
	debug_error_string = "UNAVAILABLE:failed to connect to all addresses; last error: UNKNOWN: ipv6:%5B::1%5D:50051: Failed to connect to remote host: Connection refused"
>
2026-07-01 17:21:03,541 - Drone1.SimulationBackend - ERROR - Telemetry error: <AioRpcError of RPC that terminated with:
	status = StatusCode.UNAVAILABLE
	details = "failed to connect to all addresses; last error: UNKNOWN: ipv6:%5B::1%5D:50051: Failed to connect to remote host: Connection refused"
	debug_error_string = "UNAVAILABLE:failed to connect to all addresses; last error: UNKNOWN: ipv6:%5B::1%5D:50051: Failed to connect to remote host: Connection refused"
>
2026-07-01 17:21:04,542 - Drone1.SimulationBackend - ERROR - Telemetry error: <AioRpcError of RPC that terminated with:
	status = StatusCode.UNAVAILABLE
	details = "failed to connect to all addresses; last error: UNKNOWN: ipv6:%5B::1%5D:50051: Failed to connect to remote host: Connection refused"
	debug_error_string = "UNAVAILABLE:failed to connect to all addresses; last error: UNKNOWN: ipv6:%5B::1%5D:50051: Failed to connect to remote host: Connection refused"
>
2026-07-01 17:21:05,543 - Drone1.SimulationBackend - ERROR - Telemetry error: <AioRpcError of RPC that terminated with:
	status = StatusCode.UNAVAILABLE
	details = "failed to connect to all addresses; last error: UNKNOWN: ipv6:%5B::1%5D:50051: Failed to connect to remote host: Connection refused"
	debug_error_string = "UNAVAILABLE:failed to connect to all addresses; last error: UNKNOWN: ipv6:%5B::1%5D:50051: Failed to connect to remote host: Connection refused"
>
2026-07-01 17:21:06,544 - Drone1.SimulationBackend - ERROR - Telemetry error: <AioRpcError of RPC that terminated with:
	status = StatusCode.UNAVAILABLE
	details = "failed to connect to all addresses; last error: UNKNOWN: ipv6:%5B::1%5D:50051: Failed to connect to remote host: Connection refused"
	debug_error_string = "UNAVAILABLE:failed to connect to all addresses; last error: UNKNOWN: ipv6:%5B::1%5D:50051: Failed to connect to remote host: Connection refused"
>
2026-07-01 17:21:07,546 - Drone1.SimulationBackend - ERROR - Telemetry error: <AioRpcError of RPC that terminated with:
	status = StatusCode.UNAVAILABLE
	details = "failed to connect to all addresses; last error: UNKNOWN: ipv6:%5B::1%5D:50051: Failed to connect to remote host: Connection refused"
	debug_error_string = "UNAVAILABLE:failed to connect to all addresses; last error: UNKNOWN: ipv6:%5B::1%5D:50051: Failed to connect to remote host: Connection refused"
>
2026-07-01 17:21:08,547 - Drone1.SimulationBackend - ERROR - Telemetry error: <AioRpcError of RPC that terminated with:
	status = StatusCode.UNAVAILABLE
	details = "failed to connect to all addresses; last error: UNKNOWN: ipv6:%5B::1%5D:50051: Failed to connect to remote host: Connection refused"
	debug_error_string = "UNAVAILABLE:failed to connect to all addresses; last error: UNKNOWN: ipv6:%5B::1%5D:50051: Failed to connect to remote host: Connection refused"
>
2026-07-01 17:21:08,821 - Drone1 - INFO - Logger initialized for drone 1
2026-07-01 17:21:08,822 - Drone1 - INFO - BackendFactory: Creating SimulationBackend
2026-07-01 17:21:08,822 - Drone1.Communication - INFO - Communication initialized on 0.0.0.0:14560
2026-07-01 17:21:08,823 - Drone1.StateMachine - INFO - StateMachine initialized
2026-07-01 17:21:08,823 - Drone1 - INFO - DroneAgent initialized
2026-07-01 17:21:08,823 - Drone1 - INFO - Starting DroneAgent...
2026-07-01 17:21:08,823 - Drone1.SimulationBackend - INFO - Starting SimulationBackend...
2026-07-01 17:21:08,824 - Drone1.SimulationBackend - INFO - Connecting to SITL simulation via udpin://0.0.0.0:14540 (Attempt 1/5)
2026-07-01 17:21:09,548 - Drone1.SimulationBackend - ERROR - Telemetry error: <AioRpcError of RPC that terminated with:
	status = StatusCode.UNAVAILABLE
	details = "failed to connect to all addresses; last error: UNKNOWN: ipv6:%5B::1%5D:50051: Failed to connect to remote host: Connection refused"
	debug_error_string = "UNAVAILABLE:failed to connect to all addresses; last error: UNKNOWN: ipv6:%5B::1%5D:50051: Failed to connect to remote host: Connection refused"
>
2026-07-01 17:21:10,549 - Drone1.SimulationBackend - ERROR - Telemetry error: <AioRpcError of RPC that terminated with:
	status = StatusCode.UNAVAILABLE
	details = "failed to connect to all addresses; last error: UNKNOWN: ipv6:%5B::1%5D:50051: Failed to connect to remote host: Connection refused"
	debug_error_string = "UNAVAILABLE:failed to connect to all addresses; last error: UNKNOWN: ipv6:%5B::1%5D:50051: Failed to connect to remote host: Connection refused"
>
2026-07-01 17:21:11,550 - Drone1.SimulationBackend - ERROR - Telemetry error: <AioRpcError of RPC that terminated with:
	status = StatusCode.UNAVAILABLE
	details = "failed to connect to all addresses; last error: UNKNOWN: ipv6:%5B::1%5D:50051: Failed to connect to remote host: Connection refused"
	debug_error_string = "UNAVAILABLE:failed to connect to all addresses; last error: UNKNOWN: ipv6:%5B::1%5D:50051: Failed to connect to remote host: Connection refused"
>
2026-07-01 17:21:12,551 - Drone1.SimulationBackend - ERROR - Telemetry error: <AioRpcError of RPC that terminated with:
	status = StatusCode.UNAVAILABLE
	details = "failed to connect to all addresses; last error: UNKNOWN: ipv6:%5B::1%5D:50051: Failed to connect to remote host: Connection refused"
	debug_error_string = "UNAVAILABLE:failed to connect to all addresses; last error: UNKNOWN: ipv6:%5B::1%5D:50051: Failed to connect to remote host: Connection refused"
>
2026-07-01 17:21:13,552 - Drone1.SimulationBackend - ERROR - Telemetry error: <AioRpcError of RPC that terminated with:
	status = StatusCode.UNAVAILABLE
	details = "failed to connect to all addresses; last error: UNKNOWN: ipv6:%5B::1%5D:50051: Failed to connect to remote host: Connection refused"
	debug_error_string = "UNAVAILABLE:failed to connect to all addresses; last error: UNKNOWN: ipv6:%5B::1%5D:50051: Failed to connect to remote host: Connection refused"
>
2026-07-01 17:21:13,829 - Drone1.SimulationBackend - WARNING - Connection attempt 1 timed out.
2026-07-01 17:21:14,554 - Drone1.SimulationBackend - ERROR - Telemetry error: <AioRpcError of RPC that terminated with:
	status = StatusCode.UNAVAILABLE
	details = "failed to connect to all addresses; last error: UNKNOWN: ipv6:%5B::1%5D:50051: Failed to connect to remote host: Connection refused"
	debug_error_string = "UNAVAILABLE:failed to connect to all addresses; last error: UNKNOWN: ipv6:%5B::1%5D:50051: Failed to connect to remote host: Connection refused"
>
2026-07-01 17:21:15,555 - Drone1.SimulationBackend - ERROR - Telemetry error: <AioRpcError of RPC that terminated with:
	status = StatusCode.UNAVAILABLE
	details = "failed to connect to all addresses; last error: UNKNOWN: ipv6:%5B::1%5D:50051: Failed to connect to remote host: Connection refused"
	debug_error_string = "UNAVAILABLE:failed to connect to all addresses; last error: UNKNOWN: ipv6:%5B::1%5D:50051: Failed to connect to remote host: Connection refused"
>
2026-07-01 17:21:15,832 - Drone1.SimulationBackend - INFO - Connecting to SITL simulation via udpin://0.0.0.0:14540 (Attempt 2/5)
2026-07-01 17:21:16,557 - Drone1.SimulationBackend - ERROR - Telemetry error: <AioRpcError of RPC that terminated with:
	status = StatusCode.UNAVAILABLE
	details = "failed to connect to all addresses; last error: UNKNOWN: ipv6:%5B::1%5D:50051: Failed to connect to remote host: Connection refused"
	debug_error_string = "UNAVAILABLE:failed to connect to all addresses; last error: UNKNOWN: ipv6:%5B::1%5D:50051: Failed to connect to remote host: Connection refused"
>
2026-07-01 17:21:17,558 - Drone1.SimulationBackend - ERROR - Telemetry error: <AioRpcError of RPC that terminated with:
	status = StatusCode.UNAVAILABLE
	details = "failed to connect to all addresses; last error: UNKNOWN: ipv6:%5B::1%5D:50051: Failed to connect to remote host: Connection refused"
	debug_error_string = "UNAVAILABLE:failed to connect to all addresses; last error: UNKNOWN: ipv6:%5B::1%5D:50051: Failed to connect to remote host: Connection refused"
>
2026-07-01 17:21:18,560 - Drone1.SimulationBackend - ERROR - Telemetry error: <AioRpcError of RPC that terminated with:
	status = StatusCode.UNAVAILABLE
	details = "failed to connect to all addresses; last error: UNKNOWN: ipv6:%5B::1%5D:50051: Failed to connect to remote host: Connection refused"
	debug_error_string = "UNAVAILABLE:failed to connect to all addresses; last error: UNKNOWN: ipv6:%5B::1%5D:50051: Failed to connect to remote host: Connection refused"
>
2026-07-01 17:21:19,561 - Drone1.SimulationBackend - ERROR - Telemetry error: <AioRpcError of RPC that terminated with:
	status = StatusCode.UNAVAILABLE
	details = "failed to connect to all addresses; last error: UNKNOWN: ipv6:%5B::1%5D:50051: Failed to connect to remote host: Connection refused"
	debug_error_string = "UNAVAILABLE:failed to connect to all addresses; last error: UNKNOWN: ipv6:%5B::1%5D:50051: Failed to connect to remote host: Connection refused"
>
2026-07-01 17:21:20,563 - Drone1.SimulationBackend - ERROR - Telemetry error: <AioRpcError of RPC that terminated with:
	status = StatusCode.UNAVAILABLE
	details = "failed to connect to all addresses; last error: UNKNOWN: ipv6:%5B::1%5D:50051: Failed to connect to remote host: Connection refused"
	debug_error_string = "UNAVAILABLE:failed to connect to all addresses; last error: UNKNOWN: ipv6:%5B::1%5D:50051: Failed to connect to remote host: Connection refused"
>
2026-07-01 17:21:20,837 - Drone1.SimulationBackend - WARNING - Connection attempt 2 timed out.
2026-07-01 17:21:21,564 - Drone1.SimulationBackend - ERROR - Telemetry error: <AioRpcError of RPC that terminated with:
	status = StatusCode.UNAVAILABLE
	details = "failed to connect to all addresses; last error: UNKNOWN: ipv4:127.0.0.1:50051: Failed to connect to remote host: Connection refused"
	debug_error_string = "UNAVAILABLE:failed to connect to all addresses; last error: UNKNOWN: ipv4:127.0.0.1:50051: Failed to connect to remote host: Connection refused"
>
2026-07-01 17:21:22,565 - Drone1.SimulationBackend - ERROR - Telemetry error: <AioRpcError of RPC that terminated with:
	status = StatusCode.UNAVAILABLE
	details = "failed to connect to all addresses; last error: UNKNOWN: ipv4:127.0.0.1:50051: Failed to connect to remote host: Connection refused"
	debug_error_string = "UNAVAILABLE:failed to connect to all addresses; last error: UNKNOWN: ipv4:127.0.0.1:50051: Failed to connect to remote host: Connection refused"
>
2026-07-01 17:21:22,839 - Drone1.SimulationBackend - INFO - Connecting to SITL simulation via udpin://0.0.0.0:14540 (Attempt 3/5)
2026-07-01 17:21:23,566 - Drone1.SimulationBackend - ERROR - Telemetry error: <AioRpcError of RPC that terminated with:
	status = StatusCode.UNAVAILABLE
	details = "failed to connect to all addresses; last error: UNKNOWN: ipv4:127.0.0.1:50051: Failed to connect to remote host: Connection refused"
	debug_error_string = "UNAVAILABLE:failed to connect to all addresses; last error: UNKNOWN: ipv4:127.0.0.1:50051: Failed to connect to remote host: Connection refused"
>
2026-07-01 17:21:24,567 - Drone1.SimulationBackend - ERROR - Telemetry error: <AioRpcError of RPC that terminated with:
	status = StatusCode.UNAVAILABLE
	details = "failed to connect to all addresses; last error: UNKNOWN: ipv4:127.0.0.1:50051: Failed to connect to remote host: Connection refused"
	debug_error_string = "UNAVAILABLE:failed to connect to all addresses; last error: UNKNOWN: ipv4:127.0.0.1:50051: Failed to connect to remote host: Connection refused"
>
2026-07-01 17:21:25,569 - Drone1.SimulationBackend - ERROR - Telemetry error: <AioRpcError of RPC that terminated with:
	status = StatusCode.UNAVAILABLE
	details = "failed to connect to all addresses; last error: UNKNOWN: ipv6:%5B::1%5D:50051: Failed to connect to remote host: Connection refused"
	debug_error_string = "UNAVAILABLE:failed to connect to all addresses; last error: UNKNOWN: ipv6:%5B::1%5D:50051: Failed to connect to remote host: Connection refused"
>
2026-07-01 17:21:26,570 - Drone1.SimulationBackend - ERROR - Telemetry error: <AioRpcError of RPC that terminated with:
	status = StatusCode.UNAVAILABLE
	details = "failed to connect to all addresses; last error: UNKNOWN: ipv6:%5B::1%5D:50051: Failed to connect to remote host: Connection refused"
	debug_error_string = "UNAVAILABLE:failed to connect to all addresses; last error: UNKNOWN: ipv6:%5B::1%5D:50051: Failed to connect to remote host: Connection refused"
>
2026-07-01 17:21:27,571 - Drone1.SimulationBackend - ERROR - Telemetry error: <AioRpcError of RPC that terminated with:
	status = StatusCode.UNAVAILABLE
	details = "failed to connect to all addresses; last error: UNKNOWN: ipv6:%5B::1%5D:50051: Failed to connect to remote host: Connection refused"
	debug_error_string = "UNAVAILABLE:failed to connect to all addresses; last error: UNKNOWN: ipv6:%5B::1%5D:50051: Failed to connect to remote host: Connection refused"
>
2026-07-01 17:21:27,844 - Drone1.SimulationBackend - WARNING - Connection attempt 3 timed out.
2026-07-01 17:21:28,572 - Drone1.SimulationBackend - ERROR - Telemetry error: <AioRpcError of RPC that terminated with:
	status = StatusCode.UNAVAILABLE
	details = "failed to connect to all addresses; last error: UNKNOWN: ipv6:%5B::1%5D:50051: Failed to connect to remote host: Connection refused"
	debug_error_string = "UNAVAILABLE:failed to connect to all addresses; last error: UNKNOWN: ipv6:%5B::1%5D:50051: Failed to connect to remote host: Connection refused"
>
2026-07-01 17:21:28,637 - Drone1 - INFO - Received signal 15, initiating shutdown...
2026-07-01 17:21:28,637 - Drone1 - INFO - Shutting down DroneAgent...
2026-07-01 17:21:28,638 - Drone1.Heartbeat - INFO - Heartbeat stopped
2026-07-01 17:21:28,638 - Drone1.MovementController - INFO - Movement controller stopped
2026-07-01 17:21:28,639 - Drone1.Decision - INFO - Decision engine stopped
2026-07-01 17:21:28,639 - Drone1.Telemetry - INFO - Telemetry stopped
2026-07-01 17:21:28,639 - Drone1.Communication - INFO - Communication stopped
2026-07-01 17:21:28,639 - Drone1.SimulationBackend - INFO - Stopping SimulationBackend...
2026-07-01 17:21:29,574 - Drone1.SimulationBackend - ERROR - Telemetry error: <AioRpcError of RPC that terminated with:
	status = StatusCode.UNAVAILABLE
	details = "failed to connect to all addresses; last error: UNKNOWN: ipv6:%5B::1%5D:50051: Failed to connect to remote host: Connection refused"
	debug_error_string = "UNAVAILABLE:failed to connect to all addresses; last error: UNKNOWN: ipv6:%5B::1%5D:50051: Failed to connect to remote host: Connection refused"
>
2026-07-01 17:21:29,846 - Drone1.SimulationBackend - INFO - Connecting to SITL simulation via udpin://0.0.0.0:14540 (Attempt 4/5)
2026-07-01 17:21:30,575 - Drone1.SimulationBackend - ERROR - Telemetry error: <AioRpcError of RPC that terminated with:
	status = StatusCode.UNAVAILABLE
	details = "failed to connect to all addresses; last error: UNKNOWN: ipv6:%5B::1%5D:50051: Failed to connect to remote host: Connection refused"
	debug_error_string = "UNAVAILABLE:failed to connect to all addresses; last error: UNKNOWN: ipv6:%5B::1%5D:50051: Failed to connect to remote host: Connection refused"
>
2026-07-01 17:21:31,577 - Drone1.SimulationBackend - ERROR - Telemetry error: <AioRpcError of RPC that terminated with:
	status = StatusCode.UNAVAILABLE
	details = "failed to connect to all addresses; last error: UNKNOWN: ipv6:%5B::1%5D:50051: Failed to connect to remote host: Connection refused"
	debug_error_string = "UNAVAILABLE:failed to connect to all addresses; last error: UNKNOWN: ipv6:%5B::1%5D:50051: Failed to connect to remote host: Connection refused"
>
2026-07-01 17:21:32,578 - Drone1.SimulationBackend - ERROR - Telemetry error: <AioRpcError of RPC that terminated with:
	status = StatusCode.UNAVAILABLE
	details = "failed to connect to all addresses; last error: UNKNOWN: ipv6:%5B::1%5D:50051: Failed to connect to remote host: Connection refused"
	debug_error_string = "UNAVAILABLE:failed to connect to all addresses; last error: UNKNOWN: ipv6:%5B::1%5D:50051: Failed to connect to remote host: Connection refused"
>
2026-07-01 17:21:33,579 - Drone1.SimulationBackend - ERROR - Telemetry error: <AioRpcError of RPC that terminated with:
	status = StatusCode.UNAVAILABLE
	details = "failed to connect to all addresses; last error: UNKNOWN: ipv6:%5B::1%5D:50051: Failed to connect to remote host: Connection refused"
	debug_error_string = "UNAVAILABLE:failed to connect to all addresses; last error: UNKNOWN: ipv6:%5B::1%5D:50051: Failed to connect to remote host: Connection refused"
>
2026-07-01 17:21:33,640 - Drone1 - INFO - DroneAgent shutdown complete
2026-07-01 17:21:34,580 - Drone1.SimulationBackend - ERROR - Telemetry error: <AioRpcError of RPC that terminated with:
	status = StatusCode.UNAVAILABLE
	details = "failed to connect to all addresses; last error: UNKNOWN: ipv6:%5B::1%5D:50051: Failed to connect to remote host: Connection refused"
	debug_error_string = "UNAVAILABLE:failed to connect to all addresses; last error: UNKNOWN: ipv6:%5B::1%5D:50051: Failed to connect to remote host: Connection refused"
>
2026-07-01 17:21:35,581 - Drone1.SimulationBackend - ERROR - Telemetry error: <AioRpcError of RPC that terminated with:
	status = StatusCode.UNAVAILABLE
	details = "failed to connect to all addresses; last error: UNKNOWN: ipv6:%5B::1%5D:50051: Failed to connect to remote host: Connection refused"
	debug_error_string = "UNAVAILABLE:failed to connect to all addresses; last error: UNKNOWN: ipv6:%5B::1%5D:50051: Failed to connect to remote host: Connection refused"
>
2026-07-01 17:21:36,583 - Drone1.SimulationBackend - ERROR - Telemetry error: <AioRpcError of RPC that terminated with:
	status = StatusCode.UNAVAILABLE
	details = "failed to connect to all addresses; last error: UNKNOWN: ipv6:%5B::1%5D:50051: Failed to connect to remote host: Connection refused"
	debug_error_string = "UNAVAILABLE:failed to connect to all addresses; last error: UNKNOWN: ipv6:%5B::1%5D:50051: Failed to connect to remote host: Connection refused"
>
2026-07-01 17:21:37,584 - Drone1.SimulationBackend - ERROR - Telemetry error: <AioRpcError of RPC that terminated with:
	status = StatusCode.UNAVAILABLE
	details = "failed to connect to all addresses; last error: UNKNOWN: ipv6:%5B::1%5D:50051: Failed to connect to remote host: Connection refused"
	debug_error_string = "UNAVAILABLE:failed to connect to all addresses; last error: UNKNOWN: ipv6:%5B::1%5D:50051: Failed to connect to remote host: Connection refused"
>
2026-07-01 17:21:38,585 - Drone1.SimulationBackend - ERROR - Telemetry error: <AioRpcError of RPC that terminated with:
	status = StatusCode.UNAVAILABLE
	details = "failed to connect to all addresses; last error: UNKNOWN: ipv6:%5B::1%5D:50051: Failed to connect to remote host: Connection refused"
	debug_error_string = "UNAVAILABLE:failed to connect to all addresses; last error: UNKNOWN: ipv6:%5B::1%5D:50051: Failed to connect to remote host: Connection refused"
>
2026-07-01 17:21:39,587 - Drone1.SimulationBackend - ERROR - Telemetry error: <AioRpcError of RPC that terminated with:
	status = StatusCode.UNAVAILABLE
	details = "failed to connect to all addresses; last error: UNKNOWN: ipv6:%5B::1%5D:50051: Failed to connect to remote host: Connection refused"
	debug_error_string = "UNAVAILABLE:failed to connect to all addresses; last error: UNKNOWN: ipv6:%5B::1%5D:50051: Failed to connect to remote host: Connection refused"
>
2026-07-01 17:21:40,589 - Drone1.SimulationBackend - ERROR - Telemetry error: <AioRpcError of RPC that terminated with:
	status = StatusCode.UNAVAILABLE
	details = "failed to connect to all addresses; last error: UNKNOWN: ipv6:%5B::1%5D:50051: Failed to connect to remote host: Connection refused"
	debug_error_string = "UNAVAILABLE:failed to connect to all addresses; last error: UNKNOWN: ipv6:%5B::1%5D:50051: Failed to connect to remote host: Connection refused"
>
2026-07-01 17:21:41,591 - Drone1.SimulationBackend - ERROR - Telemetry error: <AioRpcError of RPC that terminated with:
	status = StatusCode.UNAVAILABLE
	details = "failed to connect to all addresses; last error: UNKNOWN: ipv6:%5B::1%5D:50051: Failed to connect to remote host: Connection refused"
	debug_error_string = "UNAVAILABLE:failed to connect to all addresses; last error: UNKNOWN: ipv6:%5B::1%5D:50051: Failed to connect to remote host: Connection refused"
>
2026-07-01 17:21:42,592 - Drone1.SimulationBackend - ERROR - Telemetry error: <AioRpcError of RPC that terminated with:
	status = StatusCode.UNAVAILABLE
	details = "failed to connect to all addresses; last error: UNKNOWN: ipv6:%5B::1%5D:50051: Failed to connect to remote host: Connection refused"
	debug_error_string = "UNAVAILABLE:failed to connect to all addresses; last error: UNKNOWN: ipv6:%5B::1%5D:50051: Failed to connect to remote host: Connection refused"
>
2026-07-01 17:21:43,594 - Drone1.SimulationBackend - ERROR - Telemetry error: <AioRpcError of RPC that terminated with:
	status = StatusCode.UNAVAILABLE
	details = "failed to connect to all addresses; last error: UNKNOWN: ipv6:%5B::1%5D:50051: Failed to connect to remote host: Connection refused"
	debug_error_string = "UNAVAILABLE:failed to connect to all addresses; last error: UNKNOWN: ipv6:%5B::1%5D:50051: Failed to connect to remote host: Connection refused"
>
2026-07-01 17:21:44,595 - Drone1.SimulationBackend - ERROR - Telemetry error: <AioRpcError of RPC that terminated with:
	status = StatusCode.UNAVAILABLE
	details = "failed to connect to all addresses; last error: UNKNOWN: ipv6:%5B::1%5D:50051: Failed to connect to remote host: Connection refused"
	debug_error_string = "UNAVAILABLE:failed to connect to all addresses; last error: UNKNOWN: ipv6:%5B::1%5D:50051: Failed to connect to remote host: Connection refused"
>
2026-07-01 17:21:45,596 - Drone1.SimulationBackend - ERROR - Telemetry error: <AioRpcError of RPC that terminated with:
	status = StatusCode.UNAVAILABLE
	details = "failed to connect to all addresses; last error: UNKNOWN: ipv6:%5B::1%5D:50051: Failed to connect to remote host: Connection refused"
	debug_error_string = "UNAVAILABLE:failed to connect to all addresses; last error: UNKNOWN: ipv6:%5B::1%5D:50051: Failed to connect to remote host: Connection refused"
>
2026-07-01 17:21:46,597 - Drone1.SimulationBackend - ERROR - Telemetry error: <AioRpcError of RPC that terminated with:
	status = StatusCode.UNAVAILABLE
	details = "failed to connect to all addresses; last error: UNKNOWN: ipv6:%5B::1%5D:50051: Failed to connect to remote host: Connection refused"
	debug_error_string = "UNAVAILABLE:failed to connect to all addresses; last error: UNKNOWN: ipv6:%5B::1%5D:50051: Failed to connect to remote host: Connection refused"
>
2026-07-01 17:21:47,598 - Drone1.SimulationBackend - ERROR - Telemetry error: <AioRpcError of RPC that terminated with:
	status = StatusCode.UNAVAILABLE
	details = "failed to connect to all addresses; last error: UNKNOWN: ipv6:%5B::1%5D:50051: Failed to connect to remote host: Connection refused"
	debug_error_string = "UNAVAILABLE:failed to connect to all addresses; last error: UNKNOWN: ipv6:%5B::1%5D:50051: Failed to connect to remote host: Connection refused"
>
2026-07-01 17:21:48,599 - Drone1.SimulationBackend - ERROR - Telemetry error: <AioRpcError of RPC that terminated with:
	status = StatusCode.UNAVAILABLE
	details = "failed to connect to all addresses; last error: UNKNOWN: ipv6:%5B::1%5D:50051: Failed to connect to remote host: Connection refused"
	debug_error_string = "UNAVAILABLE:failed to connect to all addresses; last error: UNKNOWN: ipv6:%5B::1%5D:50051: Failed to connect to remote host: Connection refused"
>
2026-07-01 17:21:49,601 - Drone1.SimulationBackend - ERROR - Telemetry error: <AioRpcError of RPC that terminated with:
	status = StatusCode.UNAVAILABLE
	details = "failed to connect to all addresses; last error: UNKNOWN: ipv6:%5B::1%5D:50051: Failed to connect to remote host: Connection refused"
	debug_error_string = "UNAVAILABLE:failed to connect to all addresses; last error: UNKNOWN: ipv6:%5B::1%5D:50051: Failed to connect to remote host: Connection refused"
>
2026-07-01 17:21:50,602 - Drone1.SimulationBackend - ERROR - Telemetry error: <AioRpcError of RPC that terminated with:
	status = StatusCode.UNAVAILABLE
	details = "failed to connect to all addresses; last error: UNKNOWN: ipv6:%5B::1%5D:50051: Failed to connect to remote host: Connection refused"
	debug_error_string = "UNAVAILABLE:failed to connect to all addresses; last error: UNKNOWN: ipv6:%5B::1%5D:50051: Failed to connect to remote host: Connection refused"
>
2026-07-01 17:21:51,603 - Drone1.SimulationBackend - ERROR - Telemetry error: <AioRpcError of RPC that terminated with:
	status = StatusCode.UNAVAILABLE
	details = "failed to connect to all addresses; last error: UNKNOWN: ipv6:%5B::1%5D:50051: Failed to connect to remote host: Connection refused"
	debug_error_string = "UNAVAILABLE:failed to connect to all addresses; last error: UNKNOWN: ipv6:%5B::1%5D:50051: Failed to connect to remote host: Connection refused"
>
2026-07-01 17:21:52,604 - Drone1.SimulationBackend - ERROR - Telemetry error: <AioRpcError of RPC that terminated with:
	status = StatusCode.UNAVAILABLE
	details = "failed to connect to all addresses; last error: UNKNOWN: ipv6:%5B::1%5D:50051: Failed to connect to remote host: Connection refused"
	debug_error_string = "UNAVAILABLE:failed to connect to all addresses; last error: UNKNOWN: ipv6:%5B::1%5D:50051: Failed to connect to remote host: Connection refused"
>
2026-07-01 17:21:53,102 - Drone1 - INFO - Logger initialized for drone 1
2026-07-01 17:21:53,102 - Drone1 - INFO - BackendFactory: Creating SimulationBackend
2026-07-01 17:21:53,103 - Drone1.Communication - INFO - Communication initialized on 0.0.0.0:14560
2026-07-01 17:21:53,103 - Drone1.StateMachine - INFO - StateMachine initialized
2026-07-01 17:21:53,103 - Drone1 - INFO - DroneAgent initialized
2026-07-01 17:21:53,103 - Drone1 - INFO - Starting DroneAgent...
2026-07-01 17:21:53,103 - Drone1.SimulationBackend - INFO - Starting SimulationBackend...
2026-07-01 17:21:53,104 - Drone1.SimulationBackend - INFO - Connecting to SITL simulation via udpin://0.0.0.0:14540 (Attempt 1/5)
2026-07-01 17:21:53,606 - Drone1.SimulationBackend - ERROR - Telemetry error: <AioRpcError of RPC that terminated with:
	status = StatusCode.UNAVAILABLE
	details = "failed to connect to all addresses; last error: UNKNOWN: ipv6:%5B::1%5D:50051: Failed to connect to remote host: Connection refused"
	debug_error_string = "UNAVAILABLE:failed to connect to all addresses; last error: UNKNOWN: ipv6:%5B::1%5D:50051: Failed to connect to remote host: Connection refused"
>
2026-07-01 17:21:54,607 - Drone1.SimulationBackend - ERROR - Telemetry error: <AioRpcError of RPC that terminated with:
	status = StatusCode.UNAVAILABLE
	details = "failed to connect to all addresses; last error: UNKNOWN: ipv6:%5B::1%5D:50051: Failed to connect to remote host: Connection refused"
	debug_error_string = "UNAVAILABLE:failed to connect to all addresses; last error: UNKNOWN: ipv6:%5B::1%5D:50051: Failed to connect to remote host: Connection refused"
>
2026-07-01 17:21:55,608 - Drone1.SimulationBackend - ERROR - Telemetry error: <AioRpcError of RPC that terminated with:
	status = StatusCode.UNAVAILABLE
	details = "failed to connect to all addresses; last error: UNKNOWN: ipv6:%5B::1%5D:50051: Failed to connect to remote host: Connection refused"
	debug_error_string = "UNAVAILABLE:failed to connect to all addresses; last error: UNKNOWN: ipv6:%5B::1%5D:50051: Failed to connect to remote host: Connection refused"
>
2026-07-01 17:21:56,609 - Drone1.SimulationBackend - ERROR - Telemetry error: <AioRpcError of RPC that terminated with:
	status = StatusCode.UNAVAILABLE
	details = "failed to connect to all addresses; last error: UNKNOWN: ipv6:%5B::1%5D:50051: Failed to connect to remote host: Connection refused"
	debug_error_string = "UNAVAILABLE:failed to connect to all addresses; last error: UNKNOWN: ipv6:%5B::1%5D:50051: Failed to connect to remote host: Connection refused"
>
2026-07-01 17:21:57,611 - Drone1.SimulationBackend - ERROR - Telemetry error: <AioRpcError of RPC that terminated with:
	status = StatusCode.UNAVAILABLE
	details = "failed to connect to all addresses; last error: UNKNOWN: ipv6:%5B::1%5D:50051: Failed to connect to remote host: Connection refused"
	debug_error_string = "UNAVAILABLE:failed to connect to all addresses; last error: UNKNOWN: ipv6:%5B::1%5D:50051: Failed to connect to remote host: Connection refused"
>
2026-07-01 17:21:58,111 - Drone1.SimulationBackend - WARNING - Connection attempt 1 timed out.
2026-07-01 17:21:58,612 - Drone1.SimulationBackend - ERROR - Telemetry error: <AioRpcError of RPC that terminated with:
	status = StatusCode.UNAVAILABLE
	details = "failed to connect to all addresses; last error: UNKNOWN: ipv6:%5B::1%5D:50051: Failed to connect to remote host: Connection refused"
	debug_error_string = "UNAVAILABLE:failed to connect to all addresses; last error: UNKNOWN: ipv6:%5B::1%5D:50051: Failed to connect to remote host: Connection refused"
>
2026-07-01 17:21:59,614 - Drone1.SimulationBackend - ERROR - Telemetry error: <AioRpcError of RPC that terminated with:
	status = StatusCode.UNAVAILABLE
	details = "failed to connect to all addresses; last error: UNKNOWN: ipv6:%5B::1%5D:50051: Failed to connect to remote host: Connection refused"
	debug_error_string = "UNAVAILABLE:failed to connect to all addresses; last error: UNKNOWN: ipv6:%5B::1%5D:50051: Failed to connect to remote host: Connection refused"
>
2026-07-01 17:22:00,113 - Drone1.SimulationBackend - INFO - Connecting to SITL simulation via udpin://0.0.0.0:14540 (Attempt 2/5)
2026-07-01 17:22:00,615 - Drone1.SimulationBackend - ERROR - Telemetry error: <AioRpcError of RPC that terminated with:
	status = StatusCode.UNAVAILABLE
	details = "failed to connect to all addresses; last error: UNKNOWN: ipv6:%5B::1%5D:50051: Failed to connect to remote host: Connection refused"
	debug_error_string = "UNAVAILABLE:failed to connect to all addresses; last error: UNKNOWN: ipv6:%5B::1%5D:50051: Failed to connect to remote host: Connection refused"
>
2026-07-01 17:22:01,616 - Drone1.SimulationBackend - ERROR - Telemetry error: <AioRpcError of RPC that terminated with:
	status = StatusCode.UNAVAILABLE
	details = "failed to connect to all addresses; last error: UNKNOWN: ipv6:%5B::1%5D:50051: Failed to connect to remote host: Connection refused"
	debug_error_string = "UNAVAILABLE:failed to connect to all addresses; last error: UNKNOWN: ipv6:%5B::1%5D:50051: Failed to connect to remote host: Connection refused"
>
2026-07-01 17:22:02,617 - Drone1.SimulationBackend - ERROR - Telemetry error: <AioRpcError of RPC that terminated with:
	status = StatusCode.UNAVAILABLE
	details = "failed to connect to all addresses; last error: UNKNOWN: ipv6:%5B::1%5D:50051: Failed to connect to remote host: Connection refused"
	debug_error_string = "UNAVAILABLE:failed to connect to all addresses; last error: UNKNOWN: ipv6:%5B::1%5D:50051: Failed to connect to remote host: Connection refused"
>
2026-07-01 17:22:03,619 - Drone1.SimulationBackend - ERROR - Telemetry error: <AioRpcError of RPC that terminated with:
	status = StatusCode.UNAVAILABLE
	details = "failed to connect to all addresses; last error: UNKNOWN: ipv6:%5B::1%5D:50051: Failed to connect to remote host: Connection refused"
	debug_error_string = "UNAVAILABLE:failed to connect to all addresses; last error: UNKNOWN: ipv6:%5B::1%5D:50051: Failed to connect to remote host: Connection refused"
>
2026-07-01 17:22:04,621 - Drone1.SimulationBackend - ERROR - Telemetry error: <AioRpcError of RPC that terminated with:
	status = StatusCode.UNAVAILABLE
	details = "failed to connect to all addresses; last error: UNKNOWN: ipv6:%5B::1%5D:50051: Failed to connect to remote host: Connection refused"
	debug_error_string = "UNAVAILABLE:failed to connect to all addresses; last error: UNKNOWN: ipv6:%5B::1%5D:50051: Failed to connect to remote host: Connection refused"
>
2026-07-01 17:22:05,117 - Drone1.SimulationBackend - WARNING - Connection attempt 2 timed out.
2026-07-01 17:22:05,622 - Drone1.SimulationBackend - ERROR - Telemetry error: <AioRpcError of RPC that terminated with:
	status = StatusCode.UNAVAILABLE
	details = "failed to connect to all addresses; last error: UNKNOWN: ipv6:%5B::1%5D:50051: Failed to connect to remote host: Connection refused"
	debug_error_string = "UNAVAILABLE:failed to connect to all addresses; last error: UNKNOWN: ipv6:%5B::1%5D:50051: Failed to connect to remote host: Connection refused"
>
2026-07-01 17:22:06,624 - Drone1.SimulationBackend - ERROR - Telemetry error: <AioRpcError of RPC that terminated with:
	status = StatusCode.UNAVAILABLE
	details = "failed to connect to all addresses; last error: UNKNOWN: ipv6:%5B::1%5D:50051: Failed to connect to remote host: Connection refused"
	debug_error_string = "UNAVAILABLE:failed to connect to all addresses; last error: UNKNOWN: ipv6:%5B::1%5D:50051: Failed to connect to remote host: Connection refused"
>
2026-07-01 17:22:07,120 - Drone1.SimulationBackend - INFO - Connecting to SITL simulation via udpin://0.0.0.0:14540 (Attempt 3/5)
2026-07-01 17:22:07,626 - Drone1.SimulationBackend - ERROR - Telemetry error: <AioRpcError of RPC that terminated with:
	status = StatusCode.UNAVAILABLE
	details = "failed to connect to all addresses; last error: UNKNOWN: ipv6:%5B::1%5D:50051: Failed to connect to remote host: Connection refused"
	debug_error_string = "UNAVAILABLE:failed to connect to all addresses; last error: UNKNOWN: ipv6:%5B::1%5D:50051: Failed to connect to remote host: Connection refused"
>
2026-07-01 17:22:07,932 - Drone1 - INFO - Received signal 15, initiating shutdown...
2026-07-01 17:22:07,932 - Drone1 - INFO - Shutting down DroneAgent...
2026-07-01 17:22:07,933 - Drone1.Heartbeat - INFO - Heartbeat stopped
2026-07-01 17:22:07,933 - Drone1.MovementController - INFO - Movement controller stopped
2026-07-01 17:22:07,933 - Drone1.Decision - INFO - Decision engine stopped
2026-07-01 17:22:07,933 - Drone1.Telemetry - INFO - Telemetry stopped
2026-07-01 17:22:07,933 - Drone1.Communication - INFO - Communication stopped
2026-07-01 17:22:07,933 - Drone1.SimulationBackend - INFO - Stopping SimulationBackend...
2026-07-01 17:22:08,627 - Drone1.SimulationBackend - ERROR - Telemetry error: <AioRpcError of RPC that terminated with:
	status = StatusCode.UNAVAILABLE
	details = "failed to connect to all addresses; last error: UNKNOWN: ipv6:%5B::1%5D:50051: Failed to connect to remote host: Connection refused"
	debug_error_string = "UNAVAILABLE:failed to connect to all addresses; last error: UNKNOWN: ipv6:%5B::1%5D:50051: Failed to connect to remote host: Connection refused"
>
2026-07-01 17:22:09,628 - Drone1.SimulationBackend - ERROR - Telemetry error: <AioRpcError of RPC that terminated with:
	status = StatusCode.UNAVAILABLE
	details = "failed to connect to all addresses; last error: UNKNOWN: ipv6:%5B::1%5D:50051: Failed to connect to remote host: Connection refused"
	debug_error_string = "UNAVAILABLE:failed to connect to all addresses; last error: UNKNOWN: ipv6:%5B::1%5D:50051: Failed to connect to remote host: Connection refused"
>
2026-07-01 17:22:10,630 - Drone1.SimulationBackend - ERROR - Telemetry error: <AioRpcError of RPC that terminated with:
	status = StatusCode.UNAVAILABLE
	details = "failed to connect to all addresses; last error: UNKNOWN: ipv6:%5B::1%5D:50051: Failed to connect to remote host: Connection refused"
	debug_error_string = "UNAVAILABLE:failed to connect to all addresses; last error: UNKNOWN: ipv6:%5B::1%5D:50051: Failed to connect to remote host: Connection refused"
>
2026-07-01 17:22:11,631 - Drone1.SimulationBackend - ERROR - Telemetry error: <AioRpcError of RPC that terminated with:
	status = StatusCode.UNAVAILABLE
	details = "failed to connect to all addresses; last error: UNKNOWN: ipv6:%5B::1%5D:50051: Failed to connect to remote host: Connection refused"
	debug_error_string = "UNAVAILABLE:failed to connect to all addresses; last error: UNKNOWN: ipv6:%5B::1%5D:50051: Failed to connect to remote host: Connection refused"
>
2026-07-01 17:22:12,124 - Drone1.SimulationBackend - WARNING - Connection attempt 3 timed out.
2026-07-01 17:22:12,632 - Drone1.SimulationBackend - ERROR - Telemetry error: <AioRpcError of RPC that terminated with:
	status = StatusCode.UNAVAILABLE
	details = "failed to connect to all addresses; last error: UNKNOWN: ipv6:%5B::1%5D:50051: Failed to connect to remote host: Connection refused"
	debug_error_string = "UNAVAILABLE:failed to connect to all addresses; last error: UNKNOWN: ipv6:%5B::1%5D:50051: Failed to connect to remote host: Connection refused"
>
2026-07-01 17:22:12,933 - Drone1 - INFO - DroneAgent shutdown complete
2026-07-01 17:22:13,633 - Drone1.SimulationBackend - ERROR - Telemetry error: <AioRpcError of RPC that terminated with:
	status = StatusCode.UNAVAILABLE
	details = "failed to connect to all addresses; last error: UNKNOWN: ipv6:%5B::1%5D:50051: Failed to connect to remote host: Connection refused"
	debug_error_string = "UNAVAILABLE:failed to connect to all addresses; last error: UNKNOWN: ipv6:%5B::1%5D:50051: Failed to connect to remote host: Connection refused"
>
2026-07-01 17:22:14,634 - Drone1.SimulationBackend - ERROR - Telemetry error: <AioRpcError of RPC that terminated with:
	status = StatusCode.UNAVAILABLE
	details = "failed to connect to all addresses; last error: UNKNOWN: ipv6:%5B::1%5D:50051: Failed to connect to remote host: Connection refused"
	debug_error_string = "UNAVAILABLE:failed to connect to all addresses; last error: UNKNOWN: ipv6:%5B::1%5D:50051: Failed to connect to remote host: Connection refused"
>
2026-07-01 17:22:15,635 - Drone1.SimulationBackend - ERROR - Telemetry error: <AioRpcError of RPC that terminated with:
	status = StatusCode.UNAVAILABLE
	details = "failed to connect to all addresses; last error: UNKNOWN: ipv6:%5B::1%5D:50051: Failed to connect to remote host: Connection refused"
	debug_error_string = "UNAVAILABLE:failed to connect to all addresses; last error: UNKNOWN: ipv6:%5B::1%5D:50051: Failed to connect to remote host: Connection refused"
>
2026-07-01 17:22:16,636 - Drone1.SimulationBackend - ERROR - Telemetry error: <AioRpcError of RPC that terminated with:
	status = StatusCode.UNAVAILABLE
	details = "failed to connect to all addresses; last error: UNKNOWN: ipv6:%5B::1%5D:50051: Failed to connect to remote host: Connection refused"
	debug_error_string = "UNAVAILABLE:failed to connect to all addresses; last error: UNKNOWN: ipv6:%5B::1%5D:50051: Failed to connect to remote host: Connection refused"
>
2026-07-01 17:22:17,638 - Drone1.SimulationBackend - ERROR - Telemetry error: <AioRpcError of RPC that terminated with:
	status = StatusCode.UNAVAILABLE
	details = "failed to connect to all addresses; last error: UNKNOWN: ipv6:%5B::1%5D:50051: Failed to connect to remote host: Connection refused"
	debug_error_string = "UNAVAILABLE:failed to connect to all addresses; last error: UNKNOWN: ipv6:%5B::1%5D:50051: Failed to connect to remote host: Connection refused"
>
2026-07-01 17:22:18,639 - Drone1.SimulationBackend - ERROR - Telemetry error: <AioRpcError of RPC that terminated with:
	status = StatusCode.UNAVAILABLE
	details = "failed to connect to all addresses; last error: UNKNOWN: ipv6:%5B::1%5D:50051: Failed to connect to remote host: Connection refused"
	debug_error_string = "UNAVAILABLE:failed to connect to all addresses; last error: UNKNOWN: ipv6:%5B::1%5D:50051: Failed to connect to remote host: Connection refused"
>
2026-07-01 17:22:19,640 - Drone1.SimulationBackend - ERROR - Telemetry error: <AioRpcError of RPC that terminated with:
	status = StatusCode.UNAVAILABLE
	details = "failed to connect to all addresses; last error: UNKNOWN: ipv6:%5B::1%5D:50051: Failed to connect to remote host: Connection refused"
	debug_error_string = "UNAVAILABLE:failed to connect to all addresses; last error: UNKNOWN: ipv6:%5B::1%5D:50051: Failed to connect to remote host: Connection refused"
>
2026-07-01 17:22:20,642 - Drone1.SimulationBackend - ERROR - Telemetry error: <AioRpcError of RPC that terminated with:
	status = StatusCode.UNAVAILABLE
	details = "failed to connect to all addresses; last error: UNKNOWN: ipv6:%5B::1%5D:50051: Failed to connect to remote host: Connection refused"
	debug_error_string = "UNAVAILABLE:failed to connect to all addresses; last error: UNKNOWN: ipv6:%5B::1%5D:50051: Failed to connect to remote host: Connection refused"
>
2026-07-01 17:22:21,644 - Drone1.SimulationBackend - ERROR - Telemetry error: <AioRpcError of RPC that terminated with:
	status = StatusCode.UNAVAILABLE
	details = "failed to connect to all addresses; last error: UNKNOWN: ipv6:%5B::1%5D:50051: Failed to connect to remote host: Connection refused"
	debug_error_string = "UNAVAILABLE:failed to connect to all addresses; last error: UNKNOWN: ipv6:%5B::1%5D:50051: Failed to connect to remote host: Connection refused"
>
2026-07-01 17:22:22,645 - Drone1.SimulationBackend - ERROR - Telemetry error: <AioRpcError of RPC that terminated with:
	status = StatusCode.UNAVAILABLE
	details = "failed to connect to all addresses; last error: UNKNOWN: ipv6:%5B::1%5D:50051: Failed to connect to remote host: Connection refused"
	debug_error_string = "UNAVAILABLE:failed to connect to all addresses; last error: UNKNOWN: ipv6:%5B::1%5D:50051: Failed to connect to remote host: Connection refused"
>
2026-07-01 17:22:23,646 - Drone1.SimulationBackend - ERROR - Telemetry error: <AioRpcError of RPC that terminated with:
	status = StatusCode.UNAVAILABLE
	details = "failed to connect to all addresses; last error: UNKNOWN: ipv6:%5B::1%5D:50051: Failed to connect to remote host: Connection refused"
	debug_error_string = "UNAVAILABLE:failed to connect to all addresses; last error: UNKNOWN: ipv6:%5B::1%5D:50051: Failed to connect to remote host: Connection refused"
>
2026-07-01 17:22:24,648 - Drone1.SimulationBackend - ERROR - Telemetry error: <AioRpcError of RPC that terminated with:
	status = StatusCode.UNAVAILABLE
	details = "failed to connect to all addresses; last error: UNKNOWN: ipv6:%5B::1%5D:50051: Failed to connect to remote host: Connection refused"
	debug_error_string = "UNAVAILABLE:failed to connect to all addresses; last error: UNKNOWN: ipv6:%5B::1%5D:50051: Failed to connect to remote host: Connection refused"
>
2026-07-01 17:22:25,650 - Drone1.SimulationBackend - ERROR - Telemetry error: <AioRpcError of RPC that terminated with:
	status = StatusCode.UNAVAILABLE
	details = "failed to connect to all addresses; last error: UNKNOWN: ipv6:%5B::1%5D:50051: Failed to connect to remote host: Connection refused"
	debug_error_string = "UNAVAILABLE:failed to connect to all addresses; last error: UNKNOWN: ipv6:%5B::1%5D:50051: Failed to connect to remote host: Connection refused"
>
2026-07-01 17:22:26,651 - Drone1.SimulationBackend - ERROR - Telemetry error: <AioRpcError of RPC that terminated with:
	status = StatusCode.UNAVAILABLE
	details = "failed to connect to all addresses; last error: UNKNOWN: ipv6:%5B::1%5D:50051: Failed to connect to remote host: Connection refused"
	debug_error_string = "UNAVAILABLE:failed to connect to all addresses; last error: UNKNOWN: ipv6:%5B::1%5D:50051: Failed to connect to remote host: Connection refused"
>
2026-07-01 17:22:27,652 - Drone1.SimulationBackend - ERROR - Telemetry error: <AioRpcError of RPC that terminated with:
	status = StatusCode.UNAVAILABLE
	details = "failed to connect to all addresses; last error: UNKNOWN: ipv6:%5B::1%5D:50051: Failed to connect to remote host: Connection refused"
	debug_error_string = "UNAVAILABLE:failed to connect to all addresses; last error: UNKNOWN: ipv6:%5B::1%5D:50051: Failed to connect to remote host: Connection refused"
>
2026-07-01 17:22:28,653 - Drone1.SimulationBackend - ERROR - Telemetry error: <AioRpcError of RPC that terminated with:
	status = StatusCode.UNAVAILABLE
	details = "failed to connect to all addresses; last error: UNKNOWN: ipv6:%5B::1%5D:50051: Failed to connect to remote host: Connection refused"
	debug_error_string = "UNAVAILABLE:failed to connect to all addresses; last error: UNKNOWN: ipv6:%5B::1%5D:50051: Failed to connect to remote host: Connection refused"
>
2026-07-01 17:22:29,654 - Drone1.SimulationBackend - ERROR - Telemetry error: <AioRpcError of RPC that terminated with:
	status = StatusCode.UNAVAILABLE
	details = "failed to connect to all addresses; last error: UNKNOWN: ipv6:%5B::1%5D:50051: Failed to connect to remote host: Connection refused"
	debug_error_string = "UNAVAILABLE:failed to connect to all addresses; last error: UNKNOWN: ipv6:%5B::1%5D:50051: Failed to connect to remote host: Connection refused"
>
2026-07-01 17:22:30,656 - Drone1.SimulationBackend - ERROR - Telemetry error: <AioRpcError of RPC that terminated with:
	status = StatusCode.UNAVAILABLE
	details = "failed to connect to all addresses; last error: UNKNOWN: ipv6:%5B::1%5D:50051: Failed to connect to remote host: Connection refused"
	debug_error_string = "UNAVAILABLE:failed to connect to all addresses; last error: UNKNOWN: ipv6:%5B::1%5D:50051: Failed to connect to remote host: Connection refused"
>
2026-07-01 17:22:31,657 - Drone1.SimulationBackend - ERROR - Telemetry error: <AioRpcError of RPC that terminated with:
	status = StatusCode.UNAVAILABLE
	details = "failed to connect to all addresses; last error: UNKNOWN: ipv6:%5B::1%5D:50051: Failed to connect to remote host: Connection refused"
	debug_error_string = "UNAVAILABLE:failed to connect to all addresses; last error: UNKNOWN: ipv6:%5B::1%5D:50051: Failed to connect to remote host: Connection refused"
>
2026-07-01 17:22:32,658 - Drone1.SimulationBackend - ERROR - Telemetry error: <AioRpcError of RPC that terminated with:
	status = StatusCode.UNAVAILABLE
	details = "failed to connect to all addresses; last error: UNKNOWN: ipv6:%5B::1%5D:50051: Failed to connect to remote host: Connection refused"
	debug_error_string = "UNAVAILABLE:failed to connect to all addresses; last error: UNKNOWN: ipv6:%5B::1%5D:50051: Failed to connect to remote host: Connection refused"
>
2026-07-01 17:22:33,659 - Drone1.SimulationBackend - ERROR - Telemetry error: <AioRpcError of RPC that terminated with:
	status = StatusCode.UNAVAILABLE
	details = "failed to connect to all addresses; last error: UNKNOWN: ipv6:%5B::1%5D:50051: Failed to connect to remote host: Connection refused"
	debug_error_string = "UNAVAILABLE:failed to connect to all addresses; last error: UNKNOWN: ipv6:%5B::1%5D:50051: Failed to connect to remote host: Connection refused"
>
2026-07-01 17:22:34,661 - Drone1.SimulationBackend - ERROR - Telemetry error: <AioRpcError of RPC that terminated with:
	status = StatusCode.UNAVAILABLE
	details = "failed to connect to all addresses; last error: UNKNOWN: ipv6:%5B::1%5D:50051: Failed to connect to remote host: Connection refused"
	debug_error_string = "UNAVAILABLE:failed to connect to all addresses; last error: UNKNOWN: ipv6:%5B::1%5D:50051: Failed to connect to remote host: Connection refused"
>
2026-07-01 17:22:35,662 - Drone1.SimulationBackend - ERROR - Telemetry error: <AioRpcError of RPC that terminated with:
	status = StatusCode.UNAVAILABLE
	details = "failed to connect to all addresses; last error: UNKNOWN: ipv6:%5B::1%5D:50051: Failed to connect to remote host: Connection refused"
	debug_error_string = "UNAVAILABLE:failed to connect to all addresses; last error: UNKNOWN: ipv6:%5B::1%5D:50051: Failed to connect to remote host: Connection refused"
>
2026-07-01 17:22:36,663 - Drone1.SimulationBackend - ERROR - Telemetry error: <AioRpcError of RPC that terminated with:
	status = StatusCode.UNAVAILABLE
	details = "failed to connect to all addresses; last error: UNKNOWN: ipv6:%5B::1%5D:50051: Failed to connect to remote host: Connection refused"
	debug_error_string = "UNAVAILABLE:failed to connect to all addresses; last error: UNKNOWN: ipv6:%5B::1%5D:50051: Failed to connect to remote host: Connection refused"
>
2026-07-01 17:22:37,664 - Drone1.SimulationBackend - ERROR - Telemetry error: <AioRpcError of RPC that terminated with:
	status = StatusCode.UNAVAILABLE
	details = "failed to connect to all addresses; last error: UNKNOWN: ipv6:%5B::1%5D:50051: Failed to connect to remote host: Connection refused"
	debug_error_string = "UNAVAILABLE:failed to connect to all addresses; last error: UNKNOWN: ipv6:%5B::1%5D:50051: Failed to connect to remote host: Connection refused"
>
2026-07-01 17:22:38,665 - Drone1.SimulationBackend - ERROR - Telemetry error: <AioRpcError of RPC that terminated with:
	status = StatusCode.UNAVAILABLE
	details = "failed to connect to all addresses; last error: UNKNOWN: ipv6:%5B::1%5D:50051: Failed to connect to remote host: Connection refused"
	debug_error_string = "UNAVAILABLE:failed to connect to all addresses; last error: UNKNOWN: ipv6:%5B::1%5D:50051: Failed to connect to remote host: Connection refused"
>
2026-07-01 17:22:39,667 - Drone1.SimulationBackend - ERROR - Telemetry error: <AioRpcError of RPC that terminated with:
	status = StatusCode.UNAVAILABLE
	details = "failed to connect to all addresses; last error: UNKNOWN: ipv6:%5B::1%5D:50051: Failed to connect to remote host: Connection refused"
	debug_error_string = "UNAVAILABLE:failed to connect to all addresses; last error: UNKNOWN: ipv6:%5B::1%5D:50051: Failed to connect to remote host: Connection refused"
>
2026-07-01 17:22:40,668 - Drone1.SimulationBackend - ERROR - Telemetry error: <AioRpcError of RPC that terminated with:
	status = StatusCode.UNAVAILABLE
	details = "failed to connect to all addresses; last error: UNKNOWN: ipv6:%5B::1%5D:50051: Failed to connect to remote host: Connection refused"
	debug_error_string = "UNAVAILABLE:failed to connect to all addresses; last error: UNKNOWN: ipv6:%5B::1%5D:50051: Failed to connect to remote host: Connection refused"
>
2026-07-01 17:22:41,669 - Drone1.SimulationBackend - ERROR - Telemetry error: <AioRpcError of RPC that terminated with:
	status = StatusCode.UNAVAILABLE
	details = "failed to connect to all addresses; last error: UNKNOWN: ipv6:%5B::1%5D:50051: Failed to connect to remote host: Connection refused"
	debug_error_string = "UNAVAILABLE:failed to connect to all addresses; last error: UNKNOWN: ipv6:%5B::1%5D:50051: Failed to connect to remote host: Connection refused"
>
2026-07-01 17:22:42,671 - Drone1.SimulationBackend - ERROR - Telemetry error: <AioRpcError of RPC that terminated with:
	status = StatusCode.UNAVAILABLE
	details = "failed to connect to all addresses; last error: UNKNOWN: ipv6:%5B::1%5D:50051: Failed to connect to remote host: Connection refused"
	debug_error_string = "UNAVAILABLE:failed to connect to all addresses; last error: UNKNOWN: ipv6:%5B::1%5D:50051: Failed to connect to remote host: Connection refused"
>
2026-07-01 17:22:43,672 - Drone1.SimulationBackend - ERROR - Telemetry error: <AioRpcError of RPC that terminated with:
	status = StatusCode.UNAVAILABLE
	details = "failed to connect to all addresses; last error: UNKNOWN: ipv6:%5B::1%5D:50051: Failed to connect to remote host: Connection refused"
	debug_error_string = "UNAVAILABLE:failed to connect to all addresses; last error: UNKNOWN: ipv6:%5B::1%5D:50051: Failed to connect to remote host: Connection refused"
>
2026-07-01 17:22:44,675 - Drone1.SimulationBackend - ERROR - Telemetry error: <AioRpcError of RPC that terminated with:
	status = StatusCode.UNAVAILABLE
	details = "failed to connect to all addresses; last error: UNKNOWN: ipv6:%5B::1%5D:50051: Failed to connect to remote host: Connection refused"
	debug_error_string = "UNAVAILABLE:failed to connect to all addresses; last error: UNKNOWN: ipv6:%5B::1%5D:50051: Failed to connect to remote host: Connection refused"
>
2026-07-01 17:22:44,798 - Drone1 - INFO - Logger initialized for drone 1
2026-07-01 17:22:44,799 - Drone1 - INFO - BackendFactory: Creating SimulationBackend
2026-07-01 17:22:44,799 - Drone1.Communication - INFO - Communication initialized on 0.0.0.0:14560
2026-07-01 17:22:44,799 - Drone1.StateMachine - INFO - StateMachine initialized
2026-07-01 17:22:44,800 - Drone1 - INFO - DroneAgent initialized
2026-07-01 17:22:44,800 - Drone1 - INFO - Starting DroneAgent...
2026-07-01 17:22:44,800 - Drone1.SimulationBackend - INFO - Starting SimulationBackend...
2026-07-01 17:22:44,800 - Drone1.SimulationBackend - INFO - Connecting to SITL simulation via udpin://0.0.0.0:14540
2026-07-01 17:22:45,676 - Drone1.SimulationBackend - ERROR - Telemetry error: <AioRpcError of RPC that terminated with:
	status = StatusCode.UNAVAILABLE
	details = "failed to connect to all addresses; last error: UNKNOWN: ipv6:%5B::1%5D:50051: Failed to connect to remote host: Connection refused"
	debug_error_string = "UNAVAILABLE:failed to connect to all addresses; last error: UNKNOWN: ipv6:%5B::1%5D:50051: Failed to connect to remote host: Connection refused"
>
2026-07-01 17:22:46,678 - Drone1.SimulationBackend - ERROR - Telemetry error: <AioRpcError of RPC that terminated with:
	status = StatusCode.UNAVAILABLE
	details = "failed to connect to all addresses; last error: UNKNOWN: ipv6:%5B::1%5D:50051: Failed to connect to remote host: Connection refused"
	debug_error_string = "UNAVAILABLE:failed to connect to all addresses; last error: UNKNOWN: ipv6:%5B::1%5D:50051: Failed to connect to remote host: Connection refused"
>
2026-07-01 17:22:47,680 - Drone1.SimulationBackend - ERROR - Telemetry error: <AioRpcError of RPC that terminated with:
	status = StatusCode.UNAVAILABLE
	details = "failed to connect to all addresses; last error: UNKNOWN: ipv6:%5B::1%5D:50051: Failed to connect to remote host: Connection refused"
	debug_error_string = "UNAVAILABLE:failed to connect to all addresses; last error: UNKNOWN: ipv6:%5B::1%5D:50051: Failed to connect to remote host: Connection refused"
>
2026-07-01 17:22:48,681 - Drone1.SimulationBackend - ERROR - Telemetry error: <AioRpcError of RPC that terminated with:
	status = StatusCode.UNAVAILABLE
	details = "failed to connect to all addresses; last error: UNKNOWN: ipv6:%5B::1%5D:50051: Failed to connect to remote host: Connection refused"
	debug_error_string = "UNAVAILABLE:failed to connect to all addresses; last error: UNKNOWN: ipv6:%5B::1%5D:50051: Failed to connect to remote host: Connection refused"
>
2026-07-01 17:22:49,683 - Drone1.SimulationBackend - ERROR - Telemetry error: <AioRpcError of RPC that terminated with:
	status = StatusCode.UNAVAILABLE
	details = "failed to connect to all addresses; last error: UNKNOWN: ipv6:%5B::1%5D:50051: Failed to connect to remote host: Connection refused"
	debug_error_string = "UNAVAILABLE:failed to connect to all addresses; last error: UNKNOWN: ipv6:%5B::1%5D:50051: Failed to connect to remote host: Connection refused"
>
2026-07-01 17:22:50,684 - Drone1.SimulationBackend - ERROR - Telemetry error: <AioRpcError of RPC that terminated with:
	status = StatusCode.UNAVAILABLE
	details = "failed to connect to all addresses; last error: UNKNOWN: ipv6:%5B::1%5D:50051: Failed to connect to remote host: Connection refused"
	debug_error_string = "UNAVAILABLE:failed to connect to all addresses; last error: UNKNOWN: ipv6:%5B::1%5D:50051: Failed to connect to remote host: Connection refused"
>
2026-07-01 17:22:51,686 - Drone1.SimulationBackend - ERROR - Telemetry error: <AioRpcError of RPC that terminated with:
	status = StatusCode.UNAVAILABLE
	details = "failed to connect to all addresses; last error: UNKNOWN: ipv6:%5B::1%5D:50051: Failed to connect to remote host: Connection refused"
	debug_error_string = "UNAVAILABLE:failed to connect to all addresses; last error: UNKNOWN: ipv6:%5B::1%5D:50051: Failed to connect to remote host: Connection refused"
>
2026-07-01 17:22:52,687 - Drone1.SimulationBackend - ERROR - Telemetry error: <AioRpcError of RPC that terminated with:
	status = StatusCode.UNAVAILABLE
	details = "failed to connect to all addresses; last error: UNKNOWN: ipv6:%5B::1%5D:50051: Failed to connect to remote host: Connection refused"
	debug_error_string = "UNAVAILABLE:failed to connect to all addresses; last error: UNKNOWN: ipv6:%5B::1%5D:50051: Failed to connect to remote host: Connection refused"
>
2026-07-01 17:22:53,688 - Drone1.SimulationBackend - ERROR - Telemetry error: <AioRpcError of RPC that terminated with:
	status = StatusCode.UNAVAILABLE
	details = "failed to connect to all addresses; last error: UNKNOWN: ipv6:%5B::1%5D:50051: Failed to connect to remote host: Connection refused"
	debug_error_string = "UNAVAILABLE:failed to connect to all addresses; last error: UNKNOWN: ipv6:%5B::1%5D:50051: Failed to connect to remote host: Connection refused"
>
2026-07-01 17:22:54,690 - Drone1.SimulationBackend - ERROR - Telemetry error: <AioRpcError of RPC that terminated with:
	status = StatusCode.UNAVAILABLE
	details = "failed to connect to all addresses; last error: UNKNOWN: ipv6:%5B::1%5D:50051: Failed to connect to remote host: Connection refused"
	debug_error_string = "UNAVAILABLE:failed to connect to all addresses; last error: UNKNOWN: ipv6:%5B::1%5D:50051: Failed to connect to remote host: Connection refused"
>
2026-07-01 17:22:55,691 - Drone1.SimulationBackend - ERROR - Telemetry error: <AioRpcError of RPC that terminated with:
	status = StatusCode.UNAVAILABLE
	details = "failed to connect to all addresses; last error: UNKNOWN: ipv6:%5B::1%5D:50051: Failed to connect to remote host: Connection refused"
	debug_error_string = "UNAVAILABLE:failed to connect to all addresses; last error: UNKNOWN: ipv6:%5B::1%5D:50051: Failed to connect to remote host: Connection refused"
>
2026-07-01 17:22:56,692 - Drone1.SimulationBackend - ERROR - Telemetry error: <AioRpcError of RPC that terminated with:
	status = StatusCode.UNAVAILABLE
	details = "failed to connect to all addresses; last error: UNKNOWN: ipv6:%5B::1%5D:50051: Failed to connect to remote host: Connection refused"
	debug_error_string = "UNAVAILABLE:failed to connect to all addresses; last error: UNKNOWN: ipv6:%5B::1%5D:50051: Failed to connect to remote host: Connection refused"
>
2026-07-01 17:22:57,693 - Drone1.SimulationBackend - ERROR - Telemetry error: <AioRpcError of RPC that terminated with:
	status = StatusCode.UNAVAILABLE
	details = "failed to connect to all addresses; last error: UNKNOWN: ipv6:%5B::1%5D:50051: Failed to connect to remote host: Connection refused"
	debug_error_string = "UNAVAILABLE:failed to connect to all addresses; last error: UNKNOWN: ipv6:%5B::1%5D:50051: Failed to connect to remote host: Connection refused"
>
2026-07-01 17:22:58,695 - Drone1.SimulationBackend - ERROR - Telemetry error: <AioRpcError of RPC that terminated with:
	status = StatusCode.UNAVAILABLE
	details = "failed to connect to all addresses; last error: UNKNOWN: ipv6:%5B::1%5D:50051: Failed to connect to remote host: Connection refused"
	debug_error_string = "UNAVAILABLE:failed to connect to all addresses; last error: UNKNOWN: ipv6:%5B::1%5D:50051: Failed to connect to remote host: Connection refused"
>
2026-07-01 17:22:59,607 - Drone1 - INFO - Received signal 15, initiating shutdown...
2026-07-01 17:22:59,607 - Drone1 - INFO - Shutting down DroneAgent...
2026-07-01 17:22:59,607 - Drone1.Heartbeat - INFO - Heartbeat stopped
2026-07-01 17:22:59,607 - Drone1.MovementController - INFO - Movement controller stopped
2026-07-01 17:22:59,607 - Drone1.Decision - INFO - Decision engine stopped
2026-07-01 17:22:59,607 - Drone1.Telemetry - INFO - Telemetry stopped
2026-07-01 17:22:59,607 - Drone1.Communication - INFO - Communication stopped
2026-07-01 17:22:59,608 - Drone1.SimulationBackend - INFO - Stopping SimulationBackend...
2026-07-01 17:22:59,696 - Drone1.SimulationBackend - ERROR - Telemetry error: <AioRpcError of RPC that terminated with:
	status = StatusCode.UNAVAILABLE
	details = "failed to connect to all addresses; last error: UNKNOWN: ipv6:%5B::1%5D:50051: Failed to connect to remote host: Connection refused"
	debug_error_string = "UNAVAILABLE:failed to connect to all addresses; last error: UNKNOWN: ipv6:%5B::1%5D:50051: Failed to connect to remote host: Connection refused"
>
2026-07-01 17:23:00,698 - Drone1.SimulationBackend - ERROR - Telemetry error: <AioRpcError of RPC that terminated with:
	status = StatusCode.UNAVAILABLE
	details = "failed to connect to all addresses; last error: UNKNOWN: ipv6:%5B::1%5D:50051: Failed to connect to remote host: Connection refused"
	debug_error_string = "UNAVAILABLE:failed to connect to all addresses; last error: UNKNOWN: ipv6:%5B::1%5D:50051: Failed to connect to remote host: Connection refused"
>
2026-07-01 17:23:01,699 - Drone1.SimulationBackend - ERROR - Telemetry error: <AioRpcError of RPC that terminated with:
	status = StatusCode.UNAVAILABLE
	details = "failed to connect to all addresses; last error: UNKNOWN: ipv6:%5B::1%5D:50051: Failed to connect to remote host: Connection refused"
	debug_error_string = "UNAVAILABLE:failed to connect to all addresses; last error: UNKNOWN: ipv6:%5B::1%5D:50051: Failed to connect to remote host: Connection refused"
>
2026-07-01 17:23:02,700 - Drone1.SimulationBackend - ERROR - Telemetry error: <AioRpcError of RPC that terminated with:
	status = StatusCode.UNAVAILABLE
	details = "failed to connect to all addresses; last error: UNKNOWN: ipv6:%5B::1%5D:50051: Failed to connect to remote host: Connection refused"
	debug_error_string = "UNAVAILABLE:failed to connect to all addresses; last error: UNKNOWN: ipv6:%5B::1%5D:50051: Failed to connect to remote host: Connection refused"
>
2026-07-01 17:23:03,702 - Drone1.SimulationBackend - ERROR - Telemetry error: <AioRpcError of RPC that terminated with:
	status = StatusCode.UNAVAILABLE
	details = "failed to connect to all addresses; last error: UNKNOWN: ipv6:%5B::1%5D:50051: Failed to connect to remote host: Connection refused"
	debug_error_string = "UNAVAILABLE:failed to connect to all addresses; last error: UNKNOWN: ipv6:%5B::1%5D:50051: Failed to connect to remote host: Connection refused"
>
2026-07-01 17:23:04,608 - Drone1 - INFO - DroneAgent shutdown complete
2026-07-01 17:23:04,703 - Drone1.SimulationBackend - ERROR - Telemetry error: <AioRpcError of RPC that terminated with:
	status = StatusCode.UNAVAILABLE
	details = "failed to connect to all addresses; last error: UNKNOWN: ipv6:%5B::1%5D:50051: Failed to connect to remote host: Connection refused"
	debug_error_string = "UNAVAILABLE:failed to connect to all addresses; last error: UNKNOWN: ipv6:%5B::1%5D:50051: Failed to connect to remote host: Connection refused"
>
2026-07-01 17:23:05,704 - Drone1.SimulationBackend - ERROR - Telemetry error: <AioRpcError of RPC that terminated with:
	status = StatusCode.UNAVAILABLE
	details = "failed to connect to all addresses; last error: UNKNOWN: ipv6:%5B::1%5D:50051: Failed to connect to remote host: Connection refused"
	debug_error_string = "UNAVAILABLE:failed to connect to all addresses; last error: UNKNOWN: ipv6:%5B::1%5D:50051: Failed to connect to remote host: Connection refused"
>
2026-07-01 17:23:06,705 - Drone1.SimulationBackend - ERROR - Telemetry error: <AioRpcError of RPC that terminated with:
	status = StatusCode.UNAVAILABLE
	details = "failed to connect to all addresses; last error: UNKNOWN: ipv6:%5B::1%5D:50051: Failed to connect to remote host: Connection refused"
	debug_error_string = "UNAVAILABLE:failed to connect to all addresses; last error: UNKNOWN: ipv6:%5B::1%5D:50051: Failed to connect to remote host: Connection refused"
>
2026-07-01 17:23:07,706 - Drone1.SimulationBackend - ERROR - Telemetry error: <AioRpcError of RPC that terminated with:
	status = StatusCode.UNAVAILABLE
	details = "failed to connect to all addresses; last error: UNKNOWN: ipv6:%5B::1%5D:50051: Failed to connect to remote host: Connection refused"
	debug_error_string = "UNAVAILABLE:failed to connect to all addresses; last error: UNKNOWN: ipv6:%5B::1%5D:50051: Failed to connect to remote host: Connection refused"
>
2026-07-01 17:23:08,709 - Drone1.SimulationBackend - ERROR - Telemetry error: <AioRpcError of RPC that terminated with:
	status = StatusCode.UNAVAILABLE
	details = "failed to connect to all addresses; last error: UNKNOWN: ipv6:%5B::1%5D:50051: Failed to connect to remote host: Connection refused"
	debug_error_string = "UNAVAILABLE:failed to connect to all addresses; last error: UNKNOWN: ipv6:%5B::1%5D:50051: Failed to connect to remote host: Connection refused"
>
2026-07-01 17:23:09,710 - Drone1.SimulationBackend - ERROR - Telemetry error: <AioRpcError of RPC that terminated with:
	status = StatusCode.UNAVAILABLE
	details = "failed to connect to all addresses; last error: UNKNOWN: ipv6:%5B::1%5D:50051: Failed to connect to remote host: Connection refused"
	debug_error_string = "UNAVAILABLE:failed to connect to all addresses; last error: UNKNOWN: ipv6:%5B::1%5D:50051: Failed to connect to remote host: Connection refused"
>
2026-07-01 17:23:10,713 - Drone1.SimulationBackend - ERROR - Telemetry error: <AioRpcError of RPC that terminated with:
	status = StatusCode.UNAVAILABLE
	details = "failed to connect to all addresses; last error: UNKNOWN: ipv6:%5B::1%5D:50051: Failed to connect to remote host: Connection refused"
	debug_error_string = "UNAVAILABLE:failed to connect to all addresses; last error: UNKNOWN: ipv6:%5B::1%5D:50051: Failed to connect to remote host: Connection refused"
>
2026-07-01 17:23:11,714 - Drone1.SimulationBackend - ERROR - Telemetry error: <AioRpcError of RPC that terminated with:
	status = StatusCode.UNAVAILABLE
	details = "failed to connect to all addresses; last error: UNKNOWN: ipv6:%5B::1%5D:50051: Failed to connect to remote host: Connection refused"
	debug_error_string = "UNAVAILABLE:failed to connect to all addresses; last error: UNKNOWN: ipv6:%5B::1%5D:50051: Failed to connect to remote host: Connection refused"
>
2026-07-01 17:23:12,715 - Drone1.SimulationBackend - ERROR - Telemetry error: <AioRpcError of RPC that terminated with:
	status = StatusCode.UNAVAILABLE
	details = "failed to connect to all addresses; last error: UNKNOWN: ipv6:%5B::1%5D:50051: Failed to connect to remote host: Connection refused"
	debug_error_string = "UNAVAILABLE:failed to connect to all addresses; last error: UNKNOWN: ipv6:%5B::1%5D:50051: Failed to connect to remote host: Connection refused"
>
2026-07-01 17:23:13,716 - Drone1.SimulationBackend - ERROR - Telemetry error: <AioRpcError of RPC that terminated with:
	status = StatusCode.UNAVAILABLE
	details = "failed to connect to all addresses; last error: UNKNOWN: ipv6:%5B::1%5D:50051: Failed to connect to remote host: Connection refused"
	debug_error_string = "UNAVAILABLE:failed to connect to all addresses; last error: UNKNOWN: ipv6:%5B::1%5D:50051: Failed to connect to remote host: Connection refused"
>
2026-07-01 17:23:14,719 - Drone1.SimulationBackend - ERROR - Telemetry error: <AioRpcError of RPC that terminated with:
	status = StatusCode.UNAVAILABLE
	details = "failed to connect to all addresses; last error: UNKNOWN: ipv6:%5B::1%5D:50051: Failed to connect to remote host: Connection refused"
	debug_error_string = "UNAVAILABLE:failed to connect to all addresses; last error: UNKNOWN: ipv6:%5B::1%5D:50051: Failed to connect to remote host: Connection refused"
>
2026-07-01 17:23:15,720 - Drone1.SimulationBackend - ERROR - Telemetry error: <AioRpcError of RPC that terminated with:
	status = StatusCode.UNAVAILABLE
	details = "failed to connect to all addresses; last error: UNKNOWN: ipv6:%5B::1%5D:50051: Failed to connect to remote host: Connection refused"
	debug_error_string = "UNAVAILABLE:failed to connect to all addresses; last error: UNKNOWN: ipv6:%5B::1%5D:50051: Failed to connect to remote host: Connection refused"
>
2026-07-01 17:23:16,721 - Drone1.SimulationBackend - ERROR - Telemetry error: <AioRpcError of RPC that terminated with:
	status = StatusCode.UNAVAILABLE
	details = "failed to connect to all addresses; last error: UNKNOWN: ipv6:%5B::1%5D:50051: Failed to connect to remote host: Connection refused"
	debug_error_string = "UNAVAILABLE:failed to connect to all addresses; last error: UNKNOWN: ipv6:%5B::1%5D:50051: Failed to connect to remote host: Connection refused"
>
2026-07-01 17:23:17,723 - Drone1.SimulationBackend - ERROR - Telemetry error: <AioRpcError of RPC that terminated with:
	status = StatusCode.UNAVAILABLE
	details = "failed to connect to all addresses; last error: UNKNOWN: ipv6:%5B::1%5D:50051: Failed to connect to remote host: Connection refused"
	debug_error_string = "UNAVAILABLE:failed to connect to all addresses; last error: UNKNOWN: ipv6:%5B::1%5D:50051: Failed to connect to remote host: Connection refused"
>
2026-07-01 17:23:18,724 - Drone1.SimulationBackend - ERROR - Telemetry error: <AioRpcError of RPC that terminated with:
	status = StatusCode.UNAVAILABLE
	details = "failed to connect to all addresses; last error: UNKNOWN: ipv6:%5B::1%5D:50051: Failed to connect to remote host: Connection refused"
	debug_error_string = "UNAVAILABLE:failed to connect to all addresses; last error: UNKNOWN: ipv6:%5B::1%5D:50051: Failed to connect to remote host: Connection refused"
>
2026-07-01 17:23:19,725 - Drone1.SimulationBackend - ERROR - Telemetry error: <AioRpcError of RPC that terminated with:
	status = StatusCode.UNAVAILABLE
	details = "failed to connect to all addresses; last error: UNKNOWN: ipv6:%5B::1%5D:50051: Failed to connect to remote host: Connection refused"
	debug_error_string = "UNAVAILABLE:failed to connect to all addresses; last error: UNKNOWN: ipv6:%5B::1%5D:50051: Failed to connect to remote host: Connection refused"
>
2026-07-01 17:23:20,727 - Drone1.SimulationBackend - ERROR - Telemetry error: <AioRpcError of RPC that terminated with:
	status = StatusCode.UNAVAILABLE
	details = "failed to connect to all addresses; last error: UNKNOWN: ipv6:%5B::1%5D:50051: Failed to connect to remote host: Connection refused"
	debug_error_string = "UNAVAILABLE:failed to connect to all addresses; last error: UNKNOWN: ipv6:%5B::1%5D:50051: Failed to connect to remote host: Connection refused"
>
2026-07-01 17:23:21,728 - Drone1.SimulationBackend - ERROR - Telemetry error: <AioRpcError of RPC that terminated with:
	status = StatusCode.UNAVAILABLE
	details = "failed to connect to all addresses; last error: UNKNOWN: ipv6:%5B::1%5D:50051: Failed to connect to remote host: Connection refused"
	debug_error_string = "UNAVAILABLE:failed to connect to all addresses; last error: UNKNOWN: ipv6:%5B::1%5D:50051: Failed to connect to remote host: Connection refused"
>
2026-07-01 17:23:22,731 - Drone1.SimulationBackend - ERROR - Telemetry error: <AioRpcError of RPC that terminated with:
	status = StatusCode.UNAVAILABLE
	details = "failed to connect to all addresses; last error: UNKNOWN: ipv6:%5B::1%5D:50051: Failed to connect to remote host: Connection refused"
	debug_error_string = "UNAVAILABLE:failed to connect to all addresses; last error: UNKNOWN: ipv6:%5B::1%5D:50051: Failed to connect to remote host: Connection refused"
>
2026-07-01 17:23:23,733 - Drone1.SimulationBackend - ERROR - Telemetry error: <AioRpcError of RPC that terminated with:
	status = StatusCode.UNAVAILABLE
	details = "failed to connect to all addresses; last error: UNKNOWN: ipv6:%5B::1%5D:50051: Failed to connect to remote host: Connection refused"
	debug_error_string = "UNAVAILABLE:failed to connect to all addresses; last error: UNKNOWN: ipv6:%5B::1%5D:50051: Failed to connect to remote host: Connection refused"
>
2026-07-01 17:23:24,735 - Drone1.SimulationBackend - ERROR - Telemetry error: <AioRpcError of RPC that terminated with:
	status = StatusCode.UNAVAILABLE
	details = "failed to connect to all addresses; last error: UNKNOWN: ipv6:%5B::1%5D:50051: Failed to connect to remote host: Connection refused"
	debug_error_string = "UNAVAILABLE:failed to connect to all addresses; last error: UNKNOWN: ipv6:%5B::1%5D:50051: Failed to connect to remote host: Connection refused"
>
2026-07-01 17:23:25,737 - Drone1.SimulationBackend - ERROR - Telemetry error: <AioRpcError of RPC that terminated with:
	status = StatusCode.UNAVAILABLE
	details = "failed to connect to all addresses; last error: UNKNOWN: ipv6:%5B::1%5D:50051: Failed to connect to remote host: Connection refused"
	debug_error_string = "UNAVAILABLE:failed to connect to all addresses; last error: UNKNOWN: ipv6:%5B::1%5D:50051: Failed to connect to remote host: Connection refused"
>
2026-07-01 17:23:26,740 - Drone1.SimulationBackend - ERROR - Telemetry error: <AioRpcError of RPC that terminated with:
	status = StatusCode.UNAVAILABLE
	details = "failed to connect to all addresses; last error: UNKNOWN: ipv6:%5B::1%5D:50051: Failed to connect to remote host: Connection refused"
	debug_error_string = "UNAVAILABLE:failed to connect to all addresses; last error: UNKNOWN: ipv6:%5B::1%5D:50051: Failed to connect to remote host: Connection refused"
>
2026-07-01 17:23:27,741 - Drone1.SimulationBackend - ERROR - Telemetry error: <AioRpcError of RPC that terminated with:
	status = StatusCode.UNAVAILABLE
	details = "failed to connect to all addresses; last error: UNKNOWN: ipv6:%5B::1%5D:50051: Failed to connect to remote host: Connection refused"
	debug_error_string = "UNAVAILABLE:failed to connect to all addresses; last error: UNKNOWN: ipv6:%5B::1%5D:50051: Failed to connect to remote host: Connection refused"
>
2026-07-01 17:23:28,743 - Drone1.SimulationBackend - ERROR - Telemetry error: <AioRpcError of RPC that terminated with:
	status = StatusCode.UNAVAILABLE
	details = "failed to connect to all addresses; last error: UNKNOWN: ipv6:%5B::1%5D:50051: Failed to connect to remote host: Connection refused"
	debug_error_string = "UNAVAILABLE:failed to connect to all addresses; last error: UNKNOWN: ipv6:%5B::1%5D:50051: Failed to connect to remote host: Connection refused"
>
2026-07-01 17:23:29,745 - Drone1.SimulationBackend - ERROR - Telemetry error: <AioRpcError of RPC that terminated with:
	status = StatusCode.UNAVAILABLE
	details = "failed to connect to all addresses; last error: UNKNOWN: ipv6:%5B::1%5D:50051: Failed to connect to remote host: Connection refused"
	debug_error_string = "UNAVAILABLE:failed to connect to all addresses; last error: UNKNOWN: ipv6:%5B::1%5D:50051: Failed to connect to remote host: Connection refused"
>
2026-07-01 17:23:30,747 - Drone1.SimulationBackend - ERROR - Telemetry error: <AioRpcError of RPC that terminated with:
	status = StatusCode.UNAVAILABLE
	details = "failed to connect to all addresses; last error: UNKNOWN: ipv6:%5B::1%5D:50051: Failed to connect to remote host: Connection refused"
	debug_error_string = "UNAVAILABLE:failed to connect to all addresses; last error: UNKNOWN: ipv6:%5B::1%5D:50051: Failed to connect to remote host: Connection refused"
>
2026-07-01 17:23:31,748 - Drone1.SimulationBackend - ERROR - Telemetry error: <AioRpcError of RPC that terminated with:
	status = StatusCode.UNAVAILABLE
	details = "failed to connect to all addresses; last error: UNKNOWN: ipv6:%5B::1%5D:50051: Failed to connect to remote host: Connection refused"
	debug_error_string = "UNAVAILABLE:failed to connect to all addresses; last error: UNKNOWN: ipv6:%5B::1%5D:50051: Failed to connect to remote host: Connection refused"
>
2026-07-01 17:23:32,749 - Drone1.SimulationBackend - ERROR - Telemetry error: <AioRpcError of RPC that terminated with:
	status = StatusCode.UNAVAILABLE
	details = "failed to connect to all addresses; last error: UNKNOWN: ipv6:%5B::1%5D:50051: Failed to connect to remote host: Connection refused"
	debug_error_string = "UNAVAILABLE:failed to connect to all addresses; last error: UNKNOWN: ipv6:%5B::1%5D:50051: Failed to connect to remote host: Connection refused"
>
2026-07-01 17:23:33,750 - Drone1.SimulationBackend - ERROR - Telemetry error: <AioRpcError of RPC that terminated with:
	status = StatusCode.UNAVAILABLE
	details = "failed to connect to all addresses; last error: UNKNOWN: ipv6:%5B::1%5D:50051: Failed to connect to remote host: Connection refused"
	debug_error_string = "UNAVAILABLE:failed to connect to all addresses; last error: UNKNOWN: ipv6:%5B::1%5D:50051: Failed to connect to remote host: Connection refused"
>
2026-07-01 17:23:34,752 - Drone1.SimulationBackend - ERROR - Telemetry error: <AioRpcError of RPC that terminated with:
	status = StatusCode.UNAVAILABLE
	details = "failed to connect to all addresses; last error: UNKNOWN: ipv6:%5B::1%5D:50051: Failed to connect to remote host: Connection refused"
	debug_error_string = "UNAVAILABLE:failed to connect to all addresses; last error: UNKNOWN: ipv6:%5B::1%5D:50051: Failed to connect to remote host: Connection refused"
>
2026-07-01 17:23:35,753 - Drone1.SimulationBackend - ERROR - Telemetry error: <AioRpcError of RPC that terminated with:
	status = StatusCode.UNAVAILABLE
	details = "failed to connect to all addresses; last error: UNKNOWN: ipv6:%5B::1%5D:50051: Failed to connect to remote host: Connection refused"
	debug_error_string = "UNAVAILABLE:failed to connect to all addresses; last error: UNKNOWN: ipv6:%5B::1%5D:50051: Failed to connect to remote host: Connection refused"
>
2026-07-01 17:23:36,756 - Drone1.SimulationBackend - ERROR - Telemetry error: <AioRpcError of RPC that terminated with:
	status = StatusCode.UNAVAILABLE
	details = "failed to connect to all addresses; last error: UNKNOWN: ipv6:%5B::1%5D:50051: Failed to connect to remote host: Connection refused"
	debug_error_string = "UNAVAILABLE:failed to connect to all addresses; last error: UNKNOWN: ipv6:%5B::1%5D:50051: Failed to connect to remote host: Connection refused"
>
2026-07-01 17:23:37,757 - Drone1.SimulationBackend - ERROR - Telemetry error: <AioRpcError of RPC that terminated with:
	status = StatusCode.UNAVAILABLE
	details = "failed to connect to all addresses; last error: UNKNOWN: ipv6:%5B::1%5D:50051: Failed to connect to remote host: Connection refused"
	debug_error_string = "UNAVAILABLE:failed to connect to all addresses; last error: UNKNOWN: ipv6:%5B::1%5D:50051: Failed to connect to remote host: Connection refused"
>
2026-07-01 17:23:38,758 - Drone1.SimulationBackend - ERROR - Telemetry error: <AioRpcError of RPC that terminated with:
	status = StatusCode.UNAVAILABLE
	details = "failed to connect to all addresses; last error: UNKNOWN: ipv6:%5B::1%5D:50051: Failed to connect to remote host: Connection refused"
	debug_error_string = "UNAVAILABLE:failed to connect to all addresses; last error: UNKNOWN: ipv6:%5B::1%5D:50051: Failed to connect to remote host: Connection refused"
>
2026-07-01 17:23:39,759 - Drone1.SimulationBackend - ERROR - Telemetry error: <AioRpcError of RPC that terminated with:
	status = StatusCode.UNAVAILABLE
	details = "failed to connect to all addresses; last error: UNKNOWN: ipv6:%5B::1%5D:50051: Failed to connect to remote host: Connection refused"
	debug_error_string = "UNAVAILABLE:failed to connect to all addresses; last error: UNKNOWN: ipv6:%5B::1%5D:50051: Failed to connect to remote host: Connection refused"
>
2026-07-01 17:23:40,761 - Drone1.SimulationBackend - ERROR - Telemetry error: <AioRpcError of RPC that terminated with:
	status = StatusCode.UNAVAILABLE
	details = "failed to connect to all addresses; last error: UNKNOWN: ipv6:%5B::1%5D:50051: Failed to connect to remote host: Connection refused"
	debug_error_string = "UNAVAILABLE:failed to connect to all addresses; last error: UNKNOWN: ipv6:%5B::1%5D:50051: Failed to connect to remote host: Connection refused"
>
2026-07-01 17:23:41,762 - Drone1.SimulationBackend - ERROR - Telemetry error: <AioRpcError of RPC that terminated with:
	status = StatusCode.UNAVAILABLE
	details = "failed to connect to all addresses; last error: UNKNOWN: ipv6:%5B::1%5D:50051: Failed to connect to remote host: Connection refused"
	debug_error_string = "UNAVAILABLE:failed to connect to all addresses; last error: UNKNOWN: ipv6:%5B::1%5D:50051: Failed to connect to remote host: Connection refused"
>
2026-07-01 17:23:42,763 - Drone1.SimulationBackend - ERROR - Telemetry error: <AioRpcError of RPC that terminated with:
	status = StatusCode.UNAVAILABLE
	details = "failed to connect to all addresses; last error: UNKNOWN: ipv6:%5B::1%5D:50051: Failed to connect to remote host: Connection refused"
	debug_error_string = "UNAVAILABLE:failed to connect to all addresses; last error: UNKNOWN: ipv6:%5B::1%5D:50051: Failed to connect to remote host: Connection refused"
>
2026-07-01 17:23:43,764 - Drone1.SimulationBackend - ERROR - Telemetry error: <AioRpcError of RPC that terminated with:
	status = StatusCode.UNAVAILABLE
	details = "failed to connect to all addresses; last error: UNKNOWN: ipv6:%5B::1%5D:50051: Failed to connect to remote host: Connection refused"
	debug_error_string = "UNAVAILABLE:failed to connect to all addresses; last error: UNKNOWN: ipv6:%5B::1%5D:50051: Failed to connect to remote host: Connection refused"
>
2026-07-01 17:23:44,765 - Drone1.SimulationBackend - ERROR - Telemetry error: <AioRpcError of RPC that terminated with:
	status = StatusCode.UNAVAILABLE
	details = "failed to connect to all addresses; last error: UNKNOWN: ipv6:%5B::1%5D:50051: Failed to connect to remote host: Connection refused"
	debug_error_string = "UNAVAILABLE:failed to connect to all addresses; last error: UNKNOWN: ipv6:%5B::1%5D:50051: Failed to connect to remote host: Connection refused"
>
2026-07-01 17:23:45,767 - Drone1.SimulationBackend - ERROR - Telemetry error: <AioRpcError of RPC that terminated with:
	status = StatusCode.UNAVAILABLE
	details = "failed to connect to all addresses; last error: UNKNOWN: ipv6:%5B::1%5D:50051: Failed to connect to remote host: Connection refused"
	debug_error_string = "UNAVAILABLE:failed to connect to all addresses; last error: UNKNOWN: ipv6:%5B::1%5D:50051: Failed to connect to remote host: Connection refused"
>
2026-07-01 17:23:46,768 - Drone1.SimulationBackend - ERROR - Telemetry error: <AioRpcError of RPC that terminated with:
	status = StatusCode.UNAVAILABLE
	details = "failed to connect to all addresses; last error: UNKNOWN: ipv6:%5B::1%5D:50051: Failed to connect to remote host: Connection refused"
	debug_error_string = "UNAVAILABLE:failed to connect to all addresses; last error: UNKNOWN: ipv6:%5B::1%5D:50051: Failed to connect to remote host: Connection refused"
>
2026-07-01 17:23:47,769 - Drone1.SimulationBackend - ERROR - Telemetry error: <AioRpcError of RPC that terminated with:
	status = StatusCode.UNAVAILABLE
	details = "failed to connect to all addresses; last error: UNKNOWN: ipv6:%5B::1%5D:50051: Failed to connect to remote host: Connection refused"
	debug_error_string = "UNAVAILABLE:failed to connect to all addresses; last error: UNKNOWN: ipv6:%5B::1%5D:50051: Failed to connect to remote host: Connection refused"
>
2026-07-01 17:23:48,770 - Drone1.SimulationBackend - ERROR - Telemetry error: <AioRpcError of RPC that terminated with:
	status = StatusCode.UNAVAILABLE
	details = "failed to connect to all addresses; last error: UNKNOWN: ipv6:%5B::1%5D:50051: Failed to connect to remote host: Connection refused"
	debug_error_string = "UNAVAILABLE:failed to connect to all addresses; last error: UNKNOWN: ipv6:%5B::1%5D:50051: Failed to connect to remote host: Connection refused"
>
2026-07-01 17:23:49,772 - Drone1.SimulationBackend - ERROR - Telemetry error: <AioRpcError of RPC that terminated with:
	status = StatusCode.UNAVAILABLE
	details = "failed to connect to all addresses; last error: UNKNOWN: ipv6:%5B::1%5D:50051: Failed to connect to remote host: Connection refused"
	debug_error_string = "UNAVAILABLE:failed to connect to all addresses; last error: UNKNOWN: ipv6:%5B::1%5D:50051: Failed to connect to remote host: Connection refused"
>
2026-07-01 17:23:50,773 - Drone1.SimulationBackend - ERROR - Telemetry error: <AioRpcError of RPC that terminated with:
	status = StatusCode.UNAVAILABLE
	details = "failed to connect to all addresses; last error: UNKNOWN: ipv6:%5B::1%5D:50051: Failed to connect to remote host: Connection refused"
	debug_error_string = "UNAVAILABLE:failed to connect to all addresses; last error: UNKNOWN: ipv6:%5B::1%5D:50051: Failed to connect to remote host: Connection refused"
>
2026-07-01 17:23:51,775 - Drone1.SimulationBackend - ERROR - Telemetry error: <AioRpcError of RPC that terminated with:
	status = StatusCode.UNAVAILABLE
	details = "failed to connect to all addresses; last error: UNKNOWN: ipv6:%5B::1%5D:50051: Failed to connect to remote host: Connection refused"
	debug_error_string = "UNAVAILABLE:failed to connect to all addresses; last error: UNKNOWN: ipv6:%5B::1%5D:50051: Failed to connect to remote host: Connection refused"
>
2026-07-01 17:23:52,776 - Drone1.SimulationBackend - ERROR - Telemetry error: <AioRpcError of RPC that terminated with:
	status = StatusCode.UNAVAILABLE
	details = "failed to connect to all addresses; last error: UNKNOWN: ipv6:%5B::1%5D:50051: Failed to connect to remote host: Connection refused"
	debug_error_string = "UNAVAILABLE:failed to connect to all addresses; last error: UNKNOWN: ipv6:%5B::1%5D:50051: Failed to connect to remote host: Connection refused"
>
2026-07-01 17:23:53,777 - Drone1.SimulationBackend - ERROR - Telemetry error: <AioRpcError of RPC that terminated with:
	status = StatusCode.UNAVAILABLE
	details = "failed to connect to all addresses; last error: UNKNOWN: ipv6:%5B::1%5D:50051: Failed to connect to remote host: Connection refused"
	debug_error_string = "UNAVAILABLE:failed to connect to all addresses; last error: UNKNOWN: ipv6:%5B::1%5D:50051: Failed to connect to remote host: Connection refused"
>
2026-07-01 17:23:54,778 - Drone1.SimulationBackend - ERROR - Telemetry error: <AioRpcError of RPC that terminated with:
	status = StatusCode.UNAVAILABLE
	details = "failed to connect to all addresses; last error: UNKNOWN: ipv6:%5B::1%5D:50051: Failed to connect to remote host: Connection refused"
	debug_error_string = "UNAVAILABLE:failed to connect to all addresses; last error: UNKNOWN: ipv6:%5B::1%5D:50051: Failed to connect to remote host: Connection refused"
>
2026-07-01 17:23:55,779 - Drone1.SimulationBackend - ERROR - Telemetry error: <AioRpcError of RPC that terminated with:
	status = StatusCode.UNAVAILABLE
	details = "failed to connect to all addresses; last error: UNKNOWN: ipv6:%5B::1%5D:50051: Failed to connect to remote host: Connection refused"
	debug_error_string = "UNAVAILABLE:failed to connect to all addresses; last error: UNKNOWN: ipv6:%5B::1%5D:50051: Failed to connect to remote host: Connection refused"
>
2026-07-01 17:23:56,780 - Drone1.SimulationBackend - ERROR - Telemetry error: <AioRpcError of RPC that terminated with:
	status = StatusCode.UNAVAILABLE
	details = "failed to connect to all addresses; last error: UNKNOWN: ipv6:%5B::1%5D:50051: Failed to connect to remote host: Connection refused"
	debug_error_string = "UNAVAILABLE:failed to connect to all addresses; last error: UNKNOWN: ipv6:%5B::1%5D:50051: Failed to connect to remote host: Connection refused"
>
2026-07-01 17:23:57,781 - Drone1.SimulationBackend - ERROR - Telemetry error: <AioRpcError of RPC that terminated with:
	status = StatusCode.UNAVAILABLE
	details = "failed to connect to all addresses; last error: UNKNOWN: ipv6:%5B::1%5D:50051: Failed to connect to remote host: Connection refused"
	debug_error_string = "UNAVAILABLE:failed to connect to all addresses; last error: UNKNOWN: ipv6:%5B::1%5D:50051: Failed to connect to remote host: Connection refused"
>
2026-07-01 17:23:58,782 - Drone1.SimulationBackend - ERROR - Telemetry error: <AioRpcError of RPC that terminated with:
	status = StatusCode.UNAVAILABLE
	details = "failed to connect to all addresses; last error: UNKNOWN: ipv6:%5B::1%5D:50051: Failed to connect to remote host: Connection refused"
	debug_error_string = "UNAVAILABLE:failed to connect to all addresses; last error: UNKNOWN: ipv6:%5B::1%5D:50051: Failed to connect to remote host: Connection refused"
>
2026-07-01 17:23:59,783 - Drone1.SimulationBackend - ERROR - Telemetry error: <AioRpcError of RPC that terminated with:
	status = StatusCode.UNAVAILABLE
	details = "failed to connect to all addresses; last error: UNKNOWN: ipv6:%5B::1%5D:50051: Failed to connect to remote host: Connection refused"
	debug_error_string = "UNAVAILABLE:failed to connect to all addresses; last error: UNKNOWN: ipv6:%5B::1%5D:50051: Failed to connect to remote host: Connection refused"
>
2026-07-01 17:24:00,784 - Drone1.SimulationBackend - ERROR - Telemetry error: <AioRpcError of RPC that terminated with:
	status = StatusCode.UNAVAILABLE
	details = "failed to connect to all addresses; last error: UNKNOWN: ipv6:%5B::1%5D:50051: Failed to connect to remote host: Connection refused"
	debug_error_string = "UNAVAILABLE:failed to connect to all addresses; last error: UNKNOWN: ipv6:%5B::1%5D:50051: Failed to connect to remote host: Connection refused"
>
2026-07-01 17:24:01,787 - Drone1.SimulationBackend - ERROR - Telemetry error: <AioRpcError of RPC that terminated with:
	status = StatusCode.UNAVAILABLE
	details = "failed to connect to all addresses; last error: UNKNOWN: ipv6:%5B::1%5D:50051: Failed to connect to remote host: Connection refused"
	debug_error_string = "UNAVAILABLE:failed to connect to all addresses; last error: UNKNOWN: ipv6:%5B::1%5D:50051: Failed to connect to remote host: Connection refused"
>
2026-07-01 17:24:02,788 - Drone1.SimulationBackend - ERROR - Telemetry error: <AioRpcError of RPC that terminated with:
	status = StatusCode.UNAVAILABLE
	details = "failed to connect to all addresses; last error: UNKNOWN: ipv6:%5B::1%5D:50051: Failed to connect to remote host: Connection refused"
	debug_error_string = "UNAVAILABLE:failed to connect to all addresses; last error: UNKNOWN: ipv6:%5B::1%5D:50051: Failed to connect to remote host: Connection refused"
>
2026-07-01 17:24:03,789 - Drone1.SimulationBackend - ERROR - Telemetry error: <AioRpcError of RPC that terminated with:
	status = StatusCode.UNAVAILABLE
	details = "failed to connect to all addresses; last error: UNKNOWN: ipv6:%5B::1%5D:50051: Failed to connect to remote host: Connection refused"
	debug_error_string = "UNAVAILABLE:failed to connect to all addresses; last error: UNKNOWN: ipv6:%5B::1%5D:50051: Failed to connect to remote host: Connection refused"
>
2026-07-01 17:24:04,791 - Drone1.SimulationBackend - ERROR - Telemetry error: <AioRpcError of RPC that terminated with:
	status = StatusCode.UNAVAILABLE
	details = "failed to connect to all addresses; last error: UNKNOWN: ipv6:%5B::1%5D:50051: Failed to connect to remote host: Connection refused"
	debug_error_string = "UNAVAILABLE:failed to connect to all addresses; last error: UNKNOWN: ipv6:%5B::1%5D:50051: Failed to connect to remote host: Connection refused"
>
2026-07-01 17:24:05,792 - Drone1.SimulationBackend - ERROR - Telemetry error: <AioRpcError of RPC that terminated with:
	status = StatusCode.UNAVAILABLE
	details = "failed to connect to all addresses; last error: UNKNOWN: ipv6:%5B::1%5D:50051: Failed to connect to remote host: Connection refused"
	debug_error_string = "UNAVAILABLE:failed to connect to all addresses; last error: UNKNOWN: ipv6:%5B::1%5D:50051: Failed to connect to remote host: Connection refused"
>
2026-07-01 17:24:06,794 - Drone1.SimulationBackend - ERROR - Telemetry error: <AioRpcError of RPC that terminated with:
	status = StatusCode.UNAVAILABLE
	details = "failed to connect to all addresses; last error: UNKNOWN: ipv6:%5B::1%5D:50051: Failed to connect to remote host: Connection refused"
	debug_error_string = "UNAVAILABLE:failed to connect to all addresses; last error: UNKNOWN: ipv6:%5B::1%5D:50051: Failed to connect to remote host: Connection refused"
>
2026-07-01 17:24:07,795 - Drone1.SimulationBackend - ERROR - Telemetry error: <AioRpcError of RPC that terminated with:
	status = StatusCode.UNAVAILABLE
	details = "failed to connect to all addresses; last error: UNKNOWN: ipv6:%5B::1%5D:50051: Failed to connect to remote host: Connection refused"
	debug_error_string = "UNAVAILABLE:failed to connect to all addresses; last error: UNKNOWN: ipv6:%5B::1%5D:50051: Failed to connect to remote host: Connection refused"
>
2026-07-01 17:24:08,797 - Drone1.SimulationBackend - ERROR - Telemetry error: <AioRpcError of RPC that terminated with:
	status = StatusCode.UNAVAILABLE
	details = "failed to connect to all addresses; last error: UNKNOWN: ipv6:%5B::1%5D:50051: Failed to connect to remote host: Connection refused"
	debug_error_string = "UNAVAILABLE:failed to connect to all addresses; last error: UNKNOWN: ipv6:%5B::1%5D:50051: Failed to connect to remote host: Connection refused"
>
2026-07-01 17:24:09,799 - Drone1.SimulationBackend - ERROR - Telemetry error: <AioRpcError of RPC that terminated with:
	status = StatusCode.UNAVAILABLE
	details = "failed to connect to all addresses; last error: UNKNOWN: ipv6:%5B::1%5D:50051: Failed to connect to remote host: Connection refused"
	debug_error_string = "UNAVAILABLE:failed to connect to all addresses; last error: UNKNOWN: ipv6:%5B::1%5D:50051: Failed to connect to remote host: Connection refused"
>
2026-07-01 17:24:10,800 - Drone1.SimulationBackend - ERROR - Telemetry error: <AioRpcError of RPC that terminated with:
	status = StatusCode.UNAVAILABLE
	details = "failed to connect to all addresses; last error: UNKNOWN: ipv6:%5B::1%5D:50051: Failed to connect to remote host: Connection refused"
	debug_error_string = "UNAVAILABLE:failed to connect to all addresses; last error: UNKNOWN: ipv6:%5B::1%5D:50051: Failed to connect to remote host: Connection refused"
>
2026-07-01 17:24:11,801 - Drone1.SimulationBackend - ERROR - Telemetry error: <AioRpcError of RPC that terminated with:
	status = StatusCode.UNAVAILABLE
	details = "failed to connect to all addresses; last error: UNKNOWN: ipv6:%5B::1%5D:50051: Failed to connect to remote host: Connection refused"
	debug_error_string = "UNAVAILABLE:failed to connect to all addresses; last error: UNKNOWN: ipv6:%5B::1%5D:50051: Failed to connect to remote host: Connection refused"
>
2026-07-01 17:24:12,803 - Drone1.SimulationBackend - ERROR - Telemetry error: <AioRpcError of RPC that terminated with:
	status = StatusCode.UNAVAILABLE
	details = "failed to connect to all addresses; last error: UNKNOWN: ipv6:%5B::1%5D:50051: Failed to connect to remote host: Connection refused"
	debug_error_string = "UNAVAILABLE:failed to connect to all addresses; last error: UNKNOWN: ipv6:%5B::1%5D:50051: Failed to connect to remote host: Connection refused"
>
2026-07-01 17:24:13,804 - Drone1.SimulationBackend - ERROR - Telemetry error: <AioRpcError of RPC that terminated with:
	status = StatusCode.UNAVAILABLE
	details = "failed to connect to all addresses; last error: UNKNOWN: ipv6:%5B::1%5D:50051: Failed to connect to remote host: Connection refused"
	debug_error_string = "UNAVAILABLE:failed to connect to all addresses; last error: UNKNOWN: ipv6:%5B::1%5D:50051: Failed to connect to remote host: Connection refused"
>
2026-07-01 17:24:14,805 - Drone1.SimulationBackend - ERROR - Telemetry error: <AioRpcError of RPC that terminated with:
	status = StatusCode.UNAVAILABLE
	details = "failed to connect to all addresses; last error: UNKNOWN: ipv6:%5B::1%5D:50051: Failed to connect to remote host: Connection refused"
	debug_error_string = "UNAVAILABLE:failed to connect to all addresses; last error: UNKNOWN: ipv6:%5B::1%5D:50051: Failed to connect to remote host: Connection refused"
>
2026-07-01 17:24:15,806 - Drone1.SimulationBackend - ERROR - Telemetry error: <AioRpcError of RPC that terminated with:
	status = StatusCode.UNAVAILABLE
	details = "failed to connect to all addresses; last error: UNKNOWN: ipv6:%5B::1%5D:50051: Failed to connect to remote host: Connection refused"
	debug_error_string = "UNAVAILABLE:failed to connect to all addresses; last error: UNKNOWN: ipv6:%5B::1%5D:50051: Failed to connect to remote host: Connection refused"
>
2026-07-01 17:24:16,807 - Drone1.SimulationBackend - ERROR - Telemetry error: <AioRpcError of RPC that terminated with:
	status = StatusCode.UNAVAILABLE
	details = "failed to connect to all addresses; last error: UNKNOWN: ipv6:%5B::1%5D:50051: Failed to connect to remote host: Connection refused"
	debug_error_string = "UNAVAILABLE:failed to connect to all addresses; last error: UNKNOWN: ipv6:%5B::1%5D:50051: Failed to connect to remote host: Connection refused"
>
2026-07-01 17:24:17,809 - Drone1.SimulationBackend - ERROR - Telemetry error: <AioRpcError of RPC that terminated with:
	status = StatusCode.UNAVAILABLE
	details = "failed to connect to all addresses; last error: UNKNOWN: ipv6:%5B::1%5D:50051: Failed to connect to remote host: Connection refused"
	debug_error_string = "UNAVAILABLE:failed to connect to all addresses; last error: UNKNOWN: ipv6:%5B::1%5D:50051: Failed to connect to remote host: Connection refused"
>
2026-07-01 17:24:18,811 - Drone1.SimulationBackend - ERROR - Telemetry error: <AioRpcError of RPC that terminated with:
	status = StatusCode.UNAVAILABLE
	details = "failed to connect to all addresses; last error: UNKNOWN: ipv6:%5B::1%5D:50051: Failed to connect to remote host: Connection refused"
	debug_error_string = "UNAVAILABLE:failed to connect to all addresses; last error: UNKNOWN: ipv6:%5B::1%5D:50051: Failed to connect to remote host: Connection refused"
>
2026-07-01 17:24:19,812 - Drone1.SimulationBackend - ERROR - Telemetry error: <AioRpcError of RPC that terminated with:
	status = StatusCode.UNAVAILABLE
	details = "failed to connect to all addresses; last error: UNKNOWN: ipv6:%5B::1%5D:50051: Failed to connect to remote host: Connection refused"
	debug_error_string = "UNAVAILABLE:failed to connect to all addresses; last error: UNKNOWN: ipv6:%5B::1%5D:50051: Failed to connect to remote host: Connection refused"
>
2026-07-01 17:24:20,813 - Drone1.SimulationBackend - ERROR - Telemetry error: <AioRpcError of RPC that terminated with:
	status = StatusCode.UNAVAILABLE
	details = "failed to connect to all addresses; last error: UNKNOWN: ipv6:%5B::1%5D:50051: Failed to connect to remote host: Connection refused"
	debug_error_string = "UNAVAILABLE:failed to connect to all addresses; last error: UNKNOWN: ipv6:%5B::1%5D:50051: Failed to connect to remote host: Connection refused"
>
2026-07-01 17:24:21,814 - Drone1.SimulationBackend - ERROR - Telemetry error: <AioRpcError of RPC that terminated with:
	status = StatusCode.UNAVAILABLE
	details = "failed to connect to all addresses; last error: UNKNOWN: ipv6:%5B::1%5D:50051: Failed to connect to remote host: Connection refused"
	debug_error_string = "UNAVAILABLE:failed to connect to all addresses; last error: UNKNOWN: ipv6:%5B::1%5D:50051: Failed to connect to remote host: Connection refused"
>
2026-07-01 17:24:22,815 - Drone1.SimulationBackend - ERROR - Telemetry error: <AioRpcError of RPC that terminated with:
	status = StatusCode.UNAVAILABLE
	details = "failed to connect to all addresses; last error: UNKNOWN: ipv6:%5B::1%5D:50051: Failed to connect to remote host: Connection refused"
	debug_error_string = "UNAVAILABLE:failed to connect to all addresses; last error: UNKNOWN: ipv6:%5B::1%5D:50051: Failed to connect to remote host: Connection refused"
>
2026-07-01 17:24:23,817 - Drone1.SimulationBackend - ERROR - Telemetry error: <AioRpcError of RPC that terminated with:
	status = StatusCode.UNAVAILABLE
	details = "failed to connect to all addresses; last error: UNKNOWN: ipv6:%5B::1%5D:50051: Failed to connect to remote host: Connection refused"
	debug_error_string = "UNAVAILABLE:failed to connect to all addresses; last error: UNKNOWN: ipv6:%5B::1%5D:50051: Failed to connect to remote host: Connection refused"
>
2026-07-01 17:24:24,818 - Drone1.SimulationBackend - ERROR - Telemetry error: <AioRpcError of RPC that terminated with:
	status = StatusCode.UNAVAILABLE
	details = "failed to connect to all addresses; last error: UNKNOWN: ipv6:%5B::1%5D:50051: Failed to connect to remote host: Connection refused"
	debug_error_string = "UNAVAILABLE:failed to connect to all addresses; last error: UNKNOWN: ipv6:%5B::1%5D:50051: Failed to connect to remote host: Connection refused"
>
2026-07-01 17:24:25,819 - Drone1.SimulationBackend - ERROR - Telemetry error: <AioRpcError of RPC that terminated with:
	status = StatusCode.UNAVAILABLE
	details = "failed to connect to all addresses; last error: UNKNOWN: ipv4:127.0.0.1:50051: Failed to connect to remote host: Connection refused"
	debug_error_string = "UNAVAILABLE:failed to connect to all addresses; last error: UNKNOWN: ipv4:127.0.0.1:50051: Failed to connect to remote host: Connection refused"
>
2026-07-01 17:24:26,820 - Drone1.SimulationBackend - ERROR - Telemetry error: <AioRpcError of RPC that terminated with:
	status = StatusCode.UNAVAILABLE
	details = "failed to connect to all addresses; last error: UNKNOWN: ipv4:127.0.0.1:50051: Failed to connect to remote host: Connection refused"
	debug_error_string = "UNAVAILABLE:failed to connect to all addresses; last error: UNKNOWN: ipv4:127.0.0.1:50051: Failed to connect to remote host: Connection refused"
>
2026-07-01 17:24:27,822 - Drone1.SimulationBackend - ERROR - Telemetry error: <AioRpcError of RPC that terminated with:
	status = StatusCode.UNAVAILABLE
	details = "failed to connect to all addresses; last error: UNKNOWN: ipv4:127.0.0.1:50051: Failed to connect to remote host: Connection refused"
	debug_error_string = "UNAVAILABLE:failed to connect to all addresses; last error: UNKNOWN: ipv4:127.0.0.1:50051: Failed to connect to remote host: Connection refused"
>
2026-07-01 17:24:28,823 - Drone1.SimulationBackend - ERROR - Telemetry error: <AioRpcError of RPC that terminated with:
	status = StatusCode.UNAVAILABLE
	details = "failed to connect to all addresses; last error: UNKNOWN: ipv4:127.0.0.1:50051: Failed to connect to remote host: Connection refused"
	debug_error_string = "UNAVAILABLE:failed to connect to all addresses; last error: UNKNOWN: ipv4:127.0.0.1:50051: Failed to connect to remote host: Connection refused"
>
2026-07-01 17:24:29,825 - Drone1.SimulationBackend - ERROR - Telemetry error: <AioRpcError of RPC that terminated with:
	status = StatusCode.UNAVAILABLE
	details = "failed to connect to all addresses; last error: UNKNOWN: ipv4:127.0.0.1:50051: Failed to connect to remote host: Connection refused"
	debug_error_string = "UNAVAILABLE:failed to connect to all addresses; last error: UNKNOWN: ipv4:127.0.0.1:50051: Failed to connect to remote host: Connection refused"
>
2026-07-01 17:24:30,827 - Drone1.SimulationBackend - ERROR - Telemetry error: <AioRpcError of RPC that terminated with:
	status = StatusCode.UNAVAILABLE
	details = "failed to connect to all addresses; last error: UNKNOWN: ipv4:127.0.0.1:50051: Failed to connect to remote host: Connection refused"
	debug_error_string = "UNAVAILABLE:failed to connect to all addresses; last error: UNKNOWN: ipv4:127.0.0.1:50051: Failed to connect to remote host: Connection refused"
>
2026-07-01 17:24:31,828 - Drone1.SimulationBackend - ERROR - Telemetry error: <AioRpcError of RPC that terminated with:
	status = StatusCode.UNAVAILABLE
	details = "failed to connect to all addresses; last error: UNKNOWN: ipv4:127.0.0.1:50051: Failed to connect to remote host: Connection refused"
	debug_error_string = "UNAVAILABLE:failed to connect to all addresses; last error: UNKNOWN: ipv4:127.0.0.1:50051: Failed to connect to remote host: Connection refused"
>
2026-07-01 17:24:32,829 - Drone1.SimulationBackend - ERROR - Telemetry error: <AioRpcError of RPC that terminated with:
	status = StatusCode.UNAVAILABLE
	details = "failed to connect to all addresses; last error: UNKNOWN: ipv4:127.0.0.1:50051: Failed to connect to remote host: Connection refused"
	debug_error_string = "UNAVAILABLE:failed to connect to all addresses; last error: UNKNOWN: ipv4:127.0.0.1:50051: Failed to connect to remote host: Connection refused"
>
2026-07-01 17:24:33,830 - Drone1.SimulationBackend - ERROR - Telemetry error: <AioRpcError of RPC that terminated with:
	status = StatusCode.UNAVAILABLE
	details = "failed to connect to all addresses; last error: UNKNOWN: ipv4:127.0.0.1:50051: Failed to connect to remote host: Connection refused"
	debug_error_string = "UNAVAILABLE:failed to connect to all addresses; last error: UNKNOWN: ipv4:127.0.0.1:50051: Failed to connect to remote host: Connection refused"
>
2026-07-01 17:24:34,832 - Drone1.SimulationBackend - ERROR - Telemetry error: <AioRpcError of RPC that terminated with:
	status = StatusCode.UNAVAILABLE
	details = "failed to connect to all addresses; last error: UNKNOWN: ipv4:127.0.0.1:50051: Failed to connect to remote host: Connection refused"
	debug_error_string = "UNAVAILABLE:failed to connect to all addresses; last error: UNKNOWN: ipv4:127.0.0.1:50051: Failed to connect to remote host: Connection refused"
>
2026-07-01 17:24:35,833 - Drone1.SimulationBackend - ERROR - Telemetry error: <AioRpcError of RPC that terminated with:
	status = StatusCode.UNAVAILABLE
	details = "failed to connect to all addresses; last error: UNKNOWN: ipv4:127.0.0.1:50051: Failed to connect to remote host: Connection refused"
	debug_error_string = "UNAVAILABLE:failed to connect to all addresses; last error: UNKNOWN: ipv4:127.0.0.1:50051: Failed to connect to remote host: Connection refused"
>
2026-07-01 17:24:36,835 - Drone1.SimulationBackend - ERROR - Telemetry error: <AioRpcError of RPC that terminated with:
	status = StatusCode.UNAVAILABLE
	details = "failed to connect to all addresses; last error: UNKNOWN: ipv4:127.0.0.1:50051: Failed to connect to remote host: Connection refused"
	debug_error_string = "UNAVAILABLE:failed to connect to all addresses; last error: UNKNOWN: ipv4:127.0.0.1:50051: Failed to connect to remote host: Connection refused"
>
2026-07-01 17:24:37,836 - Drone1.SimulationBackend - ERROR - Telemetry error: <AioRpcError of RPC that terminated with:
	status = StatusCode.UNAVAILABLE
	details = "failed to connect to all addresses; last error: UNKNOWN: ipv4:127.0.0.1:50051: Failed to connect to remote host: Connection refused"
	debug_error_string = "UNAVAILABLE:failed to connect to all addresses; last error: UNKNOWN: ipv4:127.0.0.1:50051: Failed to connect to remote host: Connection refused"
>
2026-07-01 17:24:38,837 - Drone1.SimulationBackend - ERROR - Telemetry error: <AioRpcError of RPC that terminated with:
	status = StatusCode.UNAVAILABLE
	details = "failed to connect to all addresses; last error: UNKNOWN: ipv4:127.0.0.1:50051: Failed to connect to remote host: Connection refused"
	debug_error_string = "UNAVAILABLE:failed to connect to all addresses; last error: UNKNOWN: ipv4:127.0.0.1:50051: Failed to connect to remote host: Connection refused"
>
2026-07-01 17:24:39,838 - Drone1.SimulationBackend - ERROR - Telemetry error: <AioRpcError of RPC that terminated with:
	status = StatusCode.UNAVAILABLE
	details = "failed to connect to all addresses; last error: UNKNOWN: ipv4:127.0.0.1:50051: Failed to connect to remote host: Connection refused"
	debug_error_string = "UNAVAILABLE:failed to connect to all addresses; last error: UNKNOWN: ipv4:127.0.0.1:50051: Failed to connect to remote host: Connection refused"
>
2026-07-01 17:24:40,839 - Drone1.SimulationBackend - ERROR - Telemetry error: <AioRpcError of RPC that terminated with:
	status = StatusCode.UNAVAILABLE
	details = "failed to connect to all addresses; last error: UNKNOWN: ipv4:127.0.0.1:50051: Failed to connect to remote host: Connection refused"
	debug_error_string = "UNAVAILABLE:failed to connect to all addresses; last error: UNKNOWN: ipv4:127.0.0.1:50051: Failed to connect to remote host: Connection refused"
>
2026-07-01 17:24:41,841 - Drone1.SimulationBackend - ERROR - Telemetry error: <AioRpcError of RPC that terminated with:
	status = StatusCode.UNAVAILABLE
	details = "failed to connect to all addresses; last error: UNKNOWN: ipv4:127.0.0.1:50051: Failed to connect to remote host: Connection refused"
	debug_error_string = "UNAVAILABLE:failed to connect to all addresses; last error: UNKNOWN: ipv4:127.0.0.1:50051: Failed to connect to remote host: Connection refused"
>
2026-07-01 17:24:42,842 - Drone1.SimulationBackend - ERROR - Telemetry error: <AioRpcError of RPC that terminated with:
	status = StatusCode.UNAVAILABLE
	details = "failed to connect to all addresses; last error: UNKNOWN: ipv4:127.0.0.1:50051: Failed to connect to remote host: Connection refused"
	debug_error_string = "UNAVAILABLE:failed to connect to all addresses; last error: UNKNOWN: ipv4:127.0.0.1:50051: Failed to connect to remote host: Connection refused"
>
2026-07-01 17:24:43,843 - Drone1.SimulationBackend - ERROR - Telemetry error: <AioRpcError of RPC that terminated with:
	status = StatusCode.UNAVAILABLE
	details = "failed to connect to all addresses; last error: UNKNOWN: ipv4:127.0.0.1:50051: Failed to connect to remote host: Connection refused"
	debug_error_string = "UNAVAILABLE:failed to connect to all addresses; last error: UNKNOWN: ipv4:127.0.0.1:50051: Failed to connect to remote host: Connection refused"
>
2026-07-01 17:24:44,844 - Drone1.SimulationBackend - ERROR - Telemetry error: <AioRpcError of RPC that terminated with:
	status = StatusCode.UNAVAILABLE
	details = "failed to connect to all addresses; last error: UNKNOWN: ipv4:127.0.0.1:50051: Failed to connect to remote host: Connection refused"
	debug_error_string = "UNAVAILABLE:failed to connect to all addresses; last error: UNKNOWN: ipv4:127.0.0.1:50051: Failed to connect to remote host: Connection refused"
>
2026-07-01 17:24:45,845 - Drone1.SimulationBackend - ERROR - Telemetry error: <AioRpcError of RPC that terminated with:
	status = StatusCode.UNAVAILABLE
	details = "failed to connect to all addresses; last error: UNKNOWN: ipv4:127.0.0.1:50051: Failed to connect to remote host: Connection refused"
	debug_error_string = "UNAVAILABLE:failed to connect to all addresses; last error: UNKNOWN: ipv4:127.0.0.1:50051: Failed to connect to remote host: Connection refused"
>
2026-07-01 17:24:46,847 - Drone1.SimulationBackend - ERROR - Telemetry error: <AioRpcError of RPC that terminated with:
	status = StatusCode.UNAVAILABLE
	details = "failed to connect to all addresses; last error: UNKNOWN: ipv4:127.0.0.1:50051: Failed to connect to remote host: Connection refused"
	debug_error_string = "UNAVAILABLE:failed to connect to all addresses; last error: UNKNOWN: ipv4:127.0.0.1:50051: Failed to connect to remote host: Connection refused"
>
2026-07-01 17:24:47,848 - Drone1.SimulationBackend - ERROR - Telemetry error: <AioRpcError of RPC that terminated with:
	status = StatusCode.UNAVAILABLE
	details = "failed to connect to all addresses; last error: UNKNOWN: ipv4:127.0.0.1:50051: Failed to connect to remote host: Connection refused"
	debug_error_string = "UNAVAILABLE:failed to connect to all addresses; last error: UNKNOWN: ipv4:127.0.0.1:50051: Failed to connect to remote host: Connection refused"
>
2026-07-01 17:24:48,849 - Drone1.SimulationBackend - ERROR - Telemetry error: <AioRpcError of RPC that terminated with:
	status = StatusCode.UNAVAILABLE
	details = "failed to connect to all addresses; last error: UNKNOWN: ipv4:127.0.0.1:50051: Failed to connect to remote host: Connection refused"
	debug_error_string = "UNAVAILABLE:failed to connect to all addresses; last error: UNKNOWN: ipv4:127.0.0.1:50051: Failed to connect to remote host: Connection refused"
>
2026-07-01 17:24:49,850 - Drone1.SimulationBackend - ERROR - Telemetry error: <AioRpcError of RPC that terminated with:
	status = StatusCode.UNAVAILABLE
	details = "failed to connect to all addresses; last error: UNKNOWN: ipv4:127.0.0.1:50051: Failed to connect to remote host: Connection refused"
	debug_error_string = "UNAVAILABLE:failed to connect to all addresses; last error: UNKNOWN: ipv4:127.0.0.1:50051: Failed to connect to remote host: Connection refused"
>
2026-07-01 17:24:50,851 - Drone1.SimulationBackend - ERROR - Telemetry error: <AioRpcError of RPC that terminated with:
	status = StatusCode.UNAVAILABLE
	details = "failed to connect to all addresses; last error: UNKNOWN: ipv4:127.0.0.1:50051: Failed to connect to remote host: Connection refused"
	debug_error_string = "UNAVAILABLE:failed to connect to all addresses; last error: UNKNOWN: ipv4:127.0.0.1:50051: Failed to connect to remote host: Connection refused"
>
2026-07-01 17:24:51,852 - Drone1.SimulationBackend - ERROR - Telemetry error: <AioRpcError of RPC that terminated with:
	status = StatusCode.UNAVAILABLE
	details = "failed to connect to all addresses; last error: UNKNOWN: ipv4:127.0.0.1:50051: Failed to connect to remote host: Connection refused"
	debug_error_string = "UNAVAILABLE:failed to connect to all addresses; last error: UNKNOWN: ipv4:127.0.0.1:50051: Failed to connect to remote host: Connection refused"
>
2026-07-01 17:24:52,854 - Drone1.SimulationBackend - ERROR - Telemetry error: <AioRpcError of RPC that terminated with:
	status = StatusCode.UNAVAILABLE
	details = "failed to connect to all addresses; last error: UNKNOWN: ipv4:127.0.0.1:50051: Failed to connect to remote host: Connection refused"
	debug_error_string = "UNAVAILABLE:failed to connect to all addresses; last error: UNKNOWN: ipv4:127.0.0.1:50051: Failed to connect to remote host: Connection refused"
>
2026-07-01 17:24:53,856 - Drone1.SimulationBackend - ERROR - Telemetry error: <AioRpcError of RPC that terminated with:
	status = StatusCode.UNAVAILABLE
	details = "failed to connect to all addresses; last error: UNKNOWN: ipv4:127.0.0.1:50051: Failed to connect to remote host: Connection refused"
	debug_error_string = "UNAVAILABLE:failed to connect to all addresses; last error: UNKNOWN: ipv4:127.0.0.1:50051: Failed to connect to remote host: Connection refused"
>
2026-07-01 17:24:54,857 - Drone1.SimulationBackend - ERROR - Telemetry error: <AioRpcError of RPC that terminated with:
	status = StatusCode.UNAVAILABLE
	details = "failed to connect to all addresses; last error: UNKNOWN: ipv4:127.0.0.1:50051: Failed to connect to remote host: Connection refused"
	debug_error_string = "UNAVAILABLE:failed to connect to all addresses; last error: UNKNOWN: ipv4:127.0.0.1:50051: Failed to connect to remote host: Connection refused"
>
2026-07-01 17:24:55,859 - Drone1.SimulationBackend - ERROR - Telemetry error: <AioRpcError of RPC that terminated with:
	status = StatusCode.UNAVAILABLE
	details = "failed to connect to all addresses; last error: UNKNOWN: ipv4:127.0.0.1:50051: Failed to connect to remote host: Connection refused"
	debug_error_string = "UNAVAILABLE:failed to connect to all addresses; last error: UNKNOWN: ipv4:127.0.0.1:50051: Failed to connect to remote host: Connection refused"
>
2026-07-01 17:24:56,860 - Drone1.SimulationBackend - ERROR - Telemetry error: <AioRpcError of RPC that terminated with:
	status = StatusCode.UNAVAILABLE
	details = "failed to connect to all addresses; last error: UNKNOWN: ipv4:127.0.0.1:50051: Failed to connect to remote host: Connection refused"
	debug_error_string = "UNAVAILABLE:failed to connect to all addresses; last error: UNKNOWN: ipv4:127.0.0.1:50051: Failed to connect to remote host: Connection refused"
>
2026-07-01 17:24:57,861 - Drone1.SimulationBackend - ERROR - Telemetry error: <AioRpcError of RPC that terminated with:
	status = StatusCode.UNAVAILABLE
	details = "failed to connect to all addresses; last error: UNKNOWN: ipv4:127.0.0.1:50051: Failed to connect to remote host: Connection refused"
	debug_error_string = "UNAVAILABLE:failed to connect to all addresses; last error: UNKNOWN: ipv4:127.0.0.1:50051: Failed to connect to remote host: Connection refused"
>
2026-07-01 17:24:58,862 - Drone1.SimulationBackend - ERROR - Telemetry error: <AioRpcError of RPC that terminated with:
	status = StatusCode.UNAVAILABLE
	details = "failed to connect to all addresses; last error: UNKNOWN: ipv4:127.0.0.1:50051: Failed to connect to remote host: Connection refused"
	debug_error_string = "UNAVAILABLE:failed to connect to all addresses; last error: UNKNOWN: ipv4:127.0.0.1:50051: Failed to connect to remote host: Connection refused"
>
2026-07-01 17:24:59,863 - Drone1.SimulationBackend - ERROR - Telemetry error: <AioRpcError of RPC that terminated with:
	status = StatusCode.UNAVAILABLE
	details = "failed to connect to all addresses; last error: UNKNOWN: ipv4:127.0.0.1:50051: Failed to connect to remote host: Connection refused"
	debug_error_string = "UNAVAILABLE:failed to connect to all addresses; last error: UNKNOWN: ipv4:127.0.0.1:50051: Failed to connect to remote host: Connection refused"
>
2026-07-01 17:25:00,864 - Drone1.SimulationBackend - ERROR - Telemetry error: <AioRpcError of RPC that terminated with:
	status = StatusCode.UNAVAILABLE
	details = "failed to connect to all addresses; last error: UNKNOWN: ipv4:127.0.0.1:50051: Failed to connect to remote host: Connection refused"
	debug_error_string = "UNAVAILABLE:failed to connect to all addresses; last error: UNKNOWN: ipv4:127.0.0.1:50051: Failed to connect to remote host: Connection refused"
>
2026-07-01 17:25:01,865 - Drone1.SimulationBackend - ERROR - Telemetry error: <AioRpcError of RPC that terminated with:
	status = StatusCode.UNAVAILABLE
	details = "failed to connect to all addresses; last error: UNKNOWN: ipv4:127.0.0.1:50051: Failed to connect to remote host: Connection refused"
	debug_error_string = "UNAVAILABLE:failed to connect to all addresses; last error: UNKNOWN: ipv4:127.0.0.1:50051: Failed to connect to remote host: Connection refused"
>
2026-07-01 17:25:02,867 - Drone1.SimulationBackend - ERROR - Telemetry error: <AioRpcError of RPC that terminated with:
	status = StatusCode.UNAVAILABLE
	details = "failed to connect to all addresses; last error: UNKNOWN: ipv4:127.0.0.1:50051: Failed to connect to remote host: Connection refused"
	debug_error_string = "UNAVAILABLE:failed to connect to all addresses; last error: UNKNOWN: ipv4:127.0.0.1:50051: Failed to connect to remote host: Connection refused"
>
2026-07-01 17:25:03,868 - Drone1.SimulationBackend - ERROR - Telemetry error: <AioRpcError of RPC that terminated with:
	status = StatusCode.UNAVAILABLE
	details = "failed to connect to all addresses; last error: UNKNOWN: ipv4:127.0.0.1:50051: Failed to connect to remote host: Connection refused"
	debug_error_string = "UNAVAILABLE:failed to connect to all addresses; last error: UNKNOWN: ipv4:127.0.0.1:50051: Failed to connect to remote host: Connection refused"
>
2026-07-01 17:25:04,869 - Drone1.SimulationBackend - ERROR - Telemetry error: <AioRpcError of RPC that terminated with:
	status = StatusCode.UNAVAILABLE
	details = "failed to connect to all addresses; last error: UNKNOWN: ipv4:127.0.0.1:50051: Failed to connect to remote host: Connection refused"
	debug_error_string = "UNAVAILABLE:failed to connect to all addresses; last error: UNKNOWN: ipv4:127.0.0.1:50051: Failed to connect to remote host: Connection refused"
>
2026-07-01 17:25:05,870 - Drone1.SimulationBackend - ERROR - Telemetry error: <AioRpcError of RPC that terminated with:
	status = StatusCode.UNAVAILABLE
	details = "failed to connect to all addresses; last error: UNKNOWN: ipv4:127.0.0.1:50051: Failed to connect to remote host: Connection refused"
	debug_error_string = "UNAVAILABLE:failed to connect to all addresses; last error: UNKNOWN: ipv4:127.0.0.1:50051: Failed to connect to remote host: Connection refused"
>
2026-07-01 17:25:06,872 - Drone1.SimulationBackend - ERROR - Telemetry error: <AioRpcError of RPC that terminated with:
	status = StatusCode.UNAVAILABLE
	details = "failed to connect to all addresses; last error: UNKNOWN: ipv4:127.0.0.1:50051: Failed to connect to remote host: Connection refused"
	debug_error_string = "UNAVAILABLE:failed to connect to all addresses; last error: UNKNOWN: ipv4:127.0.0.1:50051: Failed to connect to remote host: Connection refused"
>
2026-07-01 17:25:07,873 - Drone1.SimulationBackend - ERROR - Telemetry error: <AioRpcError of RPC that terminated with:
	status = StatusCode.UNAVAILABLE
	details = "failed to connect to all addresses; last error: UNKNOWN: ipv4:127.0.0.1:50051: Failed to connect to remote host: Connection refused"
	debug_error_string = "UNAVAILABLE:failed to connect to all addresses; last error: UNKNOWN: ipv4:127.0.0.1:50051: Failed to connect to remote host: Connection refused"
>
2026-07-01 17:25:08,874 - Drone1.SimulationBackend - ERROR - Telemetry error: <AioRpcError of RPC that terminated with:
	status = StatusCode.UNAVAILABLE
	details = "failed to connect to all addresses; last error: UNKNOWN: ipv4:127.0.0.1:50051: Failed to connect to remote host: Connection refused"
	debug_error_string = "UNAVAILABLE:failed to connect to all addresses; last error: UNKNOWN: ipv4:127.0.0.1:50051: Failed to connect to remote host: Connection refused"
>
2026-07-01 17:25:09,875 - Drone1.SimulationBackend - ERROR - Telemetry error: <AioRpcError of RPC that terminated with:
	status = StatusCode.UNAVAILABLE
	details = "failed to connect to all addresses; last error: UNKNOWN: ipv4:127.0.0.1:50051: Failed to connect to remote host: Connection refused"
	debug_error_string = "UNAVAILABLE:failed to connect to all addresses; last error: UNKNOWN: ipv4:127.0.0.1:50051: Failed to connect to remote host: Connection refused"
>
2026-07-01 17:25:10,876 - Drone1.SimulationBackend - ERROR - Telemetry error: <AioRpcError of RPC that terminated with:
	status = StatusCode.UNAVAILABLE
	details = "failed to connect to all addresses; last error: UNKNOWN: ipv4:127.0.0.1:50051: Failed to connect to remote host: Connection refused"
	debug_error_string = "UNAVAILABLE:failed to connect to all addresses; last error: UNKNOWN: ipv4:127.0.0.1:50051: Failed to connect to remote host: Connection refused"
>
2026-07-01 17:25:11,877 - Drone1.SimulationBackend - ERROR - Telemetry error: <AioRpcError of RPC that terminated with:
	status = StatusCode.UNAVAILABLE
	details = "failed to connect to all addresses; last error: UNKNOWN: ipv4:127.0.0.1:50051: Failed to connect to remote host: Connection refused"
	debug_error_string = "UNAVAILABLE:failed to connect to all addresses; last error: UNKNOWN: ipv4:127.0.0.1:50051: Failed to connect to remote host: Connection refused"
>
2026-07-01 17:25:12,878 - Drone1.SimulationBackend - ERROR - Telemetry error: <AioRpcError of RPC that terminated with:
	status = StatusCode.UNAVAILABLE
	details = "failed to connect to all addresses; last error: UNKNOWN: ipv4:127.0.0.1:50051: Failed to connect to remote host: Connection refused"
	debug_error_string = "UNAVAILABLE:failed to connect to all addresses; last error: UNKNOWN: ipv4:127.0.0.1:50051: Failed to connect to remote host: Connection refused"
>
2026-07-01 17:25:13,880 - Drone1.SimulationBackend - ERROR - Telemetry error: <AioRpcError of RPC that terminated with:
	status = StatusCode.UNAVAILABLE
	details = "failed to connect to all addresses; last error: UNKNOWN: ipv4:127.0.0.1:50051: Failed to connect to remote host: Connection refused"
	debug_error_string = "UNAVAILABLE:failed to connect to all addresses; last error: UNKNOWN: ipv4:127.0.0.1:50051: Failed to connect to remote host: Connection refused"
>
2026-07-01 17:25:14,881 - Drone1.SimulationBackend - ERROR - Telemetry error: <AioRpcError of RPC that terminated with:
	status = StatusCode.UNAVAILABLE
	details = "failed to connect to all addresses; last error: UNKNOWN: ipv4:127.0.0.1:50051: Failed to connect to remote host: Connection refused"
	debug_error_string = "UNAVAILABLE:failed to connect to all addresses; last error: UNKNOWN: ipv4:127.0.0.1:50051: Failed to connect to remote host: Connection refused"
>
2026-07-01 17:25:15,882 - Drone1.SimulationBackend - ERROR - Telemetry error: <AioRpcError of RPC that terminated with:
	status = StatusCode.UNAVAILABLE
	details = "failed to connect to all addresses; last error: UNKNOWN: ipv4:127.0.0.1:50051: Failed to connect to remote host: Connection refused"
	debug_error_string = "UNAVAILABLE:failed to connect to all addresses; last error: UNKNOWN: ipv4:127.0.0.1:50051: Failed to connect to remote host: Connection refused"
>
2026-07-01 17:25:16,883 - Drone1.SimulationBackend - ERROR - Telemetry error: <AioRpcError of RPC that terminated with:
	status = StatusCode.UNAVAILABLE
	details = "failed to connect to all addresses; last error: UNKNOWN: ipv4:127.0.0.1:50051: Failed to connect to remote host: Connection refused"
	debug_error_string = "UNAVAILABLE:failed to connect to all addresses; last error: UNKNOWN: ipv4:127.0.0.1:50051: Failed to connect to remote host: Connection refused"
>
2026-07-01 17:25:17,885 - Drone1.SimulationBackend - ERROR - Telemetry error: <AioRpcError of RPC that terminated with:
	status = StatusCode.UNAVAILABLE
	details = "failed to connect to all addresses; last error: UNKNOWN: ipv4:127.0.0.1:50051: Failed to connect to remote host: Connection refused"
	debug_error_string = "UNAVAILABLE:failed to connect to all addresses; last error: UNKNOWN: ipv4:127.0.0.1:50051: Failed to connect to remote host: Connection refused"
>
2026-07-01 17:25:18,886 - Drone1.SimulationBackend - ERROR - Telemetry error: <AioRpcError of RPC that terminated with:
	status = StatusCode.UNAVAILABLE
	details = "failed to connect to all addresses; last error: UNKNOWN: ipv4:127.0.0.1:50051: Failed to connect to remote host: Connection refused"
	debug_error_string = "UNAVAILABLE:failed to connect to all addresses; last error: UNKNOWN: ipv4:127.0.0.1:50051: Failed to connect to remote host: Connection refused"
>
2026-07-01 17:25:19,888 - Drone1.SimulationBackend - ERROR - Telemetry error: <AioRpcError of RPC that terminated with:
	status = StatusCode.UNAVAILABLE
	details = "failed to connect to all addresses; last error: UNKNOWN: ipv4:127.0.0.1:50051: Failed to connect to remote host: Connection refused"
	debug_error_string = "UNAVAILABLE:failed to connect to all addresses; last error: UNKNOWN: ipv4:127.0.0.1:50051: Failed to connect to remote host: Connection refused"
>
2026-07-01 17:25:20,889 - Drone1.SimulationBackend - ERROR - Telemetry error: <AioRpcError of RPC that terminated with:
	status = StatusCode.UNAVAILABLE
	details = "failed to connect to all addresses; last error: UNKNOWN: ipv4:127.0.0.1:50051: Failed to connect to remote host: Connection refused"
	debug_error_string = "UNAVAILABLE:failed to connect to all addresses; last error: UNKNOWN: ipv4:127.0.0.1:50051: Failed to connect to remote host: Connection refused"
>
2026-07-01 17:25:21,890 - Drone1.SimulationBackend - ERROR - Telemetry error: <AioRpcError of RPC that terminated with:
	status = StatusCode.UNAVAILABLE
	details = "failed to connect to all addresses; last error: UNKNOWN: ipv4:127.0.0.1:50051: Failed to connect to remote host: Connection refused"
	debug_error_string = "UNAVAILABLE:failed to connect to all addresses; last error: UNKNOWN: ipv4:127.0.0.1:50051: Failed to connect to remote host: Connection refused"
>
2026-07-01 17:25:22,892 - Drone1.SimulationBackend - ERROR - Telemetry error: <AioRpcError of RPC that terminated with:
	status = StatusCode.UNAVAILABLE
	details = "failed to connect to all addresses; last error: UNKNOWN: ipv4:127.0.0.1:50051: Failed to connect to remote host: Connection refused"
	debug_error_string = "UNAVAILABLE:failed to connect to all addresses; last error: UNKNOWN: ipv4:127.0.0.1:50051: Failed to connect to remote host: Connection refused"
>
2026-07-01 17:25:23,893 - Drone1.SimulationBackend - ERROR - Telemetry error: <AioRpcError of RPC that terminated with:
	status = StatusCode.UNAVAILABLE
	details = "failed to connect to all addresses; last error: UNKNOWN: ipv4:127.0.0.1:50051: Failed to connect to remote host: Connection refused"
	debug_error_string = "UNAVAILABLE:failed to connect to all addresses; last error: UNKNOWN: ipv4:127.0.0.1:50051: Failed to connect to remote host: Connection refused"
>
2026-07-01 17:25:24,895 - Drone1.SimulationBackend - ERROR - Telemetry error: <AioRpcError of RPC that terminated with:
	status = StatusCode.UNAVAILABLE
	details = "failed to connect to all addresses; last error: UNKNOWN: ipv4:127.0.0.1:50051: Failed to connect to remote host: Connection refused"
	debug_error_string = "UNAVAILABLE:failed to connect to all addresses; last error: UNKNOWN: ipv4:127.0.0.1:50051: Failed to connect to remote host: Connection refused"
>
2026-07-01 17:25:25,896 - Drone1.SimulationBackend - ERROR - Telemetry error: <AioRpcError of RPC that terminated with:
	status = StatusCode.UNAVAILABLE
	details = "failed to connect to all addresses; last error: UNKNOWN: ipv6:%5B::1%5D:50051: Failed to connect to remote host: Connection refused"
	debug_error_string = "UNAVAILABLE:failed to connect to all addresses; last error: UNKNOWN: ipv6:%5B::1%5D:50051: Failed to connect to remote host: Connection refused"
>
2026-07-01 17:25:26,897 - Drone1.SimulationBackend - ERROR - Telemetry error: <AioRpcError of RPC that terminated with:
	status = StatusCode.UNAVAILABLE
	details = "failed to connect to all addresses; last error: UNKNOWN: ipv6:%5B::1%5D:50051: Failed to connect to remote host: Connection refused"
	debug_error_string = "UNAVAILABLE:failed to connect to all addresses; last error: UNKNOWN: ipv6:%5B::1%5D:50051: Failed to connect to remote host: Connection refused"
>
2026-07-01 17:25:27,898 - Drone1.SimulationBackend - ERROR - Telemetry error: <AioRpcError of RPC that terminated with:
	status = StatusCode.UNAVAILABLE
	details = "failed to connect to all addresses; last error: UNKNOWN: ipv6:%5B::1%5D:50051: Failed to connect to remote host: Connection refused"
	debug_error_string = "UNAVAILABLE:failed to connect to all addresses; last error: UNKNOWN: ipv6:%5B::1%5D:50051: Failed to connect to remote host: Connection refused"
>
2026-07-01 17:25:28,900 - Drone1.SimulationBackend - ERROR - Telemetry error: <AioRpcError of RPC that terminated with:
	status = StatusCode.UNAVAILABLE
	details = "failed to connect to all addresses; last error: UNKNOWN: ipv6:%5B::1%5D:50051: Failed to connect to remote host: Connection refused"
	debug_error_string = "UNAVAILABLE:failed to connect to all addresses; last error: UNKNOWN: ipv6:%5B::1%5D:50051: Failed to connect to remote host: Connection refused"
>
2026-07-01 17:25:29,901 - Drone1.SimulationBackend - ERROR - Telemetry error: <AioRpcError of RPC that terminated with:
	status = StatusCode.UNAVAILABLE
	details = "failed to connect to all addresses; last error: UNKNOWN: ipv6:%5B::1%5D:50051: Failed to connect to remote host: Connection refused"
	debug_error_string = "UNAVAILABLE:failed to connect to all addresses; last error: UNKNOWN: ipv6:%5B::1%5D:50051: Failed to connect to remote host: Connection refused"
>
2026-07-01 17:25:30,903 - Drone1.SimulationBackend - ERROR - Telemetry error: <AioRpcError of RPC that terminated with:
	status = StatusCode.UNAVAILABLE
	details = "failed to connect to all addresses; last error: UNKNOWN: ipv6:%5B::1%5D:50051: Failed to connect to remote host: Connection refused"
	debug_error_string = "UNAVAILABLE:failed to connect to all addresses; last error: UNKNOWN: ipv6:%5B::1%5D:50051: Failed to connect to remote host: Connection refused"
>
2026-07-01 17:25:31,904 - Drone1.SimulationBackend - ERROR - Telemetry error: <AioRpcError of RPC that terminated with:
	status = StatusCode.UNAVAILABLE
	details = "failed to connect to all addresses; last error: UNKNOWN: ipv6:%5B::1%5D:50051: Failed to connect to remote host: Connection refused"
	debug_error_string = "UNAVAILABLE:failed to connect to all addresses; last error: UNKNOWN: ipv6:%5B::1%5D:50051: Failed to connect to remote host: Connection refused"
>
2026-07-01 17:25:32,905 - Drone1.SimulationBackend - ERROR - Telemetry error: <AioRpcError of RPC that terminated with:
	status = StatusCode.UNAVAILABLE
	details = "failed to connect to all addresses; last error: UNKNOWN: ipv6:%5B::1%5D:50051: Failed to connect to remote host: Connection refused"
	debug_error_string = "UNAVAILABLE:failed to connect to all addresses; last error: UNKNOWN: ipv6:%5B::1%5D:50051: Failed to connect to remote host: Connection refused"
>
2026-07-01 17:25:33,907 - Drone1.SimulationBackend - ERROR - Telemetry error: <AioRpcError of RPC that terminated with:
	status = StatusCode.UNAVAILABLE
	details = "failed to connect to all addresses; last error: UNKNOWN: ipv6:%5B::1%5D:50051: Failed to connect to remote host: Connection refused"
	debug_error_string = "UNAVAILABLE:failed to connect to all addresses; last error: UNKNOWN: ipv6:%5B::1%5D:50051: Failed to connect to remote host: Connection refused"
>
2026-07-01 17:25:34,908 - Drone1.SimulationBackend - ERROR - Telemetry error: <AioRpcError of RPC that terminated with:
	status = StatusCode.UNAVAILABLE
	details = "failed to connect to all addresses; last error: UNKNOWN: ipv6:%5B::1%5D:50051: Failed to connect to remote host: Connection refused"
	debug_error_string = "UNAVAILABLE:failed to connect to all addresses; last error: UNKNOWN: ipv6:%5B::1%5D:50051: Failed to connect to remote host: Connection refused"
>
2026-07-01 17:25:35,909 - Drone1.SimulationBackend - ERROR - Telemetry error: <AioRpcError of RPC that terminated with:
	status = StatusCode.UNAVAILABLE
	details = "failed to connect to all addresses; last error: UNKNOWN: ipv6:%5B::1%5D:50051: Failed to connect to remote host: Connection refused"
	debug_error_string = "UNAVAILABLE:failed to connect to all addresses; last error: UNKNOWN: ipv6:%5B::1%5D:50051: Failed to connect to remote host: Connection refused"
>
2026-07-01 17:25:36,910 - Drone1.SimulationBackend - ERROR - Telemetry error: <AioRpcError of RPC that terminated with:
	status = StatusCode.UNAVAILABLE
	details = "failed to connect to all addresses; last error: UNKNOWN: ipv6:%5B::1%5D:50051: Failed to connect to remote host: Connection refused"
	debug_error_string = "UNAVAILABLE:failed to connect to all addresses; last error: UNKNOWN: ipv6:%5B::1%5D:50051: Failed to connect to remote host: Connection refused"
>
2026-07-01 17:25:37,911 - Drone1.SimulationBackend - ERROR - Telemetry error: <AioRpcError of RPC that terminated with:
	status = StatusCode.UNAVAILABLE
	details = "failed to connect to all addresses; last error: UNKNOWN: ipv6:%5B::1%5D:50051: Failed to connect to remote host: Connection refused"
	debug_error_string = "UNAVAILABLE:failed to connect to all addresses; last error: UNKNOWN: ipv6:%5B::1%5D:50051: Failed to connect to remote host: Connection refused"
>
2026-07-01 17:25:38,913 - Drone1.SimulationBackend - ERROR - Telemetry error: <AioRpcError of RPC that terminated with:
	status = StatusCode.UNAVAILABLE
	details = "failed to connect to all addresses; last error: UNKNOWN: ipv6:%5B::1%5D:50051: Failed to connect to remote host: Connection refused"
	debug_error_string = "UNAVAILABLE:failed to connect to all addresses; last error: UNKNOWN: ipv6:%5B::1%5D:50051: Failed to connect to remote host: Connection refused"
>
2026-07-01 17:25:39,915 - Drone1.SimulationBackend - ERROR - Telemetry error: <AioRpcError of RPC that terminated with:
	status = StatusCode.UNAVAILABLE
	details = "failed to connect to all addresses; last error: UNKNOWN: ipv6:%5B::1%5D:50051: Failed to connect to remote host: Connection refused"
	debug_error_string = "UNAVAILABLE:failed to connect to all addresses; last error: UNKNOWN: ipv6:%5B::1%5D:50051: Failed to connect to remote host: Connection refused"
>
2026-07-01 17:25:40,917 - Drone1.SimulationBackend - ERROR - Telemetry error: <AioRpcError of RPC that terminated with:
	status = StatusCode.UNAVAILABLE
	details = "failed to connect to all addresses; last error: UNKNOWN: ipv6:%5B::1%5D:50051: Failed to connect to remote host: Connection refused"
	debug_error_string = "UNAVAILABLE:failed to connect to all addresses; last error: UNKNOWN: ipv6:%5B::1%5D:50051: Failed to connect to remote host: Connection refused"
>
2026-07-01 17:25:41,919 - Drone1.SimulationBackend - ERROR - Telemetry error: <AioRpcError of RPC that terminated with:
	status = StatusCode.UNAVAILABLE
	details = "failed to connect to all addresses; last error: UNKNOWN: ipv6:%5B::1%5D:50051: Failed to connect to remote host: Connection refused"
	debug_error_string = "UNAVAILABLE:failed to connect to all addresses; last error: UNKNOWN: ipv6:%5B::1%5D:50051: Failed to connect to remote host: Connection refused"
>
2026-07-01 17:25:42,920 - Drone1.SimulationBackend - ERROR - Telemetry error: <AioRpcError of RPC that terminated with:
	status = StatusCode.UNAVAILABLE
	details = "failed to connect to all addresses; last error: UNKNOWN: ipv6:%5B::1%5D:50051: Failed to connect to remote host: Connection refused"
	debug_error_string = "UNAVAILABLE:failed to connect to all addresses; last error: UNKNOWN: ipv6:%5B::1%5D:50051: Failed to connect to remote host: Connection refused"
>
2026-07-01 17:25:43,921 - Drone1.SimulationBackend - ERROR - Telemetry error: <AioRpcError of RPC that terminated with:
	status = StatusCode.UNAVAILABLE
	details = "failed to connect to all addresses; last error: UNKNOWN: ipv6:%5B::1%5D:50051: Failed to connect to remote host: Connection refused"
	debug_error_string = "UNAVAILABLE:failed to connect to all addresses; last error: UNKNOWN: ipv6:%5B::1%5D:50051: Failed to connect to remote host: Connection refused"
>
2026-07-01 17:25:44,922 - Drone1.SimulationBackend - ERROR - Telemetry error: <AioRpcError of RPC that terminated with:
	status = StatusCode.UNAVAILABLE
	details = "failed to connect to all addresses; last error: UNKNOWN: ipv6:%5B::1%5D:50051: Failed to connect to remote host: Connection refused"
	debug_error_string = "UNAVAILABLE:failed to connect to all addresses; last error: UNKNOWN: ipv6:%5B::1%5D:50051: Failed to connect to remote host: Connection refused"
>
2026-07-01 17:25:45,923 - Drone1.SimulationBackend - ERROR - Telemetry error: <AioRpcError of RPC that terminated with:
	status = StatusCode.UNAVAILABLE
	details = "failed to connect to all addresses; last error: UNKNOWN: ipv6:%5B::1%5D:50051: Failed to connect to remote host: Connection refused"
	debug_error_string = "UNAVAILABLE:failed to connect to all addresses; last error: UNKNOWN: ipv6:%5B::1%5D:50051: Failed to connect to remote host: Connection refused"
>
2026-07-01 17:25:46,925 - Drone1.SimulationBackend - ERROR - Telemetry error: <AioRpcError of RPC that terminated with:
	status = StatusCode.UNAVAILABLE
	details = "failed to connect to all addresses; last error: UNKNOWN: ipv6:%5B::1%5D:50051: Failed to connect to remote host: Connection refused"
	debug_error_string = "UNAVAILABLE:failed to connect to all addresses; last error: UNKNOWN: ipv6:%5B::1%5D:50051: Failed to connect to remote host: Connection refused"
>
2026-07-01 17:25:47,928 - Drone1.SimulationBackend - ERROR - Telemetry error: <AioRpcError of RPC that terminated with:
	status = StatusCode.UNAVAILABLE
	details = "failed to connect to all addresses; last error: UNKNOWN: ipv6:%5B::1%5D:50051: Failed to connect to remote host: Connection refused"
	debug_error_string = "UNAVAILABLE:failed to connect to all addresses; last error: UNKNOWN: ipv6:%5B::1%5D:50051: Failed to connect to remote host: Connection refused"
>
2026-07-01 17:25:48,929 - Drone1.SimulationBackend - ERROR - Telemetry error: <AioRpcError of RPC that terminated with:
	status = StatusCode.UNAVAILABLE
	details = "failed to connect to all addresses; last error: UNKNOWN: ipv6:%5B::1%5D:50051: Failed to connect to remote host: Connection refused"
	debug_error_string = "UNAVAILABLE:failed to connect to all addresses; last error: UNKNOWN: ipv6:%5B::1%5D:50051: Failed to connect to remote host: Connection refused"
>
2026-07-01 17:25:49,930 - Drone1.SimulationBackend - ERROR - Telemetry error: <AioRpcError of RPC that terminated with:
	status = StatusCode.UNAVAILABLE
	details = "failed to connect to all addresses; last error: UNKNOWN: ipv6:%5B::1%5D:50051: Failed to connect to remote host: Connection refused"
	debug_error_string = "UNAVAILABLE:failed to connect to all addresses; last error: UNKNOWN: ipv6:%5B::1%5D:50051: Failed to connect to remote host: Connection refused"
>
2026-07-01 17:25:50,932 - Drone1.SimulationBackend - ERROR - Telemetry error: <AioRpcError of RPC that terminated with:
	status = StatusCode.UNAVAILABLE
	details = "failed to connect to all addresses; last error: UNKNOWN: ipv6:%5B::1%5D:50051: Failed to connect to remote host: Connection refused"
	debug_error_string = "UNAVAILABLE:failed to connect to all addresses; last error: UNKNOWN: ipv6:%5B::1%5D:50051: Failed to connect to remote host: Connection refused"
>
2026-07-01 17:25:51,933 - Drone1.SimulationBackend - ERROR - Telemetry error: <AioRpcError of RPC that terminated with:
	status = StatusCode.UNAVAILABLE
	details = "failed to connect to all addresses; last error: UNKNOWN: ipv6:%5B::1%5D:50051: Failed to connect to remote host: Connection refused"
	debug_error_string = "UNAVAILABLE:failed to connect to all addresses; last error: UNKNOWN: ipv6:%5B::1%5D:50051: Failed to connect to remote host: Connection refused"
>
2026-07-01 17:25:52,934 - Drone1.SimulationBackend - ERROR - Telemetry error: <AioRpcError of RPC that terminated with:
	status = StatusCode.UNAVAILABLE
	details = "failed to connect to all addresses; last error: UNKNOWN: ipv6:%5B::1%5D:50051: Failed to connect to remote host: Connection refused"
	debug_error_string = "UNAVAILABLE:failed to connect to all addresses; last error: UNKNOWN: ipv6:%5B::1%5D:50051: Failed to connect to remote host: Connection refused"
>
2026-07-01 17:25:53,936 - Drone1.SimulationBackend - ERROR - Telemetry error: <AioRpcError of RPC that terminated with:
	status = StatusCode.UNAVAILABLE
	details = "failed to connect to all addresses; last error: UNKNOWN: ipv6:%5B::1%5D:50051: Failed to connect to remote host: Connection refused"
	debug_error_string = "UNAVAILABLE:failed to connect to all addresses; last error: UNKNOWN: ipv6:%5B::1%5D:50051: Failed to connect to remote host: Connection refused"
>
2026-07-01 17:25:54,937 - Drone1.SimulationBackend - ERROR - Telemetry error: <AioRpcError of RPC that terminated with:
	status = StatusCode.UNAVAILABLE
	details = "failed to connect to all addresses; last error: UNKNOWN: ipv6:%5B::1%5D:50051: Failed to connect to remote host: Connection refused"
	debug_error_string = "UNAVAILABLE:failed to connect to all addresses; last error: UNKNOWN: ipv6:%5B::1%5D:50051: Failed to connect to remote host: Connection refused"
>
2026-07-01 17:25:55,939 - Drone1.SimulationBackend - ERROR - Telemetry error: <AioRpcError of RPC that terminated with:
	status = StatusCode.UNAVAILABLE
	details = "failed to connect to all addresses; last error: UNKNOWN: ipv6:%5B::1%5D:50051: Failed to connect to remote host: Connection refused"
	debug_error_string = "UNAVAILABLE:failed to connect to all addresses; last error: UNKNOWN: ipv6:%5B::1%5D:50051: Failed to connect to remote host: Connection refused"
>
2026-07-01 17:25:56,940 - Drone1.SimulationBackend - ERROR - Telemetry error: <AioRpcError of RPC that terminated with:
	status = StatusCode.UNAVAILABLE
	details = "failed to connect to all addresses; last error: UNKNOWN: ipv6:%5B::1%5D:50051: Failed to connect to remote host: Connection refused"
	debug_error_string = "UNAVAILABLE:failed to connect to all addresses; last error: UNKNOWN: ipv6:%5B::1%5D:50051: Failed to connect to remote host: Connection refused"
>
2026-07-01 17:25:57,941 - Drone1.SimulationBackend - ERROR - Telemetry error: <AioRpcError of RPC that terminated with:
	status = StatusCode.UNAVAILABLE
	details = "failed to connect to all addresses; last error: UNKNOWN: ipv6:%5B::1%5D:50051: Failed to connect to remote host: Connection refused"
	debug_error_string = "UNAVAILABLE:failed to connect to all addresses; last error: UNKNOWN: ipv6:%5B::1%5D:50051: Failed to connect to remote host: Connection refused"
>
2026-07-01 17:25:58,942 - Drone1.SimulationBackend - ERROR - Telemetry error: <AioRpcError of RPC that terminated with:
	status = StatusCode.UNAVAILABLE
	details = "failed to connect to all addresses; last error: UNKNOWN: ipv6:%5B::1%5D:50051: Failed to connect to remote host: Connection refused"
	debug_error_string = "UNAVAILABLE:failed to connect to all addresses; last error: UNKNOWN: ipv6:%5B::1%5D:50051: Failed to connect to remote host: Connection refused"
>
2026-07-01 17:25:59,943 - Drone1.SimulationBackend - ERROR - Telemetry error: <AioRpcError of RPC that terminated with:
	status = StatusCode.UNAVAILABLE
	details = "failed to connect to all addresses; last error: UNKNOWN: ipv6:%5B::1%5D:50051: Failed to connect to remote host: Connection refused"
	debug_error_string = "UNAVAILABLE:failed to connect to all addresses; last error: UNKNOWN: ipv6:%5B::1%5D:50051: Failed to connect to remote host: Connection refused"
>
2026-07-01 17:26:00,945 - Drone1.SimulationBackend - ERROR - Telemetry error: <AioRpcError of RPC that terminated with:
	status = StatusCode.UNAVAILABLE
	details = "failed to connect to all addresses; last error: UNKNOWN: ipv6:%5B::1%5D:50051: Failed to connect to remote host: Connection refused"
	debug_error_string = "UNAVAILABLE:failed to connect to all addresses; last error: UNKNOWN: ipv6:%5B::1%5D:50051: Failed to connect to remote host: Connection refused"
>
2026-07-01 17:26:01,946 - Drone1.SimulationBackend - ERROR - Telemetry error: <AioRpcError of RPC that terminated with:
	status = StatusCode.UNAVAILABLE
	details = "failed to connect to all addresses; last error: UNKNOWN: ipv6:%5B::1%5D:50051: Failed to connect to remote host: Connection refused"
	debug_error_string = "UNAVAILABLE:failed to connect to all addresses; last error: UNKNOWN: ipv6:%5B::1%5D:50051: Failed to connect to remote host: Connection refused"
>
2026-07-01 17:26:02,948 - Drone1.SimulationBackend - ERROR - Telemetry error: <AioRpcError of RPC that terminated with:
	status = StatusCode.UNAVAILABLE
	details = "failed to connect to all addresses; last error: UNKNOWN: ipv6:%5B::1%5D:50051: Failed to connect to remote host: Connection refused"
	debug_error_string = "UNAVAILABLE:failed to connect to all addresses; last error: UNKNOWN: ipv6:%5B::1%5D:50051: Failed to connect to remote host: Connection refused"
>
2026-07-01 17:26:03,949 - Drone1.SimulationBackend - ERROR - Telemetry error: <AioRpcError of RPC that terminated with:
	status = StatusCode.UNAVAILABLE
	details = "failed to connect to all addresses; last error: UNKNOWN: ipv6:%5B::1%5D:50051: Failed to connect to remote host: Connection refused"
	debug_error_string = "UNAVAILABLE:failed to connect to all addresses; last error: UNKNOWN: ipv6:%5B::1%5D:50051: Failed to connect to remote host: Connection refused"
>
2026-07-01 17:26:04,951 - Drone1.SimulationBackend - ERROR - Telemetry error: <AioRpcError of RPC that terminated with:
	status = StatusCode.UNAVAILABLE
	details = "failed to connect to all addresses; last error: UNKNOWN: ipv6:%5B::1%5D:50051: Failed to connect to remote host: Connection refused"
	debug_error_string = "UNAVAILABLE:failed to connect to all addresses; last error: UNKNOWN: ipv6:%5B::1%5D:50051: Failed to connect to remote host: Connection refused"
>
2026-07-01 17:26:05,952 - Drone1.SimulationBackend - ERROR - Telemetry error: <AioRpcError of RPC that terminated with:
	status = StatusCode.UNAVAILABLE
	details = "failed to connect to all addresses; last error: UNKNOWN: ipv6:%5B::1%5D:50051: Failed to connect to remote host: Connection refused"
	debug_error_string = "UNAVAILABLE:failed to connect to all addresses; last error: UNKNOWN: ipv6:%5B::1%5D:50051: Failed to connect to remote host: Connection refused"
>
2026-07-01 17:26:06,954 - Drone1.SimulationBackend - ERROR - Telemetry error: <AioRpcError of RPC that terminated with:
	status = StatusCode.UNAVAILABLE
	details = "failed to connect to all addresses; last error: UNKNOWN: ipv6:%5B::1%5D:50051: Failed to connect to remote host: Connection refused"
	debug_error_string = "UNAVAILABLE:failed to connect to all addresses; last error: UNKNOWN: ipv6:%5B::1%5D:50051: Failed to connect to remote host: Connection refused"
>
2026-07-01 17:26:07,955 - Drone1.SimulationBackend - ERROR - Telemetry error: <AioRpcError of RPC that terminated with:
	status = StatusCode.UNAVAILABLE
	details = "failed to connect to all addresses; last error: UNKNOWN: ipv6:%5B::1%5D:50051: Failed to connect to remote host: Connection refused"
	debug_error_string = "UNAVAILABLE:failed to connect to all addresses; last error: UNKNOWN: ipv6:%5B::1%5D:50051: Failed to connect to remote host: Connection refused"
>
2026-07-01 17:26:08,956 - Drone1.SimulationBackend - ERROR - Telemetry error: <AioRpcError of RPC that terminated with:
	status = StatusCode.UNAVAILABLE
	details = "failed to connect to all addresses; last error: UNKNOWN: ipv6:%5B::1%5D:50051: Failed to connect to remote host: Connection refused"
	debug_error_string = "UNAVAILABLE:failed to connect to all addresses; last error: UNKNOWN: ipv6:%5B::1%5D:50051: Failed to connect to remote host: Connection refused"
>
2026-07-01 17:26:09,957 - Drone1.SimulationBackend - ERROR - Telemetry error: <AioRpcError of RPC that terminated with:
	status = StatusCode.UNAVAILABLE
	details = "failed to connect to all addresses; last error: UNKNOWN: ipv6:%5B::1%5D:50051: Failed to connect to remote host: Connection refused"
	debug_error_string = "UNAVAILABLE:failed to connect to all addresses; last error: UNKNOWN: ipv6:%5B::1%5D:50051: Failed to connect to remote host: Connection refused"
>
2026-07-01 17:26:10,959 - Drone1.SimulationBackend - ERROR - Telemetry error: <AioRpcError of RPC that terminated with:
	status = StatusCode.UNAVAILABLE
	details = "failed to connect to all addresses; last error: UNKNOWN: ipv6:%5B::1%5D:50051: Failed to connect to remote host: Connection refused"
	debug_error_string = "UNAVAILABLE:failed to connect to all addresses; last error: UNKNOWN: ipv6:%5B::1%5D:50051: Failed to connect to remote host: Connection refused"
>
2026-07-01 17:26:11,960 - Drone1.SimulationBackend - ERROR - Telemetry error: <AioRpcError of RPC that terminated with:
	status = StatusCode.UNAVAILABLE
	details = "failed to connect to all addresses; last error: UNKNOWN: ipv6:%5B::1%5D:50051: Failed to connect to remote host: Connection refused"
	debug_error_string = "UNAVAILABLE:failed to connect to all addresses; last error: UNKNOWN: ipv6:%5B::1%5D:50051: Failed to connect to remote host: Connection refused"
>
2026-07-01 17:26:12,961 - Drone1.SimulationBackend - ERROR - Telemetry error: <AioRpcError of RPC that terminated with:
	status = StatusCode.UNAVAILABLE
	details = "failed to connect to all addresses; last error: UNKNOWN: ipv6:%5B::1%5D:50051: Failed to connect to remote host: Connection refused"
	debug_error_string = "UNAVAILABLE:failed to connect to all addresses; last error: UNKNOWN: ipv6:%5B::1%5D:50051: Failed to connect to remote host: Connection refused"
>
2026-07-01 17:26:13,962 - Drone1.SimulationBackend - ERROR - Telemetry error: <AioRpcError of RPC that terminated with:
	status = StatusCode.UNAVAILABLE
	details = "failed to connect to all addresses; last error: UNKNOWN: ipv6:%5B::1%5D:50051: Failed to connect to remote host: Connection refused"
	debug_error_string = "UNAVAILABLE:failed to connect to all addresses; last error: UNKNOWN: ipv6:%5B::1%5D:50051: Failed to connect to remote host: Connection refused"
>
2026-07-01 17:26:14,964 - Drone1.SimulationBackend - ERROR - Telemetry error: <AioRpcError of RPC that terminated with:
	status = StatusCode.UNAVAILABLE
	details = "failed to connect to all addresses; last error: UNKNOWN: ipv6:%5B::1%5D:50051: Failed to connect to remote host: Connection refused"
	debug_error_string = "UNAVAILABLE:failed to connect to all addresses; last error: UNKNOWN: ipv6:%5B::1%5D:50051: Failed to connect to remote host: Connection refused"
>
2026-07-01 17:26:15,965 - Drone1.SimulationBackend - ERROR - Telemetry error: <AioRpcError of RPC that terminated with:
	status = StatusCode.UNAVAILABLE
	details = "failed to connect to all addresses; last error: UNKNOWN: ipv6:%5B::1%5D:50051: Failed to connect to remote host: Connection refused"
	debug_error_string = "UNAVAILABLE:failed to connect to all addresses; last error: UNKNOWN: ipv6:%5B::1%5D:50051: Failed to connect to remote host: Connection refused"
>
2026-07-01 17:26:16,966 - Drone1.SimulationBackend - ERROR - Telemetry error: <AioRpcError of RPC that terminated with:
	status = StatusCode.UNAVAILABLE
	details = "failed to connect to all addresses; last error: UNKNOWN: ipv6:%5B::1%5D:50051: Failed to connect to remote host: Connection refused"
	debug_error_string = "UNAVAILABLE:failed to connect to all addresses; last error: UNKNOWN: ipv6:%5B::1%5D:50051: Failed to connect to remote host: Connection refused"
>
2026-07-01 17:26:17,967 - Drone1.SimulationBackend - ERROR - Telemetry error: <AioRpcError of RPC that terminated with:
	status = StatusCode.UNAVAILABLE
	details = "failed to connect to all addresses; last error: UNKNOWN: ipv6:%5B::1%5D:50051: Failed to connect to remote host: Connection refused"
	debug_error_string = "UNAVAILABLE:failed to connect to all addresses; last error: UNKNOWN: ipv6:%5B::1%5D:50051: Failed to connect to remote host: Connection refused"
>
2026-07-01 17:26:18,968 - Drone1.SimulationBackend - ERROR - Telemetry error: <AioRpcError of RPC that terminated with:
	status = StatusCode.UNAVAILABLE
	details = "failed to connect to all addresses; last error: UNKNOWN: ipv6:%5B::1%5D:50051: Failed to connect to remote host: Connection refused"
	debug_error_string = "UNAVAILABLE:failed to connect to all addresses; last error: UNKNOWN: ipv6:%5B::1%5D:50051: Failed to connect to remote host: Connection refused"
>
2026-07-01 17:26:19,971 - Drone1.SimulationBackend - ERROR - Telemetry error: <AioRpcError of RPC that terminated with:
	status = StatusCode.UNAVAILABLE
	details = "failed to connect to all addresses; last error: UNKNOWN: ipv6:%5B::1%5D:50051: Failed to connect to remote host: Connection refused"
	debug_error_string = "UNAVAILABLE:failed to connect to all addresses; last error: UNKNOWN: ipv6:%5B::1%5D:50051: Failed to connect to remote host: Connection refused"
>
2026-07-01 17:26:20,972 - Drone1.SimulationBackend - ERROR - Telemetry error: <AioRpcError of RPC that terminated with:
	status = StatusCode.UNAVAILABLE
	details = "failed to connect to all addresses; last error: UNKNOWN: ipv6:%5B::1%5D:50051: Failed to connect to remote host: Connection refused"
	debug_error_string = "UNAVAILABLE:failed to connect to all addresses; last error: UNKNOWN: ipv6:%5B::1%5D:50051: Failed to connect to remote host: Connection refused"
>
2026-07-01 17:26:21,973 - Drone1.SimulationBackend - ERROR - Telemetry error: <AioRpcError of RPC that terminated with:
	status = StatusCode.UNAVAILABLE
	details = "failed to connect to all addresses; last error: UNKNOWN: ipv6:%5B::1%5D:50051: Failed to connect to remote host: Connection refused"
	debug_error_string = "UNAVAILABLE:failed to connect to all addresses; last error: UNKNOWN: ipv6:%5B::1%5D:50051: Failed to connect to remote host: Connection refused"
>
2026-07-01 17:26:22,975 - Drone1.SimulationBackend - ERROR - Telemetry error: <AioRpcError of RPC that terminated with:
	status = StatusCode.UNAVAILABLE
	details = "failed to connect to all addresses; last error: UNKNOWN: ipv6:%5B::1%5D:50051: Failed to connect to remote host: Connection refused"
	debug_error_string = "UNAVAILABLE:failed to connect to all addresses; last error: UNKNOWN: ipv6:%5B::1%5D:50051: Failed to connect to remote host: Connection refused"
>
2026-07-01 17:26:23,976 - Drone1.SimulationBackend - ERROR - Telemetry error: <AioRpcError of RPC that terminated with:
	status = StatusCode.UNAVAILABLE
	details = "failed to connect to all addresses; last error: UNKNOWN: ipv6:%5B::1%5D:50051: Failed to connect to remote host: Connection refused"
	debug_error_string = "UNAVAILABLE:failed to connect to all addresses; last error: UNKNOWN: ipv6:%5B::1%5D:50051: Failed to connect to remote host: Connection refused"
>
2026-07-01 17:26:24,977 - Drone1.SimulationBackend - ERROR - Telemetry error: <AioRpcError of RPC that terminated with:
	status = StatusCode.UNAVAILABLE
	details = "failed to connect to all addresses; last error: UNKNOWN: ipv6:%5B::1%5D:50051: Failed to connect to remote host: Connection refused"
	debug_error_string = "UNAVAILABLE:failed to connect to all addresses; last error: UNKNOWN: ipv6:%5B::1%5D:50051: Failed to connect to remote host: Connection refused"
>
2026-07-01 17:26:25,978 - Drone1.SimulationBackend - ERROR - Telemetry error: <AioRpcError of RPC that terminated with:
	status = StatusCode.UNAVAILABLE
	details = "failed to connect to all addresses; last error: UNKNOWN: ipv6:%5B::1%5D:50051: Failed to connect to remote host: Connection refused"
	debug_error_string = "UNAVAILABLE:failed to connect to all addresses; last error: UNKNOWN: ipv6:%5B::1%5D:50051: Failed to connect to remote host: Connection refused"
>
2026-07-01 17:26:26,979 - Drone1.SimulationBackend - ERROR - Telemetry error: <AioRpcError of RPC that terminated with:
	status = StatusCode.UNAVAILABLE
	details = "failed to connect to all addresses; last error: UNKNOWN: ipv6:%5B::1%5D:50051: Failed to connect to remote host: Connection refused"
	debug_error_string = "UNAVAILABLE:failed to connect to all addresses; last error: UNKNOWN: ipv6:%5B::1%5D:50051: Failed to connect to remote host: Connection refused"
>
2026-07-01 17:26:27,981 - Drone1.SimulationBackend - ERROR - Telemetry error: <AioRpcError of RPC that terminated with:
	status = StatusCode.UNAVAILABLE
	details = "failed to connect to all addresses; last error: UNKNOWN: ipv6:%5B::1%5D:50051: Failed to connect to remote host: Connection refused"
	debug_error_string = "UNAVAILABLE:failed to connect to all addresses; last error: UNKNOWN: ipv6:%5B::1%5D:50051: Failed to connect to remote host: Connection refused"
>
2026-07-01 17:26:28,983 - Drone1.SimulationBackend - ERROR - Telemetry error: <AioRpcError of RPC that terminated with:
	status = StatusCode.UNAVAILABLE
	details = "failed to connect to all addresses; last error: UNKNOWN: ipv6:%5B::1%5D:50051: Failed to connect to remote host: Connection refused"
	debug_error_string = "UNAVAILABLE:failed to connect to all addresses; last error: UNKNOWN: ipv6:%5B::1%5D:50051: Failed to connect to remote host: Connection refused"
>
2026-07-01 17:26:29,984 - Drone1.SimulationBackend - ERROR - Telemetry error: <AioRpcError of RPC that terminated with:
	status = StatusCode.UNAVAILABLE
	details = "failed to connect to all addresses; last error: UNKNOWN: ipv6:%5B::1%5D:50051: Failed to connect to remote host: Connection refused"
	debug_error_string = "UNAVAILABLE:failed to connect to all addresses; last error: UNKNOWN: ipv6:%5B::1%5D:50051: Failed to connect to remote host: Connection refused"
>
2026-07-01 17:26:30,985 - Drone1.SimulationBackend - ERROR - Telemetry error: <AioRpcError of RPC that terminated with:
	status = StatusCode.UNAVAILABLE
	details = "failed to connect to all addresses; last error: UNKNOWN: ipv6:%5B::1%5D:50051: Failed to connect to remote host: Connection refused"
	debug_error_string = "UNAVAILABLE:failed to connect to all addresses; last error: UNKNOWN: ipv6:%5B::1%5D:50051: Failed to connect to remote host: Connection refused"
>
2026-07-01 17:26:31,987 - Drone1.SimulationBackend - ERROR - Telemetry error: <AioRpcError of RPC that terminated with:
	status = StatusCode.UNAVAILABLE
	details = "failed to connect to all addresses; last error: UNKNOWN: ipv6:%5B::1%5D:50051: Failed to connect to remote host: Connection refused"
	debug_error_string = "UNAVAILABLE:failed to connect to all addresses; last error: UNKNOWN: ipv6:%5B::1%5D:50051: Failed to connect to remote host: Connection refused"
>
2026-07-01 17:26:32,988 - Drone1.SimulationBackend - ERROR - Telemetry error: <AioRpcError of RPC that terminated with:
	status = StatusCode.UNAVAILABLE
	details = "failed to connect to all addresses; last error: UNKNOWN: ipv6:%5B::1%5D:50051: Failed to connect to remote host: Connection refused"
	debug_error_string = "UNAVAILABLE:failed to connect to all addresses; last error: UNKNOWN: ipv6:%5B::1%5D:50051: Failed to connect to remote host: Connection refused"
>
2026-07-01 17:26:33,990 - Drone1.SimulationBackend - ERROR - Telemetry error: <AioRpcError of RPC that terminated with:
	status = StatusCode.UNAVAILABLE
	details = "failed to connect to all addresses; last error: UNKNOWN: ipv6:%5B::1%5D:50051: Failed to connect to remote host: Connection refused"
	debug_error_string = "UNAVAILABLE:failed to connect to all addresses; last error: UNKNOWN: ipv6:%5B::1%5D:50051: Failed to connect to remote host: Connection refused"
>
2026-07-01 17:26:34,991 - Drone1.SimulationBackend - ERROR - Telemetry error: <AioRpcError of RPC that terminated with:
	status = StatusCode.UNAVAILABLE
	details = "failed to connect to all addresses; last error: UNKNOWN: ipv6:%5B::1%5D:50051: Failed to connect to remote host: Connection refused"
	debug_error_string = "UNAVAILABLE:failed to connect to all addresses; last error: UNKNOWN: ipv6:%5B::1%5D:50051: Failed to connect to remote host: Connection refused"
>
2026-07-01 17:26:35,992 - Drone1.SimulationBackend - ERROR - Telemetry error: <AioRpcError of RPC that terminated with:
	status = StatusCode.UNAVAILABLE
	details = "failed to connect to all addresses; last error: UNKNOWN: ipv6:%5B::1%5D:50051: Failed to connect to remote host: Connection refused"
	debug_error_string = "UNAVAILABLE:failed to connect to all addresses; last error: UNKNOWN: ipv6:%5B::1%5D:50051: Failed to connect to remote host: Connection refused"
>
2026-07-01 17:26:36,995 - Drone1.SimulationBackend - ERROR - Telemetry error: <AioRpcError of RPC that terminated with:
	status = StatusCode.UNAVAILABLE
	details = "failed to connect to all addresses; last error: UNKNOWN: ipv6:%5B::1%5D:50051: Failed to connect to remote host: Connection refused"
	debug_error_string = "UNAVAILABLE:failed to connect to all addresses; last error: UNKNOWN: ipv6:%5B::1%5D:50051: Failed to connect to remote host: Connection refused"
>
2026-07-01 17:26:37,996 - Drone1.SimulationBackend - ERROR - Telemetry error: <AioRpcError of RPC that terminated with:
	status = StatusCode.UNAVAILABLE
	details = "failed to connect to all addresses; last error: UNKNOWN: ipv6:%5B::1%5D:50051: Failed to connect to remote host: Connection refused"
	debug_error_string = "UNAVAILABLE:failed to connect to all addresses; last error: UNKNOWN: ipv6:%5B::1%5D:50051: Failed to connect to remote host: Connection refused"
>
2026-07-01 17:26:38,997 - Drone1.SimulationBackend - ERROR - Telemetry error: <AioRpcError of RPC that terminated with:
	status = StatusCode.UNAVAILABLE
	details = "failed to connect to all addresses; last error: UNKNOWN: ipv6:%5B::1%5D:50051: Failed to connect to remote host: Connection refused"
	debug_error_string = "UNAVAILABLE:failed to connect to all addresses; last error: UNKNOWN: ipv6:%5B::1%5D:50051: Failed to connect to remote host: Connection refused"
>
2026-07-01 17:26:39,998 - Drone1.SimulationBackend - ERROR - Telemetry error: <AioRpcError of RPC that terminated with:
	status = StatusCode.UNAVAILABLE
	details = "failed to connect to all addresses; last error: UNKNOWN: ipv6:%5B::1%5D:50051: Failed to connect to remote host: Connection refused"
	debug_error_string = "UNAVAILABLE:failed to connect to all addresses; last error: UNKNOWN: ipv6:%5B::1%5D:50051: Failed to connect to remote host: Connection refused"
>
2026-07-01 17:26:40,999 - Drone1.SimulationBackend - ERROR - Telemetry error: <AioRpcError of RPC that terminated with:
	status = StatusCode.UNAVAILABLE
	details = "failed to connect to all addresses; last error: UNKNOWN: ipv6:%5B::1%5D:50051: Failed to connect to remote host: Connection refused"
	debug_error_string = "UNAVAILABLE:failed to connect to all addresses; last error: UNKNOWN: ipv6:%5B::1%5D:50051: Failed to connect to remote host: Connection refused"
>
2026-07-01 17:26:42,000 - Drone1.SimulationBackend - ERROR - Telemetry error: <AioRpcError of RPC that terminated with:
	status = StatusCode.UNAVAILABLE
	details = "failed to connect to all addresses; last error: UNKNOWN: ipv6:%5B::1%5D:50051: Failed to connect to remote host: Connection refused"
	debug_error_string = "UNAVAILABLE:failed to connect to all addresses; last error: UNKNOWN: ipv6:%5B::1%5D:50051: Failed to connect to remote host: Connection refused"
>
2026-07-01 17:26:43,001 - Drone1.SimulationBackend - ERROR - Telemetry error: <AioRpcError of RPC that terminated with:
	status = StatusCode.UNAVAILABLE
	details = "failed to connect to all addresses; last error: UNKNOWN: ipv6:%5B::1%5D:50051: Failed to connect to remote host: Connection refused"
	debug_error_string = "UNAVAILABLE:failed to connect to all addresses; last error: UNKNOWN: ipv6:%5B::1%5D:50051: Failed to connect to remote host: Connection refused"
>
2026-07-01 17:26:44,002 - Drone1.SimulationBackend - ERROR - Telemetry error: <AioRpcError of RPC that terminated with:
	status = StatusCode.UNAVAILABLE
	details = "failed to connect to all addresses; last error: UNKNOWN: ipv6:%5B::1%5D:50051: Failed to connect to remote host: Connection refused"
	debug_error_string = "UNAVAILABLE:failed to connect to all addresses; last error: UNKNOWN: ipv6:%5B::1%5D:50051: Failed to connect to remote host: Connection refused"
>
2026-07-01 17:26:45,004 - Drone1.SimulationBackend - ERROR - Telemetry error: <AioRpcError of RPC that terminated with:
	status = StatusCode.UNAVAILABLE
	details = "failed to connect to all addresses; last error: UNKNOWN: ipv6:%5B::1%5D:50051: Failed to connect to remote host: Connection refused"
	debug_error_string = "UNAVAILABLE:failed to connect to all addresses; last error: UNKNOWN: ipv6:%5B::1%5D:50051: Failed to connect to remote host: Connection refused"
>
2026-07-01 17:26:46,005 - Drone1.SimulationBackend - ERROR - Telemetry error: <AioRpcError of RPC that terminated with:
	status = StatusCode.UNAVAILABLE
	details = "failed to connect to all addresses; last error: UNKNOWN: ipv6:%5B::1%5D:50051: Failed to connect to remote host: Connection refused"
	debug_error_string = "UNAVAILABLE:failed to connect to all addresses; last error: UNKNOWN: ipv6:%5B::1%5D:50051: Failed to connect to remote host: Connection refused"
>
2026-07-01 17:26:47,007 - Drone1.SimulationBackend - ERROR - Telemetry error: <AioRpcError of RPC that terminated with:
	status = StatusCode.UNAVAILABLE
	details = "failed to connect to all addresses; last error: UNKNOWN: ipv6:%5B::1%5D:50051: Failed to connect to remote host: Connection refused"
	debug_error_string = "UNAVAILABLE:failed to connect to all addresses; last error: UNKNOWN: ipv6:%5B::1%5D:50051: Failed to connect to remote host: Connection refused"
>
2026-07-01 17:26:48,008 - Drone1.SimulationBackend - ERROR - Telemetry error: <AioRpcError of RPC that terminated with:
	status = StatusCode.UNAVAILABLE
	details = "failed to connect to all addresses; last error: UNKNOWN: ipv6:%5B::1%5D:50051: Failed to connect to remote host: Connection refused"
	debug_error_string = "UNAVAILABLE:failed to connect to all addresses; last error: UNKNOWN: ipv6:%5B::1%5D:50051: Failed to connect to remote host: Connection refused"
>
2026-07-01 17:26:49,009 - Drone1.SimulationBackend - ERROR - Telemetry error: <AioRpcError of RPC that terminated with:
	status = StatusCode.UNAVAILABLE
	details = "failed to connect to all addresses; last error: UNKNOWN: ipv6:%5B::1%5D:50051: Failed to connect to remote host: Connection refused"
	debug_error_string = "UNAVAILABLE:failed to connect to all addresses; last error: UNKNOWN: ipv6:%5B::1%5D:50051: Failed to connect to remote host: Connection refused"
>
2026-07-01 17:26:50,010 - Drone1.SimulationBackend - ERROR - Telemetry error: <AioRpcError of RPC that terminated with:
	status = StatusCode.UNAVAILABLE
	details = "failed to connect to all addresses; last error: UNKNOWN: ipv6:%5B::1%5D:50051: Failed to connect to remote host: Connection refused"
	debug_error_string = "UNAVAILABLE:failed to connect to all addresses; last error: UNKNOWN: ipv6:%5B::1%5D:50051: Failed to connect to remote host: Connection refused"
>
2026-07-01 17:26:51,012 - Drone1.SimulationBackend - ERROR - Telemetry error: <AioRpcError of RPC that terminated with:
	status = StatusCode.UNAVAILABLE
	details = "failed to connect to all addresses; last error: UNKNOWN: ipv6:%5B::1%5D:50051: Failed to connect to remote host: Connection refused"
	debug_error_string = "UNAVAILABLE:failed to connect to all addresses; last error: UNKNOWN: ipv6:%5B::1%5D:50051: Failed to connect to remote host: Connection refused"
>
2026-07-01 17:26:52,013 - Drone1.SimulationBackend - ERROR - Telemetry error: <AioRpcError of RPC that terminated with:
	status = StatusCode.UNAVAILABLE
	details = "failed to connect to all addresses; last error: UNKNOWN: ipv6:%5B::1%5D:50051: Failed to connect to remote host: Connection refused"
	debug_error_string = "UNAVAILABLE:failed to connect to all addresses; last error: UNKNOWN: ipv6:%5B::1%5D:50051: Failed to connect to remote host: Connection refused"
>
2026-07-01 17:26:53,014 - Drone1.SimulationBackend - ERROR - Telemetry error: <AioRpcError of RPC that terminated with:
	status = StatusCode.UNAVAILABLE
	details = "failed to connect to all addresses; last error: UNKNOWN: ipv6:%5B::1%5D:50051: Failed to connect to remote host: Connection refused"
	debug_error_string = "UNAVAILABLE:failed to connect to all addresses; last error: UNKNOWN: ipv6:%5B::1%5D:50051: Failed to connect to remote host: Connection refused"
>
2026-07-01 17:26:54,016 - Drone1.SimulationBackend - ERROR - Telemetry error: <AioRpcError of RPC that terminated with:
	status = StatusCode.UNAVAILABLE
	details = "failed to connect to all addresses; last error: UNKNOWN: ipv6:%5B::1%5D:50051: Failed to connect to remote host: Connection refused"
	debug_error_string = "UNAVAILABLE:failed to connect to all addresses; last error: UNKNOWN: ipv6:%5B::1%5D:50051: Failed to connect to remote host: Connection refused"
>
2026-07-01 17:26:55,018 - Drone1.SimulationBackend - ERROR - Telemetry error: <AioRpcError of RPC that terminated with:
	status = StatusCode.UNAVAILABLE
	details = "failed to connect to all addresses; last error: UNKNOWN: ipv6:%5B::1%5D:50051: Failed to connect to remote host: Connection refused"
	debug_error_string = "UNAVAILABLE:failed to connect to all addresses; last error: UNKNOWN: ipv6:%5B::1%5D:50051: Failed to connect to remote host: Connection refused"
>
2026-07-01 17:26:56,020 - Drone1.SimulationBackend - ERROR - Telemetry error: <AioRpcError of RPC that terminated with:
	status = StatusCode.UNAVAILABLE
	details = "failed to connect to all addresses; last error: UNKNOWN: ipv6:%5B::1%5D:50051: Failed to connect to remote host: Connection refused"
	debug_error_string = "UNAVAILABLE:failed to connect to all addresses; last error: UNKNOWN: ipv6:%5B::1%5D:50051: Failed to connect to remote host: Connection refused"
>
2026-07-01 17:26:57,021 - Drone1.SimulationBackend - ERROR - Telemetry error: <AioRpcError of RPC that terminated with:
	status = StatusCode.UNAVAILABLE
	details = "failed to connect to all addresses; last error: UNKNOWN: ipv6:%5B::1%5D:50051: Failed to connect to remote host: Connection refused"
	debug_error_string = "UNAVAILABLE:failed to connect to all addresses; last error: UNKNOWN: ipv6:%5B::1%5D:50051: Failed to connect to remote host: Connection refused"
>
2026-07-01 17:26:58,022 - Drone1.SimulationBackend - ERROR - Telemetry error: <AioRpcError of RPC that terminated with:
	status = StatusCode.UNAVAILABLE
	details = "failed to connect to all addresses; last error: UNKNOWN: ipv6:%5B::1%5D:50051: Failed to connect to remote host: Connection refused"
	debug_error_string = "UNAVAILABLE:failed to connect to all addresses; last error: UNKNOWN: ipv6:%5B::1%5D:50051: Failed to connect to remote host: Connection refused"
>
2026-07-01 17:26:59,024 - Drone1.SimulationBackend - ERROR - Telemetry error: <AioRpcError of RPC that terminated with:
	status = StatusCode.UNAVAILABLE
	details = "failed to connect to all addresses; last error: UNKNOWN: ipv6:%5B::1%5D:50051: Failed to connect to remote host: Connection refused"
	debug_error_string = "UNAVAILABLE:failed to connect to all addresses; last error: UNKNOWN: ipv6:%5B::1%5D:50051: Failed to connect to remote host: Connection refused"
>
2026-07-01 17:27:00,025 - Drone1.SimulationBackend - ERROR - Telemetry error: <AioRpcError of RPC that terminated with:
	status = StatusCode.UNAVAILABLE
	details = "failed to connect to all addresses; last error: UNKNOWN: ipv6:%5B::1%5D:50051: Failed to connect to remote host: Connection refused"
	debug_error_string = "UNAVAILABLE:failed to connect to all addresses; last error: UNKNOWN: ipv6:%5B::1%5D:50051: Failed to connect to remote host: Connection refused"
>
2026-07-01 17:27:01,026 - Drone1.SimulationBackend - ERROR - Telemetry error: <AioRpcError of RPC that terminated with:
	status = StatusCode.UNAVAILABLE
	details = "failed to connect to all addresses; last error: UNKNOWN: ipv6:%5B::1%5D:50051: Failed to connect to remote host: Connection refused"
	debug_error_string = "UNAVAILABLE:failed to connect to all addresses; last error: UNKNOWN: ipv6:%5B::1%5D:50051: Failed to connect to remote host: Connection refused"
>
2026-07-01 17:27:02,027 - Drone1.SimulationBackend - ERROR - Telemetry error: <AioRpcError of RPC that terminated with:
	status = StatusCode.UNAVAILABLE
	details = "failed to connect to all addresses; last error: UNKNOWN: ipv6:%5B::1%5D:50051: Failed to connect to remote host: Connection refused"
	debug_error_string = "UNAVAILABLE:failed to connect to all addresses; last error: UNKNOWN: ipv6:%5B::1%5D:50051: Failed to connect to remote host: Connection refused"
>
2026-07-01 17:27:03,028 - Drone1.SimulationBackend - ERROR - Telemetry error: <AioRpcError of RPC that terminated with:
	status = StatusCode.UNAVAILABLE
	details = "failed to connect to all addresses; last error: UNKNOWN: ipv6:%5B::1%5D:50051: Failed to connect to remote host: Connection refused"
	debug_error_string = "UNAVAILABLE:failed to connect to all addresses; last error: UNKNOWN: ipv6:%5B::1%5D:50051: Failed to connect to remote host: Connection refused"
>
2026-07-01 17:27:04,029 - Drone1.SimulationBackend - ERROR - Telemetry error: <AioRpcError of RPC that terminated with:
	status = StatusCode.UNAVAILABLE
	details = "failed to connect to all addresses; last error: UNKNOWN: ipv6:%5B::1%5D:50051: Failed to connect to remote host: Connection refused"
	debug_error_string = "UNAVAILABLE:failed to connect to all addresses; last error: UNKNOWN: ipv6:%5B::1%5D:50051: Failed to connect to remote host: Connection refused"
>
2026-07-01 17:27:05,031 - Drone1.SimulationBackend - ERROR - Telemetry error: <AioRpcError of RPC that terminated with:
	status = StatusCode.UNAVAILABLE
	details = "failed to connect to all addresses; last error: UNKNOWN: ipv6:%5B::1%5D:50051: Failed to connect to remote host: Connection refused"
	debug_error_string = "UNAVAILABLE:failed to connect to all addresses; last error: UNKNOWN: ipv6:%5B::1%5D:50051: Failed to connect to remote host: Connection refused"
>
2026-07-01 17:27:06,032 - Drone1.SimulationBackend - ERROR - Telemetry error: <AioRpcError of RPC that terminated with:
	status = StatusCode.UNAVAILABLE
	details = "failed to connect to all addresses; last error: UNKNOWN: ipv6:%5B::1%5D:50051: Failed to connect to remote host: Connection refused"
	debug_error_string = "UNAVAILABLE:failed to connect to all addresses; last error: UNKNOWN: ipv6:%5B::1%5D:50051: Failed to connect to remote host: Connection refused"
>
2026-07-01 17:27:07,033 - Drone1.SimulationBackend - ERROR - Telemetry error: <AioRpcError of RPC that terminated with:
	status = StatusCode.UNAVAILABLE
	details = "failed to connect to all addresses; last error: UNKNOWN: ipv6:%5B::1%5D:50051: Failed to connect to remote host: Connection refused"
	debug_error_string = "UNAVAILABLE:failed to connect to all addresses; last error: UNKNOWN: ipv6:%5B::1%5D:50051: Failed to connect to remote host: Connection refused"
>
2026-07-01 17:27:08,034 - Drone1.SimulationBackend - ERROR - Telemetry error: <AioRpcError of RPC that terminated with:
	status = StatusCode.UNAVAILABLE
	details = "failed to connect to all addresses; last error: UNKNOWN: ipv6:%5B::1%5D:50051: Failed to connect to remote host: Connection refused"
	debug_error_string = "UNAVAILABLE:failed to connect to all addresses; last error: UNKNOWN: ipv6:%5B::1%5D:50051: Failed to connect to remote host: Connection refused"
>
2026-07-01 17:27:09,035 - Drone1.SimulationBackend - ERROR - Telemetry error: <AioRpcError of RPC that terminated with:
	status = StatusCode.UNAVAILABLE
	details = "failed to connect to all addresses; last error: UNKNOWN: ipv6:%5B::1%5D:50051: Failed to connect to remote host: Connection refused"
	debug_error_string = "UNAVAILABLE:failed to connect to all addresses; last error: UNKNOWN: ipv6:%5B::1%5D:50051: Failed to connect to remote host: Connection refused"
>
2026-07-01 17:27:10,037 - Drone1.SimulationBackend - ERROR - Telemetry error: <AioRpcError of RPC that terminated with:
	status = StatusCode.UNAVAILABLE
	details = "failed to connect to all addresses; last error: UNKNOWN: ipv6:%5B::1%5D:50051: Failed to connect to remote host: Connection refused"
	debug_error_string = "UNAVAILABLE:failed to connect to all addresses; last error: UNKNOWN: ipv6:%5B::1%5D:50051: Failed to connect to remote host: Connection refused"
>
2026-07-01 17:27:11,038 - Drone1.SimulationBackend - ERROR - Telemetry error: <AioRpcError of RPC that terminated with:
	status = StatusCode.UNAVAILABLE
	details = "failed to connect to all addresses; last error: UNKNOWN: ipv6:%5B::1%5D:50051: Failed to connect to remote host: Connection refused"
	debug_error_string = "UNAVAILABLE:failed to connect to all addresses; last error: UNKNOWN: ipv6:%5B::1%5D:50051: Failed to connect to remote host: Connection refused"
>
2026-07-01 17:27:12,039 - Drone1.SimulationBackend - ERROR - Telemetry error: <AioRpcError of RPC that terminated with:
	status = StatusCode.UNAVAILABLE
	details = "failed to connect to all addresses; last error: UNKNOWN: ipv6:%5B::1%5D:50051: Failed to connect to remote host: Connection refused"
	debug_error_string = "UNAVAILABLE:failed to connect to all addresses; last error: UNKNOWN: ipv6:%5B::1%5D:50051: Failed to connect to remote host: Connection refused"
>
2026-07-01 17:27:13,040 - Drone1.SimulationBackend - ERROR - Telemetry error: <AioRpcError of RPC that terminated with:
	status = StatusCode.UNAVAILABLE
	details = "failed to connect to all addresses; last error: UNKNOWN: ipv6:%5B::1%5D:50051: Failed to connect to remote host: Connection refused"
	debug_error_string = "UNAVAILABLE:failed to connect to all addresses; last error: UNKNOWN: ipv6:%5B::1%5D:50051: Failed to connect to remote host: Connection refused"
>
2026-07-01 17:27:14,041 - Drone1.SimulationBackend - ERROR - Telemetry error: <AioRpcError of RPC that terminated with:
	status = StatusCode.UNAVAILABLE
	details = "failed to connect to all addresses; last error: UNKNOWN: ipv6:%5B::1%5D:50051: Failed to connect to remote host: Connection refused"
	debug_error_string = "UNAVAILABLE:failed to connect to all addresses; last error: UNKNOWN: ipv6:%5B::1%5D:50051: Failed to connect to remote host: Connection refused"
>
2026-07-01 17:27:15,043 - Drone1.SimulationBackend - ERROR - Telemetry error: <AioRpcError of RPC that terminated with:
	status = StatusCode.UNAVAILABLE
	details = "failed to connect to all addresses; last error: UNKNOWN: ipv6:%5B::1%5D:50051: Failed to connect to remote host: Connection refused"
	debug_error_string = "UNAVAILABLE:failed to connect to all addresses; last error: UNKNOWN: ipv6:%5B::1%5D:50051: Failed to connect to remote host: Connection refused"
>
2026-07-01 17:27:16,044 - Drone1.SimulationBackend - ERROR - Telemetry error: <AioRpcError of RPC that terminated with:
	status = StatusCode.UNAVAILABLE
	details = "failed to connect to all addresses; last error: UNKNOWN: ipv6:%5B::1%5D:50051: Failed to connect to remote host: Connection refused"
	debug_error_string = "UNAVAILABLE:failed to connect to all addresses; last error: UNKNOWN: ipv6:%5B::1%5D:50051: Failed to connect to remote host: Connection refused"
>
2026-07-01 17:27:17,045 - Drone1.SimulationBackend - ERROR - Telemetry error: <AioRpcError of RPC that terminated with:
	status = StatusCode.UNAVAILABLE
	details = "failed to connect to all addresses; last error: UNKNOWN: ipv6:%5B::1%5D:50051: Failed to connect to remote host: Connection refused"
	debug_error_string = "UNAVAILABLE:failed to connect to all addresses; last error: UNKNOWN: ipv6:%5B::1%5D:50051: Failed to connect to remote host: Connection refused"
>
2026-07-01 17:27:18,046 - Drone1.SimulationBackend - ERROR - Telemetry error: <AioRpcError of RPC that terminated with:
	status = StatusCode.UNAVAILABLE
	details = "failed to connect to all addresses; last error: UNKNOWN: ipv6:%5B::1%5D:50051: Failed to connect to remote host: Connection refused"
	debug_error_string = "UNAVAILABLE:failed to connect to all addresses; last error: UNKNOWN: ipv6:%5B::1%5D:50051: Failed to connect to remote host: Connection refused"
>
2026-07-01 17:27:19,047 - Drone1.SimulationBackend - ERROR - Telemetry error: <AioRpcError of RPC that terminated with:
	status = StatusCode.UNAVAILABLE
	details = "failed to connect to all addresses; last error: UNKNOWN: ipv6:%5B::1%5D:50051: Failed to connect to remote host: Connection refused"
	debug_error_string = "UNAVAILABLE:failed to connect to all addresses; last error: UNKNOWN: ipv6:%5B::1%5D:50051: Failed to connect to remote host: Connection refused"
>
2026-07-01 17:27:20,049 - Drone1.SimulationBackend - ERROR - Telemetry error: <AioRpcError of RPC that terminated with:
	status = StatusCode.UNAVAILABLE
	details = "failed to connect to all addresses; last error: UNKNOWN: ipv6:%5B::1%5D:50051: Failed to connect to remote host: Connection refused"
	debug_error_string = "UNAVAILABLE:failed to connect to all addresses; last error: UNKNOWN: ipv6:%5B::1%5D:50051: Failed to connect to remote host: Connection refused"
>
2026-07-01 17:27:21,051 - Drone1.SimulationBackend - ERROR - Telemetry error: <AioRpcError of RPC that terminated with:
	status = StatusCode.UNAVAILABLE
	details = "failed to connect to all addresses; last error: UNKNOWN: ipv6:%5B::1%5D:50051: Failed to connect to remote host: Connection refused"
	debug_error_string = "UNAVAILABLE:failed to connect to all addresses; last error: UNKNOWN: ipv6:%5B::1%5D:50051: Failed to connect to remote host: Connection refused"
>
2026-07-01 17:27:22,052 - Drone1.SimulationBackend - ERROR - Telemetry error: <AioRpcError of RPC that terminated with:
	status = StatusCode.UNAVAILABLE
	details = "failed to connect to all addresses; last error: UNKNOWN: ipv6:%5B::1%5D:50051: Failed to connect to remote host: Connection refused"
	debug_error_string = "UNAVAILABLE:failed to connect to all addresses; last error: UNKNOWN: ipv6:%5B::1%5D:50051: Failed to connect to remote host: Connection refused"
>
2026-07-01 17:27:23,053 - Drone1.SimulationBackend - ERROR - Telemetry error: <AioRpcError of RPC that terminated with:
	status = StatusCode.UNAVAILABLE
	details = "failed to connect to all addresses; last error: UNKNOWN: ipv6:%5B::1%5D:50051: Failed to connect to remote host: Connection refused"
	debug_error_string = "UNAVAILABLE:failed to connect to all addresses; last error: UNKNOWN: ipv6:%5B::1%5D:50051: Failed to connect to remote host: Connection refused"
>
2026-07-01 17:27:24,054 - Drone1.SimulationBackend - ERROR - Telemetry error: <AioRpcError of RPC that terminated with:
	status = StatusCode.UNAVAILABLE
	details = "failed to connect to all addresses; last error: UNKNOWN: ipv6:%5B::1%5D:50051: Failed to connect to remote host: Connection refused"
	debug_error_string = "UNAVAILABLE:failed to connect to all addresses; last error: UNKNOWN: ipv6:%5B::1%5D:50051: Failed to connect to remote host: Connection refused"
>
2026-07-01 17:27:25,056 - Drone1.SimulationBackend - ERROR - Telemetry error: <AioRpcError of RPC that terminated with:
	status = StatusCode.UNAVAILABLE
	details = "failed to connect to all addresses; last error: UNKNOWN: ipv6:%5B::1%5D:50051: Failed to connect to remote host: Connection refused"
	debug_error_string = "UNAVAILABLE:failed to connect to all addresses; last error: UNKNOWN: ipv6:%5B::1%5D:50051: Failed to connect to remote host: Connection refused"
>
2026-07-01 17:27:26,057 - Drone1.SimulationBackend - ERROR - Telemetry error: <AioRpcError of RPC that terminated with:
	status = StatusCode.UNAVAILABLE
	details = "failed to connect to all addresses; last error: UNKNOWN: ipv4:127.0.0.1:50051: Failed to connect to remote host: Connection refused"
	debug_error_string = "UNAVAILABLE:failed to connect to all addresses; last error: UNKNOWN: ipv4:127.0.0.1:50051: Failed to connect to remote host: Connection refused"
>
2026-07-01 17:27:27,058 - Drone1.SimulationBackend - ERROR - Telemetry error: <AioRpcError of RPC that terminated with:
	status = StatusCode.UNAVAILABLE
	details = "failed to connect to all addresses; last error: UNKNOWN: ipv4:127.0.0.1:50051: Failed to connect to remote host: Connection refused"
	debug_error_string = "UNAVAILABLE:failed to connect to all addresses; last error: UNKNOWN: ipv4:127.0.0.1:50051: Failed to connect to remote host: Connection refused"
>
2026-07-01 17:27:28,059 - Drone1.SimulationBackend - ERROR - Telemetry error: <AioRpcError of RPC that terminated with:
	status = StatusCode.UNAVAILABLE
	details = "failed to connect to all addresses; last error: UNKNOWN: ipv4:127.0.0.1:50051: Failed to connect to remote host: Connection refused"
	debug_error_string = "UNAVAILABLE:failed to connect to all addresses; last error: UNKNOWN: ipv4:127.0.0.1:50051: Failed to connect to remote host: Connection refused"
>
2026-07-01 17:27:29,061 - Drone1.SimulationBackend - ERROR - Telemetry error: <AioRpcError of RPC that terminated with:
	status = StatusCode.UNAVAILABLE
	details = "failed to connect to all addresses; last error: UNKNOWN: ipv4:127.0.0.1:50051: Failed to connect to remote host: Connection refused"
	debug_error_string = "UNAVAILABLE:failed to connect to all addresses; last error: UNKNOWN: ipv4:127.0.0.1:50051: Failed to connect to remote host: Connection refused"
>
2026-07-01 17:27:30,063 - Drone1.SimulationBackend - ERROR - Telemetry error: <AioRpcError of RPC that terminated with:
	status = StatusCode.UNAVAILABLE
	details = "failed to connect to all addresses; last error: UNKNOWN: ipv4:127.0.0.1:50051: Failed to connect to remote host: Connection refused"
	debug_error_string = "UNAVAILABLE:failed to connect to all addresses; last error: UNKNOWN: ipv4:127.0.0.1:50051: Failed to connect to remote host: Connection refused"
>
2026-07-01 17:27:31,064 - Drone1.SimulationBackend - ERROR - Telemetry error: <AioRpcError of RPC that terminated with:
	status = StatusCode.UNAVAILABLE
	details = "failed to connect to all addresses; last error: UNKNOWN: ipv4:127.0.0.1:50051: Failed to connect to remote host: Connection refused"
	debug_error_string = "UNAVAILABLE:failed to connect to all addresses; last error: UNKNOWN: ipv4:127.0.0.1:50051: Failed to connect to remote host: Connection refused"
>
2026-07-01 17:27:32,065 - Drone1.SimulationBackend - ERROR - Telemetry error: <AioRpcError of RPC that terminated with:
	status = StatusCode.UNAVAILABLE
	details = "failed to connect to all addresses; last error: UNKNOWN: ipv4:127.0.0.1:50051: Failed to connect to remote host: Connection refused"
	debug_error_string = "UNAVAILABLE:failed to connect to all addresses; last error: UNKNOWN: ipv4:127.0.0.1:50051: Failed to connect to remote host: Connection refused"
>
2026-07-01 17:27:33,066 - Drone1.SimulationBackend - ERROR - Telemetry error: <AioRpcError of RPC that terminated with:
	status = StatusCode.UNAVAILABLE
	details = "failed to connect to all addresses; last error: UNKNOWN: ipv4:127.0.0.1:50051: Failed to connect to remote host: Connection refused"
	debug_error_string = "UNAVAILABLE:failed to connect to all addresses; last error: UNKNOWN: ipv4:127.0.0.1:50051: Failed to connect to remote host: Connection refused"
>
2026-07-01 17:35:56,572 - Drone1 - INFO - Logger initialized for drone 1
2026-07-01 17:35:56,573 - Drone1 - INFO - BackendFactory: Creating SimulationBackend
2026-07-01 17:35:56,573 - Drone1.Communication - INFO - Communication initialized on 0.0.0.0:14560
2026-07-01 17:35:56,573 - Drone1.StateMachine - INFO - StateMachine initialized
2026-07-01 17:35:56,574 - Drone1 - INFO - DroneAgent initialized
2026-07-01 17:35:56,574 - Drone1 - INFO - Starting DroneAgent...
2026-07-01 17:35:56,574 - Drone1.SimulationBackend - INFO - Starting SimulationBackend...
2026-07-01 17:35:56,574 - Drone1.SimulationBackend - INFO - Connecting to SITL simulation via udpin://0.0.0.0:14540
2026-07-01 17:36:01,579 - Drone1.SimulationBackend - ERROR - Timeout: MAVSDK server failed to start (check for orphaned mavsdk_server processes holding port 14540)
2026-07-01 17:36:01,579 - Drone1.SimulationBackend - ERROR - Telemetry error: Telemetry plugin has not been initialized! Did you run `System.connect()`?
2026-07-01 17:36:02,580 - Drone1.SimulationBackend - ERROR - Telemetry error: Telemetry plugin has not been initialized! Did you run `System.connect()`?
2026-07-01 17:36:03,581 - Drone1.SimulationBackend - ERROR - Telemetry error: Telemetry plugin has not been initialized! Did you run `System.connect()`?
2026-07-01 17:36:04,582 - Drone1.SimulationBackend - ERROR - Telemetry error: Telemetry plugin has not been initialized! Did you run `System.connect()`?
2026-07-01 17:36:05,583 - Drone1.SimulationBackend - ERROR - Telemetry error: Telemetry plugin has not been initialized! Did you run `System.connect()`?
2026-07-01 17:36:06,584 - Drone1.SimulationBackend - ERROR - Telemetry error: Telemetry plugin has not been initialized! Did you run `System.connect()`?
2026-07-01 17:36:07,585 - Drone1.SimulationBackend - ERROR - Telemetry error: Telemetry plugin has not been initialized! Did you run `System.connect()`?
2026-07-01 17:36:08,586 - Drone1.SimulationBackend - ERROR - Telemetry error: Telemetry plugin has not been initialized! Did you run `System.connect()`?
2026-07-01 17:36:09,587 - Drone1.SimulationBackend - ERROR - Telemetry error: Telemetry plugin has not been initialized! Did you run `System.connect()`?
2026-07-01 17:36:10,588 - Drone1.SimulationBackend - ERROR - Telemetry error: Telemetry plugin has not been initialized! Did you run `System.connect()`?
2026-07-01 17:36:11,589 - Drone1.SimulationBackend - ERROR - Telemetry error: Telemetry plugin has not been initialized! Did you run `System.connect()`?
2026-07-01 17:36:12,590 - Drone1.SimulationBackend - ERROR - Telemetry error: Telemetry plugin has not been initialized! Did you run `System.connect()`?
2026-07-01 17:36:13,591 - Drone1.SimulationBackend - ERROR - Telemetry error: Telemetry plugin has not been initialized! Did you run `System.connect()`?
2026-07-01 17:36:14,592 - Drone1.SimulationBackend - ERROR - Telemetry error: Telemetry plugin has not been initialized! Did you run `System.connect()`?
2026-07-01 17:36:15,593 - Drone1.SimulationBackend - ERROR - Telemetry error: Telemetry plugin has not been initialized! Did you run `System.connect()`?
2026-07-01 17:36:16,378 - Drone1 - INFO - Received signal 15, initiating shutdown...
2026-07-01 17:36:16,379 - Drone1 - INFO - Shutting down DroneAgent...
2026-07-01 17:36:16,379 - Drone1.Heartbeat - INFO - Heartbeat stopped
2026-07-01 17:36:16,380 - Drone1.MovementController - INFO - Movement controller stopped
2026-07-01 17:36:16,380 - Drone1.Decision - INFO - Decision engine stopped
2026-07-01 17:36:16,380 - Drone1.Telemetry - INFO - Telemetry stopped
2026-07-01 17:36:16,381 - Drone1.Communication - INFO - Communication stopped
2026-07-01 17:36:16,381 - Drone1.SimulationBackend - INFO - Stopping SimulationBackend...
2026-07-01 17:36:16,381 - Drone1 - INFO - DroneAgent shutdown complete
2026-07-01 17:36:53,375 - Drone1 - INFO - Logger initialized for drone 1
2026-07-01 17:36:53,376 - Drone1 - INFO - BackendFactory: Creating SimulationBackend
2026-07-01 17:37:23,177 - Drone1 - INFO - Logger initialized for drone 1
2026-07-01 17:37:23,177 - Drone1 - INFO - BackendFactory: Creating SimulationBackend
2026-07-01 17:37:23,177 - Drone1.Communication - INFO - Communication initialized on 0.0.0.0:14560
2026-07-01 17:37:23,178 - Drone1.StateMachine - INFO - StateMachine initialized
2026-07-01 17:37:23,178 - Drone1 - INFO - DroneAgent initialized
2026-07-01 17:37:23,178 - Drone1 - INFO - Starting DroneAgent...
2026-07-01 17:37:23,178 - Drone1.SimulationBackend - INFO - Connecting SimulationBackend...
2026-07-01 17:37:23,179 - Drone1.SimulationBackend - INFO - Connecting to SITL simulation via udpin://0.0.0.0:14540
2026-07-01 17:37:28,185 - Drone1.SimulationBackend - ERROR - Timeout: MAVSDK server failed to start (check for orphaned mavsdk_server processes holding port 14540)
2026-07-01 17:37:43,013 - Drone1 - INFO - Received signal 15, initiating shutdown...
2026-07-01 17:37:43,013 - Drone1 - INFO - Shutting down DroneAgent...
2026-07-01 17:37:43,013 - Drone1.Heartbeat - INFO - Heartbeat stopped
2026-07-01 17:37:43,014 - Drone1.MovementController - INFO - Movement controller stopped
2026-07-01 17:37:43,014 - Drone1.Decision - INFO - Decision engine stopped
2026-07-01 17:37:43,014 - Drone1.Telemetry - INFO - Telemetry stopped
2026-07-01 17:37:43,014 - Drone1.Communication - INFO - Communication stopped
2026-07-01 17:37:43,014 - Drone1.SimulationBackend - INFO - Stopping SimulationBackend...
2026-07-01 17:37:43,014 - Drone1 - INFO - DroneAgent shutdown complete
2026-07-01 17:38:11,896 - Drone1 - INFO - Logger initialized for drone 1
2026-07-01 17:38:11,896 - Drone1 - INFO - BackendFactory: Creating SimulationBackend
2026-07-01 17:38:11,896 - Drone1.Communication - INFO - Communication initialized on 0.0.0.0:14560
2026-07-01 17:38:11,896 - Drone1.StateMachine - INFO - StateMachine initialized
2026-07-01 17:38:11,896 - Drone1 - INFO - DroneAgent initialized
2026-07-01 17:38:11,897 - Drone1 - INFO - Starting DroneAgent...
2026-07-01 17:38:11,897 - Drone1.SimulationBackend - INFO - Connecting SimulationBackend...
2026-07-01 17:38:11,897 - Drone1.SimulationBackend - INFO - Connecting to SITL simulation via udpin://0.0.0.0:14540
2026-07-01 17:38:16,899 - Drone1.SimulationBackend - ERROR - Timeout: MAVSDK server failed to start (check for orphaned mavsdk_server processes holding port 14540)
2026-07-01 17:38:16,905 - Drone1.SimulationBackend - ERROR - SimulationBackend connection failed.
2026-07-01 17:38:16,905 - Drone1.SimulationBackend - INFO - Stopping SimulationBackend...
2026-07-01 17:38:16,905 - Drone1 - ERROR - Backend connection failed. Exiting.
2026-07-01 18:21:20,995 - Drone1 - INFO - Logger initialized for drone 1
2026-07-01 18:21:20,995 - Drone1 - INFO - BackendFactory: Creating SimulationBackend
2026-07-01 18:21:20,996 - Drone1.Communication - INFO - Communication initialized on 0.0.0.0:14560
2026-07-01 18:21:20,996 - Drone1.StateMachine - INFO - StateMachine initialized
2026-07-01 18:21:20,996 - Drone1 - INFO - DroneAgent initialized
2026-07-01 18:21:20,996 - Drone1 - INFO - Starting DroneAgent...
2026-07-01 18:21:20,996 - Drone1.SimulationBackend - INFO - Connecting SimulationBackend...
2026-07-01 18:21:20,997 - Drone1.SimulationBackend - INFO - Connecting to SITL simulation via udpin://0.0.0.0:14540
2026-07-01 18:21:26,002 - Drone1.SimulationBackend - ERROR - Timeout: MAVSDK server failed to start (check for orphaned mavsdk_server processes holding port 14540)
2026-07-01 18:21:26,102 - Drone1.SimulationBackend - ERROR - SimulationBackend connection failed.
2026-07-01 18:21:26,102 - Drone1.SimulationBackend - INFO - Stopping SimulationBackend...
2026-07-01 18:21:26,102 - Drone1 - ERROR - Backend connection failed. Exiting.
2026-07-01 18:27:23,018 - Drone1 - INFO - Logger initialized for drone 1
2026-07-01 18:27:23,018 - Drone1 - INFO - BackendFactory: Creating SimulationBackend
2026-07-01 18:27:23,019 - Drone1.Communication - INFO - Communication initialized on 0.0.0.0:14560
2026-07-01 18:27:23,019 - Drone1.StateMachine - INFO - StateMachine initialized
2026-07-01 18:27:23,019 - Drone1 - INFO - DroneAgent initialized
2026-07-01 18:27:23,019 - Drone1 - INFO - Starting DroneAgent...
2026-07-01 18:27:23,019 - Drone1.SimulationBackend - INFO - Connecting SimulationBackend...
2026-07-01 18:27:23,020 - Drone1.SimulationBackend - INFO - Connecting to SITL simulation via udpin://0.0.0.0:14540
2026-07-01 18:27:28,025 - Drone1.SimulationBackend - ERROR - Timeout: MAVSDK server failed to start (check for orphaned mavsdk_server processes holding port 14540)
2026-07-01 18:27:28,126 - Drone1.SimulationBackend - ERROR - SimulationBackend connection failed.
2026-07-01 18:27:28,126 - Drone1.SimulationBackend - INFO - Stopping SimulationBackend...
2026-07-01 18:27:28,127 - Drone1 - ERROR - Backend connection failed. Exiting.
2026-07-01 18:36:38,272 - Drone1 - INFO - Logger initialized for drone 1
2026-07-01 18:36:38,273 - Drone1 - INFO - BackendFactory: Creating SimulationBackend
2026-07-01 18:36:38,273 - Drone1.Communication - INFO - Communication initialized on 0.0.0.0:14560
2026-07-01 18:36:38,273 - Drone1.StateMachine - INFO - StateMachine initialized
2026-07-01 18:36:38,274 - Drone1 - INFO - DroneAgent initialized
2026-07-01 18:36:38,274 - Drone1 - INFO - Starting DroneAgent...
2026-07-01 18:36:38,274 - Drone1.SimulationBackend - INFO - Connecting SimulationBackend...
2026-07-01 18:36:38,275 - Drone1.SimulationBackend - INFO - Connecting to SITL simulation via udpin://0.0.0.0:14540
2026-07-01 18:36:43,281 - Drone1.SimulationBackend - ERROR - Timeout: MAVSDK server failed to start (check for orphaned mavsdk_server processes holding port 14540)
2026-07-01 18:36:43,380 - Drone1.SimulationBackend - ERROR - SimulationBackend connection failed.
2026-07-01 18:36:43,381 - Drone1.SimulationBackend - INFO - Stopping SimulationBackend...
2026-07-01 18:36:43,381 - Drone1 - ERROR - Backend connection failed. Exiting.
2026-07-01 18:41:37,337 - Drone1 - INFO - Logger initialized for drone 1
2026-07-01 18:41:37,341 - Drone1 - INFO - BackendFactory: Creating SimulationBackend
2026-07-01 18:41:37,343 - Drone1.SimulationBackend - INFO - Existing MAVSDK server detected.
2026-07-01 18:41:37,346 - Drone1.SimulationBackend - INFO - Connected to existing server.
2026-07-01 18:41:37,346 - Drone1.Communication - INFO - Communication initialized on 0.0.0.0:14560
2026-07-01 18:41:37,347 - Drone1.StateMachine - INFO - StateMachine initialized
2026-07-01 18:41:37,348 - Drone1 - INFO - DroneAgent initialized
2026-07-01 18:41:37,348 - Drone1 - INFO - Starting DroneAgent...
2026-07-01 18:41:37,348 - Drone1.SimulationBackend - INFO - Connecting SimulationBackend...
2026-07-01 18:41:37,350 - Drone1.SimulationBackend - INFO - Connecting to SITL simulation via udpin://0.0.0.0:14540
2026-07-01 18:41:37,368 - Drone1.SimulationBackend - INFO - Waiting for drone discovery (Attempt 1/5)...
2026-07-01 18:41:47,390 - Drone1.SimulationBackend - WARNING - Connection state or health check timed out (Attempt 1).
2026-07-01 18:41:49,397 - Drone1.SimulationBackend - INFO - Waiting for drone discovery (Attempt 2/5)...
2026-07-01 18:41:59,408 - Drone1.SimulationBackend - WARNING - Connection state or health check timed out (Attempt 2).
2026-07-01 18:42:01,411 - Drone1.SimulationBackend - INFO - Waiting for drone discovery (Attempt 3/5)...
2026-07-01 18:42:11,422 - Drone1.SimulationBackend - WARNING - Connection state or health check timed out (Attempt 3).
2026-07-01 18:42:13,426 - Drone1.SimulationBackend - INFO - Waiting for drone discovery (Attempt 4/5)...
2026-07-01 18:42:23,442 - Drone1.SimulationBackend - WARNING - Connection state or health check timed out (Attempt 4).
2026-07-01 18:42:25,447 - Drone1.SimulationBackend - INFO - Waiting for drone discovery (Attempt 5/5)...
2026-07-01 18:42:35,457 - Drone1.SimulationBackend - WARNING - Connection state or health check timed out (Attempt 5).
2026-07-01 18:42:35,458 - Drone1.SimulationBackend - ERROR - Failed to connect to SITL simulation after maximum retries.
2026-07-01 18:42:35,505 - Drone1.SimulationBackend - ERROR - SimulationBackend connection failed.
2026-07-01 18:42:35,505 - Drone1.SimulationBackend - INFO - Stopping SimulationBackend...
2026-07-01 18:42:35,505 - Drone1 - ERROR - Backend connection failed. Exiting.
2026-07-02 10:59:50,263 - Drone1 - INFO - Logger initialized for drone 1
2026-07-02 10:59:50,265 - Drone1 - INFO - BackendFactory: Creating SimulationBackend
2026-07-02 10:59:50,266 - Drone1.SimulationBackend - INFO - Starting embedded MAVSDK server.
2026-07-02 10:59:50,267 - Drone1.SimulationBackend - INFO - Embedded server started successfully.
2026-07-02 10:59:50,267 - Drone1.Communication - INFO - Communication initialized on 0.0.0.0:14560
2026-07-02 10:59:50,268 - Drone1.StateMachine - INFO - StateMachine initialized
2026-07-02 10:59:50,268 - Drone1 - INFO - DroneAgent initialized
2026-07-02 10:59:50,268 - Drone1 - INFO - Starting DroneAgent...
2026-07-02 10:59:50,269 - Drone1.SimulationBackend - INFO - Connecting SimulationBackend...
2026-07-02 10:59:50,370 - Drone1.SimulationBackend - ERROR - SimulationBackend connection failed.
2026-07-02 10:59:50,371 - Drone1.SimulationBackend - INFO - Stopping SimulationBackend...
2026-07-02 10:59:50,372 - Drone1 - ERROR - Backend connection failed. Exiting.
2026-07-02 11:04:16,330 - Drone1 - INFO - Logger initialized for drone 1
2026-07-02 11:04:16,330 - Drone1 - INFO - BackendFactory: Creating SimulationBackend
2026-07-02 11:04:16,331 - Drone1.SimulationBackend - INFO - Starting embedded MAVSDK server.
2026-07-02 11:04:16,331 - Drone1.SimulationBackend - INFO - Embedded server started successfully.
2026-07-02 11:04:16,331 - Drone1.Communication - INFO - Communication initialized on 0.0.0.0:14560
2026-07-02 11:04:16,331 - Drone1.StateMachine - INFO - StateMachine initialized
2026-07-02 11:04:16,332 - Drone1 - INFO - DroneAgent initialized
2026-07-02 11:04:16,332 - Drone1 - INFO - Starting DroneAgent...
2026-07-02 11:04:16,332 - Drone1.SimulationBackend - INFO - Connecting SimulationBackend...
2026-07-02 11:04:16,332 - Drone1.SimulationBackend - INFO - Connecting
2026-07-02 11:04:16,333 - Drone1.SimulationBackend - ERROR - Failed to start MAVSDK server: 'SimulationBackend' object has no attribute 'connection_url'
2026-07-02 11:04:16,333 - Drone1.SimulationBackend - INFO - Waiting connection
2026-07-02 11:04:16,333 - Drone1.SimulationBackend - ERROR - Connection state error: Core plugin has not been initialized! Did you run `System.connect()`?
2026-07-02 11:04:16,333 - Drone1.SimulationBackend - INFO - Retrying connection...
2026-07-02 11:04:18,335 - Drone1.SimulationBackend - INFO - Waiting connection
2026-07-02 11:04:18,335 - Drone1.SimulationBackend - ERROR - Connection state error: Core plugin has not been initialized! Did you run `System.connect()`?
2026-07-02 11:04:18,335 - Drone1.SimulationBackend - INFO - Retrying connection...
2026-07-02 11:04:20,337 - Drone1.SimulationBackend - INFO - Waiting connection
2026-07-02 11:04:20,337 - Drone1.SimulationBackend - ERROR - Connection state error: Core plugin has not been initialized! Did you run `System.connect()`?
2026-07-02 11:04:20,337 - Drone1.SimulationBackend - INFO - Retrying connection...
2026-07-02 11:04:22,339 - Drone1.SimulationBackend - INFO - Waiting connection
2026-07-02 11:04:22,339 - Drone1.SimulationBackend - ERROR - Connection state error: Core plugin has not been initialized! Did you run `System.connect()`?
2026-07-02 11:04:22,339 - Drone1.SimulationBackend - INFO - Retrying connection...
2026-07-02 11:04:24,341 - Drone1.SimulationBackend - INFO - Waiting connection
2026-07-02 11:04:24,341 - Drone1.SimulationBackend - ERROR - Connection state error: Core plugin has not been initialized! Did you run `System.connect()`?
2026-07-02 11:04:24,341 - Drone1.SimulationBackend - ERROR - Failed to connect to SITL simulation after maximum retries.
2026-07-02 11:04:24,441 - Drone1.SimulationBackend - ERROR - SimulationBackend connection failed.
2026-07-02 11:04:24,442 - Drone1.SimulationBackend - INFO - Stopping SimulationBackend...
2026-07-02 11:04:24,442 - Drone1 - ERROR - Backend connection failed. Exiting.
2026-07-02 11:10:12,758 - Drone1 - INFO - Logger initialized for drone 1
2026-07-02 11:10:12,758 - Drone1 - INFO - BackendFactory: Creating SimulationBackend
2026-07-02 11:10:12,759 - Drone1.SimulationBackend - INFO - Starting embedded MAVSDK server.
2026-07-02 11:10:12,759 - Drone1.SimulationBackend - INFO - Embedded server started successfully.
2026-07-02 11:10:12,760 - Drone1.Communication - INFO - Communication initialized on 0.0.0.0:14560
2026-07-02 11:10:12,760 - Drone1.StateMachine - INFO - StateMachine initialized
2026-07-02 11:10:12,760 - Drone1 - INFO - DroneAgent initialized
2026-07-02 11:10:12,760 - Drone1 - INFO - Starting DroneAgent...
2026-07-02 11:10:12,760 - Drone1.SimulationBackend - INFO - Connecting SimulationBackend...
2026-07-02 11:10:12,761 - Drone1.SimulationBackend - INFO - Connecting
2026-07-02 11:10:17,766 - Drone1.SimulationBackend - ERROR - Timeout: MAVSDK server failed to start
2026-07-02 11:10:17,875 - Drone1.SimulationBackend - ERROR - SimulationBackend connection failed.
2026-07-02 11:10:17,876 - Drone1.SimulationBackend - INFO - Stopping SimulationBackend...
2026-07-02 11:10:17,876 - Drone1 - ERROR - Backend connection failed. Exiting.
2026-07-02 11:21:06,632 - Drone1 - INFO - Logger initialized for drone 1
2026-07-02 11:21:06,634 - Drone1 - INFO - BackendFactory: Creating SimulationBackend
2026-07-02 11:21:06,634 - Drone1.SimulationBackend - INFO - Embedded MAVSDK server will be started.
2026-07-02 11:21:06,634 - Drone1.Communication - INFO - Communication initialized on 0.0.0.0:14560
2026-07-02 11:28:10,355 - Drone1 - INFO - Logger initialized for drone 1
2026-07-02 11:28:10,355 - Drone1 - INFO - BackendFactory: Creating SimulationBackend
2026-07-02 11:28:10,356 - Drone1.SimulationBackend - INFO - Embedded MAVSDK server will be started.
2026-07-02 11:28:10,356 - Drone1.Communication - INFO - Communication initialized on 0.0.0.0:14560
2026-07-02 11:28:10,356 - Drone1.StateMachine - INFO - StateMachine initialized
2026-07-02 11:28:10,357 - Drone1 - INFO - DroneAgent initialized
2026-07-02 11:28:10,357 - Drone1 - INFO - Starting DroneAgent...
2026-07-02 11:28:10,357 - Drone1.SimulationBackend - INFO - Connecting SimulationBackend...
2026-07-02 11:28:10,357 - Drone1.SimulationBackend - INFO - Launching embedded MAVSDK server subprocess...
2026-07-02 11:28:10,458 - Drone1.SimulationBackend - ERROR - SimulationBackend connection failed.
2026-07-02 11:28:10,459 - Drone1.SimulationBackend - INFO - Stopping SimulationBackend...
2026-07-02 11:28:10,459 - Drone1 - ERROR - Backend connection failed. Exiting.
2026-07-02 11:51:25,260 - Drone1 - INFO - Logger initialized for drone 1
2026-07-02 11:51:25,261 - Drone1 - INFO - BackendFactory: Creating SimulationBackend
2026-07-02 11:51:25,261 - Drone1.SimulationBackend - INFO - Embedded MAVSDK server will be started.
2026-07-02 11:51:25,261 - Drone1.Communication - INFO - Communication initialized on 0.0.0.0:14560
2026-07-02 11:51:25,261 - Drone1.StateMachine - INFO - StateMachine initialized
2026-07-02 11:51:25,262 - Drone1 - INFO - DroneAgent initialized
2026-07-02 11:51:25,262 - Drone1 - INFO - Starting DroneAgent...
2026-07-02 11:51:25,262 - Drone1.SimulationBackend - INFO - Connecting SimulationBackend...
2026-07-02 11:51:25,262 - Drone1.SimulationBackend - INFO - Launching embedded MAVSDK server subprocess: /home/priyanshu/DroneAgent/venv/lib/python3.12/site-packages/mavsdk/bin/mavsdk_server
2026-07-02 11:51:26,271 - Drone1.SimulationBackend - INFO - Attempting System.connect() to embedded server
2026-07-02 11:51:26,294 - Drone1.SimulationBackend - INFO - Waiting connection
2026-07-02 11:51:26,297 - Drone1.SimulationBackend - INFO - Embedded server started successfully and is accepting connections.
2026-07-02 11:51:26,297 - Drone1.SimulationBackend - INFO - Connection established
2026-07-02 11:51:26,297 - Drone1.SimulationBackend - INFO - Health received
2026-07-02 11:51:26,584 - Drone1.SimulationBackend - INFO - GPS OK
2026-07-02 11:51:26,584 - Drone1.SimulationBackend - INFO - Global position OK
2026-07-02 11:51:26,584 - Drone1.SimulationBackend - INFO - Ready
2026-07-02 11:51:26,663 - Drone1.SimulationBackend - INFO - SimulationBackend successfully connected to MAVSDK.
2026-07-02 11:51:26,664 - Drone1.Telemetry - INFO - Telemetry background tasks scheduled
2026-07-02 11:51:26,664 - Drone1.Communication - INFO - Communication started
2026-07-02 11:51:26,668 - Drone1.Decision - INFO - Decision engine started
2026-07-02 11:51:26,668 - Drone1.MovementController - INFO - Movement controller started
2026-07-02 11:51:26,668 - Drone1.Heartbeat - INFO - Heartbeat started at 10.0 Hz
2026-07-02 11:51:26,668 - Drone1 - INFO - All subsystems started
2026-07-02 12:22:28,517 - Drone1.Telemetry - ERROR - Armed telemetry error: <AioRpcError of RPC that terminated with:
	status = StatusCode.UNAVAILABLE
	details = "Stream removed (Socket closed)"
	debug_error_string = "UNAVAILABLE:Stream removed (Socket closed)"
>
2026-07-02 12:22:28,525 - Drone1.Telemetry - WARNING - MAVSDK Connection lost (<AioRpcError of RPC that terminated with:
	status = StatusCode.UNAVAILABLE
	details = "Stream removed (Socket closed)"
	debug_error_string = "UNAVAILABLE:Stream removed (Socket closed)"
>)! Initiating exponential backoff reconnect...
2026-07-02 12:22:28,526 - Drone1.Telemetry - INFO - Telemetry stopped
2026-07-02 12:22:28,526 - Drone1.Telemetry - ERROR - Battery telemetry error: <AioRpcError of RPC that terminated with:
	status = StatusCode.UNAVAILABLE
	details = "Stream removed (Socket closed)"
	debug_error_string = "UNAVAILABLE:Stream removed (Socket closed)"
>
2026-07-02 12:22:28,526 - Drone1.Telemetry - INFO - Reconnect attempt 1/5 after 1 seconds...
2026-07-02 12:22:28,526 - Drone1.Telemetry - ERROR - Health telemetry error: <AioRpcError of RPC that terminated with:
	status = StatusCode.UNAVAILABLE
	details = "Stream removed (Socket closed)"
	debug_error_string = "UNAVAILABLE:Stream removed (Socket closed)"
>
2026-07-02 12:22:28,527 - Drone1.Telemetry - ERROR - In-air telemetry error: <AioRpcError of RPC that terminated with:
	status = StatusCode.UNAVAILABLE
	details = "Stream removed (Socket closed)"
	debug_error_string = "UNAVAILABLE:Stream removed (Socket closed)"
>
2026-07-02 12:22:28,527 - Drone1.Telemetry - ERROR - Home telemetry error: <AioRpcError of RPC that terminated with:
	status = StatusCode.UNAVAILABLE
	details = "Stream removed (Socket closed)"
	debug_error_string = "UNAVAILABLE:Stream removed (Socket closed)"
>
2026-07-02 12:22:28,527 - Drone1.SimulationBackend - ERROR - Telemetry error: <AioRpcError of RPC that terminated with:
	status = StatusCode.UNAVAILABLE
	details = "Stream removed (Socket closed)"
	debug_error_string = "UNAVAILABLE:Stream removed (Socket closed)"
>
2026-07-02 12:22:28,540 - Drone1 - INFO - Received signal 15, initiating shutdown...
2026-07-02 12:22:28,540 - Drone1 - INFO - Shutting down DroneAgent...
2026-07-02 12:22:28,540 - Drone1.Heartbeat - INFO - Heartbeat stopped
2026-07-02 12:22:28,554 - Drone1.MovementController - INFO - Movement controller stopped
2026-07-02 12:22:28,569 - Drone1.Decision - INFO - Decision engine stopped
2026-07-02 12:22:28,570 - Drone1.Telemetry - INFO - Telemetry stopped
2026-07-02 12:22:28,570 - Drone1.Communication - INFO - Communication stopped
2026-07-02 12:22:28,570 - Drone1.SimulationBackend - INFO - Stopping SimulationBackend...
2026-07-02 12:22:28,570 - Drone1.SimulationBackend - INFO - Terminating embedded MAVSDK server subprocess...
2026-07-02 12:22:28,570 - Drone1 - INFO - DroneAgent shutdown complete
2026-07-02 12:23:15,961 - Drone1 - INFO - Logger initialized for drone 1
2026-07-02 12:23:15,962 - Drone1 - INFO - BackendFactory: Creating SimulationBackend
2026-07-02 12:23:15,962 - Drone1.SimulationBackend - INFO - Embedded MAVSDK server will be started.
2026-07-02 12:23:15,962 - Drone1.Communication - INFO - Communication initialized on 0.0.0.0:14560
2026-07-02 12:23:15,963 - Drone1.StateMachine - INFO - StateMachine initialized
2026-07-02 12:23:15,963 - Drone1 - INFO - DroneAgent initialized
2026-07-02 12:23:15,963 - Drone1 - INFO - Starting DroneAgent...
2026-07-02 12:23:15,963 - Drone1.SimulationBackend - INFO - Connecting SimulationBackend...
2026-07-02 12:23:15,963 - Drone1.SimulationBackend - INFO - Launching embedded MAVSDK server subprocess: /home/priyanshu/DroneAgent/venv/lib/python3.12/site-packages/mavsdk/bin/mavsdk_server
2026-07-02 12:23:16,964 - Drone1.SimulationBackend - INFO - Attempting System.connect() to embedded server
2026-07-02 12:23:16,972 - Drone1.SimulationBackend - INFO - Waiting connection
2026-07-02 12:23:16,973 - Drone1.SimulationBackend - INFO - Embedded server started successfully and is accepting connections.
2026-07-02 12:23:16,974 - Drone1.SimulationBackend - INFO - Connection established
2026-07-02 12:23:16,974 - Drone1.SimulationBackend - INFO - Health received
2026-07-02 12:23:17,630 - Drone1.SimulationBackend - INFO - GPS OK
2026-07-02 12:23:17,630 - Drone1.SimulationBackend - INFO - Global position OK
2026-07-02 12:23:17,630 - Drone1.SimulationBackend - INFO - Ready
2026-07-02 12:23:17,665 - Drone1.SimulationBackend - INFO - SimulationBackend successfully connected to MAVSDK.
2026-07-02 12:23:17,665 - Drone1.Telemetry - INFO - Telemetry background tasks scheduled
2026-07-02 12:23:17,668 - Drone1.Communication - INFO - Communication started
2026-07-02 12:23:17,668 - Drone1.Decision - INFO - Decision engine started
2026-07-02 12:23:17,668 - Drone1.MovementController - INFO - Movement controller started
2026-07-02 12:23:17,668 - Drone1.Heartbeat - INFO - Heartbeat started at 10.0 Hz
2026-07-02 12:23:17,668 - Drone1 - INFO - All subsystems started
2026-07-02 12:23:18,048 - Drone1 - INFO - Starting PySide6 GUI Loop
2026-07-02 12:24:15,097 - Drone1.SimulationBackend - INFO - Disarming simulation drone...
2026-07-02 12:27:00,718 - Drone1.SimulationBackend - INFO - Stopping SimulationBackend...
2026-07-02 12:27:00,718 - Drone1.SimulationBackend - INFO - Terminating embedded MAVSDK server subprocess...
2026-07-02 12:27:05,584 - Drone1.SimulationBackend - INFO - Connecting SimulationBackend...
2026-07-02 12:27:05,585 - Drone1.SimulationBackend - INFO - SimulationBackend successfully connected to MAVSDK.
2026-07-02 12:27:05,586 - Drone1.SimulationBackend - INFO - Launching embedded MAVSDK server subprocess: /home/priyanshu/DroneAgent/venv/lib/python3.12/site-packages/mavsdk/bin/mavsdk_server
2026-07-02 12:27:05,588 - Drone1.Telemetry - ERROR - Battery telemetry error: <AioRpcError of RPC that terminated with:
	status = StatusCode.UNAVAILABLE
	details = "Stream removed (Socket closed)"
	debug_error_string = "UNAVAILABLE:Stream removed (Socket closed)"
>
2026-07-02 12:27:05,588 - Drone1.Telemetry - WARNING - MAVSDK Connection lost (<AioRpcError of RPC that terminated with:
	status = StatusCode.UNAVAILABLE
	details = "Stream removed (Socket closed)"
	debug_error_string = "UNAVAILABLE:Stream removed (Socket closed)"
>)! Initiating exponential backoff reconnect...
2026-07-02 12:27:05,588 - Drone1.Telemetry - INFO - Telemetry stopped
2026-07-02 12:27:05,588 - Drone1.Telemetry - ERROR - In-air telemetry error: <AioRpcError of RPC that terminated with:
	status = StatusCode.UNAVAILABLE
	details = "Stream removed (Socket closed)"
	debug_error_string = "UNAVAILABLE:Stream removed (Socket closed)"
>
2026-07-02 12:27:05,589 - Drone1.Telemetry - INFO - Reconnect attempt 1/5 after 1 seconds...
2026-07-02 12:27:05,589 - Drone1.Telemetry - ERROR - Home telemetry error: <AioRpcError of RPC that terminated with:
	status = StatusCode.UNAVAILABLE
	details = "Stream removed (Socket closed)"
	debug_error_string = "UNAVAILABLE:Stream removed (Socket closed)"
>
2026-07-02 12:27:05,590 - Drone1.Telemetry - ERROR - Armed telemetry error: <AioRpcError of RPC that terminated with:
	status = StatusCode.UNAVAILABLE
	details = "Stream removed (Socket closed)"
	debug_error_string = "UNAVAILABLE:Stream removed (Socket closed)"
>
2026-07-02 12:27:05,590 - Drone1.Telemetry - ERROR - Position velocity NED telemetry error: <AioRpcError of RPC that terminated with:
	status = StatusCode.UNAVAILABLE
	details = "Stream removed (Socket closed)"
	debug_error_string = "UNAVAILABLE:Stream removed (Socket closed)"
>
2026-07-02 12:27:05,590 - Drone1.Telemetry - ERROR - GPS telemetry error: <AioRpcError of RPC that terminated with:
	status = StatusCode.UNAVAILABLE
	details = "Stream removed (Socket closed)"
	debug_error_string = "UNAVAILABLE:Stream removed (Socket closed)"
>
2026-07-02 12:27:05,590 - Drone1.Telemetry - ERROR - Attitude telemetry error: <AioRpcError of RPC that terminated with:
	status = StatusCode.UNAVAILABLE
	details = "Stream removed (Socket closed)"
	debug_error_string = "UNAVAILABLE:Stream removed (Socket closed)"
>
2026-07-02 12:27:05,591 - Drone1.Telemetry - ERROR - Health telemetry error: <AioRpcError of RPC that terminated with:
	status = StatusCode.UNAVAILABLE
	details = "Stream removed (Socket closed)"
	debug_error_string = "UNAVAILABLE:Stream removed (Socket closed)"
>
2026-07-02 12:27:06,587 - Drone1.SimulationBackend - INFO - Attempting System.connect() to embedded server
2026-07-02 12:27:06,590 - Drone1.SimulationBackend - WARNING - Reconnecting SimulationBackend...
2026-07-02 12:27:06,590 - Drone1.SimulationBackend - INFO - Stopping SimulationBackend...
2026-07-02 12:27:06,591 - Drone1.SimulationBackend - INFO - Waiting connection
2026-07-02 12:27:06,592 - Drone1.SimulationBackend - INFO - Embedded server started successfully and is accepting connections.
2026-07-02 12:27:06,592 - Drone1.SimulationBackend - INFO - Connection established
2026-07-02 12:27:06,592 - Drone1.SimulationBackend - INFO - Health received
2026-07-02 12:27:07,629 - Drone1.SimulationBackend - INFO - GPS OK
2026-07-02 12:27:07,629 - Drone1.SimulationBackend - INFO - Global position OK
2026-07-02 12:27:07,629 - Drone1.SimulationBackend - INFO - Ready
2026-07-02 12:27:07,630 - Drone1.SimulationBackend - INFO - Terminating embedded MAVSDK server subprocess...
2026-07-02 12:27:07,636 - Drone1.SimulationBackend - INFO - Embedded MAVSDK server will be started.
2026-07-02 12:27:07,636 - Drone1.SimulationBackend - INFO - Connecting SimulationBackend...
2026-07-02 12:27:07,636 - Drone1.SimulationBackend - INFO - Launching embedded MAVSDK server subprocess: /home/priyanshu/DroneAgent/venv/lib/python3.12/site-packages/mavsdk/bin/mavsdk_server
2026-07-02 12:27:08,637 - Drone1.SimulationBackend - INFO - Attempting System.connect() to embedded server
2026-07-02 12:27:08,640 - Drone1.SimulationBackend - INFO - Waiting connection
2026-07-02 12:27:08,640 - Drone1.SimulationBackend - INFO - Embedded server started successfully and is accepting connections.
2026-07-02 12:27:08,640 - Drone1.SimulationBackend - INFO - Connection established
2026-07-02 12:27:08,641 - Drone1.SimulationBackend - INFO - Health received
2026-07-02 12:27:09,630 - Drone1.SimulationBackend - INFO - GPS OK
2026-07-02 12:27:09,631 - Drone1.SimulationBackend - INFO - Global position OK
2026-07-02 12:27:09,631 - Drone1.SimulationBackend - INFO - Ready
2026-07-02 12:27:09,638 - Drone1.SimulationBackend - INFO - SimulationBackend successfully connected to MAVSDK.
2026-07-02 12:27:09,638 - Drone1.Telemetry - INFO - Reconnect successful! Restarting telemetry...
2026-07-02 12:27:09,648 - Drone1.Telemetry - INFO - Telemetry background tasks scheduled
2026-07-02 12:27:48,863 - Drone1 - INFO - Shutting down DroneAgent...
2026-07-02 12:27:48,863 - Drone1.Heartbeat - INFO - Heartbeat stopped
2026-07-02 12:27:48,874 - Drone1.MovementController - INFO - Movement controller stopped
2026-07-02 12:27:48,889 - Drone1.Decision - INFO - Decision engine stopped
2026-07-02 12:27:48,890 - Drone1.Telemetry - INFO - Telemetry stopped
2026-07-02 12:27:48,891 - Drone1.Communication - INFO - Communication stopped
2026-07-02 12:27:48,892 - Drone1.SimulationBackend - INFO - Stopping SimulationBackend...
2026-07-02 12:27:48,892 - Drone1.SimulationBackend - INFO - Terminating embedded MAVSDK server subprocess...
2026-07-02 12:27:48,895 - Drone1 - INFO - DroneAgent shutdown complete
2026-07-02 12:29:31,601 - Drone1 - INFO - Logger initialized for drone 1
2026-07-02 12:29:31,601 - Drone1 - INFO - BackendFactory: Creating SimulationBackend
2026-07-02 12:29:31,602 - Drone1.SimulationBackend - INFO - Embedded MAVSDK server will be started.
2026-07-02 12:29:31,603 - Drone1.Communication - INFO - Communication initialized on 0.0.0.0:14560
2026-07-02 12:29:31,603 - Drone1.StateMachine - INFO - StateMachine initialized
2026-07-02 12:29:31,604 - Drone1 - INFO - DroneAgent initialized
2026-07-02 12:29:31,604 - Drone1 - INFO - Starting DroneAgent...
2026-07-02 12:29:31,604 - Drone1.SimulationBackend - INFO - Connecting SimulationBackend...
2026-07-02 12:29:31,604 - Drone1.SimulationBackend - INFO - Launching embedded MAVSDK server subprocess: /home/priyanshu/DroneAgent/venv/lib/python3.12/site-packages/mavsdk/bin/mavsdk_server
2026-07-02 12:29:32,606 - Drone1.SimulationBackend - INFO - Attempting System.connect() to embedded server
2026-07-02 12:29:32,614 - Drone1.SimulationBackend - INFO - Waiting connection
2026-07-02 12:29:32,616 - Drone1.SimulationBackend - INFO - Embedded server started successfully and is accepting connections.
2026-07-02 12:29:32,616 - Drone1.SimulationBackend - INFO - Connection established
2026-07-02 12:29:32,616 - Drone1.SimulationBackend - INFO - Health received
2026-07-02 12:29:32,988 - Drone1.SimulationBackend - INFO - GPS OK
2026-07-02 12:29:32,989 - Drone1.SimulationBackend - INFO - Global position OK
2026-07-02 12:29:32,989 - Drone1.SimulationBackend - INFO - Ready
2026-07-02 12:29:33,006 - Drone1.SimulationBackend - INFO - SimulationBackend successfully connected to MAVSDK.
2026-07-02 12:29:33,006 - Drone1.Telemetry - INFO - Telemetry background tasks scheduled
2026-07-02 12:29:33,009 - Drone1.Communication - INFO - Communication started
2026-07-02 12:29:33,010 - Drone1.Decision - INFO - Decision engine started
2026-07-02 12:29:33,010 - Drone1.MovementController - INFO - Movement controller started
2026-07-02 12:29:33,010 - Drone1.Heartbeat - INFO - Heartbeat started at 10.0 Hz
2026-07-02 12:29:33,010 - Drone1 - INFO - All subsystems started
2026-07-02 12:29:33,387 - Drone1 - INFO - Starting PySide6 GUI Loop
2026-07-02 12:31:30,346 - Drone1.SimulationBackend - INFO - Disarming simulation drone...
2026-07-02 12:31:30,532 - Drone1.SimulationBackend - INFO - Disarming simulation drone...
2026-07-02 12:31:30,722 - Drone1.SimulationBackend - INFO - Disarming simulation drone...
2026-07-02 12:31:30,898 - Drone1.SimulationBackend - INFO - Disarming simulation drone...
2026-07-02 12:31:31,078 - Drone1.SimulationBackend - INFO - Disarming simulation drone...
2026-07-02 12:31:35,462 - Drone1.SimulationBackend - INFO - Taking off in simulation to 10.0m...
2026-07-02 12:32:05,463 - Drone1.SimulationBackend - ERROR - Takeoff failed: 
2026-07-02 12:32:05,509 - Drone1.SimulationBackend - INFO - Taking off in simulation to 10.0m...
2026-07-02 12:32:35,510 - Drone1.SimulationBackend - ERROR - Takeoff failed: 
2026-07-02 12:34:25,631 - Drone1.SimulationBackend - INFO - Disarming simulation drone...
2026-07-02 12:34:26,619 - Drone1.SimulationBackend - INFO - Landing simulation drone...
2026-07-02 12:34:27,665 - Drone1.SimulationBackend - INFO - Landing simulation drone...
2026-07-02 12:34:34,744 - Drone1.SimulationBackend - INFO - Taking off in simulation to 10.0m...
2026-07-02 12:35:04,744 - Drone1.SimulationBackend - ERROR - Takeoff failed: 
2026-07-02 12:35:04,776 - Drone1.SimulationBackend - INFO - Taking off in simulation to 10.0m...
2026-07-02 12:40:06,914 - Drone1 - INFO - Logger initialized for drone 1
2026-07-02 12:40:06,914 - Drone1 - INFO - BackendFactory: Creating SimulationBackend
2026-07-02 12:40:06,915 - Drone1.SimulationBackend - INFO - Embedded MAVSDK server will be started.
2026-07-02 12:40:06,916 - Drone1.Communication - INFO - Communication initialized on 0.0.0.0:14560
2026-07-02 12:40:06,916 - Drone1.StateMachine - INFO - StateMachine initialized
2026-07-02 12:40:06,916 - Drone1 - INFO - DroneAgent initialized
2026-07-02 12:40:06,916 - Drone1 - INFO - Starting DroneAgent...
2026-07-02 12:40:06,916 - Drone1.SimulationBackend - INFO - Connecting SimulationBackend...
2026-07-02 12:40:06,917 - Drone1.SimulationBackend - INFO - Launching embedded MAVSDK server subprocess: /home/priyanshu/DroneAgent/venv/lib/python3.12/site-packages/mavsdk/bin/mavsdk_server
2026-07-02 12:40:07,919 - Drone1.SimulationBackend - INFO - Attempting System.connect() to embedded server
2026-07-02 12:40:07,929 - Drone1.SimulationBackend - INFO - Waiting connection
2026-07-02 12:40:07,930 - Drone1.SimulationBackend - INFO - Embedded server started successfully and is accepting connections.
2026-07-02 12:40:07,930 - Drone1.SimulationBackend - INFO - Connection established
2026-07-02 12:40:07,930 - Drone1.SimulationBackend - INFO - Health received
2026-07-02 12:40:08,844 - Drone1.SimulationBackend - INFO - GPS OK
2026-07-02 12:40:08,844 - Drone1.SimulationBackend - INFO - Global position OK
2026-07-02 12:40:08,844 - Drone1.SimulationBackend - INFO - Ready
2026-07-02 12:40:08,919 - Drone1.SimulationBackend - INFO - SimulationBackend successfully connected to MAVSDK.
2026-07-02 12:40:08,920 - Drone1.Telemetry - INFO - Telemetry background tasks scheduled
2026-07-02 12:40:08,922 - Drone1.Communication - INFO - Communication started
2026-07-02 12:40:08,923 - Drone1.Decision - INFO - Decision engine started
2026-07-02 12:40:08,923 - Drone1.MovementController - INFO - Movement controller started
2026-07-02 12:40:08,923 - Drone1.Heartbeat - INFO - Heartbeat started at 10.0 Hz
2026-07-02 12:40:08,923 - Drone1 - INFO - All subsystems started
2026-07-02 12:40:09,311 - Drone1 - INFO - Starting PySide6 GUI Loop
2026-07-02 12:40:15,442 - Drone1.SimulationBackend - INFO - Connecting SimulationBackend...
2026-07-02 12:40:15,442 - Drone1.SimulationBackend - INFO - SimulationBackend successfully connected to MAVSDK.
2026-07-02 12:40:21,316 - Drone1.SimulationBackend - INFO - Connecting SimulationBackend...
2026-07-02 12:40:21,317 - Drone1.SimulationBackend - INFO - SimulationBackend successfully connected to MAVSDK.
2026-07-02 12:40:22,337 - Drone1.SimulationBackend - INFO - Connecting SimulationBackend...
2026-07-02 12:40:22,337 - Drone1.SimulationBackend - INFO - SimulationBackend successfully connected to MAVSDK.
2026-07-02 12:40:22,540 - Drone1.SimulationBackend - INFO - Connecting SimulationBackend...
2026-07-02 12:40:22,540 - Drone1.SimulationBackend - INFO - SimulationBackend successfully connected to MAVSDK.
2026-07-02 12:40:22,720 - Drone1.SimulationBackend - INFO - Connecting SimulationBackend...
2026-07-02 12:40:22,720 - Drone1.SimulationBackend - INFO - SimulationBackend successfully connected to MAVSDK.
2026-07-02 12:40:23,957 - Drone1.SimulationBackend - INFO - Disarming simulation drone...
2026-07-02 12:40:25,663 - Drone1.SimulationBackend - INFO - Taking off in simulation to 10.0m...
2026-07-02 12:40:25,663 - Drone1.SimulationBackend - INFO - Auto-arming before takeoff...
2026-07-02 12:40:44,816 - Drone1.SimulationBackend - INFO - Landing simulation drone...
2026-07-02 12:41:05,257 - Drone1.SimulationBackend - INFO - Taking off in simulation to 10.0m...
2026-07-02 12:41:06,505 - Drone1.SimulationBackend - INFO - Taking off in simulation to 10.0m...
2026-07-02 12:41:07,792 - Drone1.SimulationBackend - INFO - Taking off in simulation to 10.0m...
2026-07-02 12:41:09,583 - Drone1.SimulationBackend - INFO - Taking off in simulation to 10.0m...
2026-07-02 12:41:09,763 - Drone1.SimulationBackend - INFO - Taking off in simulation to 10.0m...
2026-07-02 12:41:09,943 - Drone1.SimulationBackend - INFO - Taking off in simulation to 10.0m...
2026-07-02 12:41:11,168 - Drone1.SimulationBackend - INFO - Taking off in simulation to 10.0m...
2026-07-02 12:41:11,694 - Drone1.SimulationBackend - INFO - Taking off in simulation to 10.0m...
2026-07-02 12:41:11,874 - Drone1.SimulationBackend - INFO - Taking off in simulation to 10.0m...
2026-07-02 12:41:12,536 - Drone1.SimulationBackend - INFO - Disarming simulation drone...
2026-07-02 12:41:13,622 - Drone1.SimulationBackend - INFO - Taking off in simulation to 10.0m...
2026-07-02 12:41:13,623 - Drone1.SimulationBackend - INFO - Auto-arming before takeoff...
2026-07-02 12:41:41,768 - Drone1.SimulationBackend - INFO - Landing simulation drone...
2026-07-02 12:41:45,135 - Drone1.SimulationBackend - INFO - Simulation returning to launch...
2026-07-02 12:41:50,605 - Drone1.SimulationBackend - INFO - Disarming simulation drone...
2026-07-02 12:41:52,579 - Drone1.SimulationBackend - INFO - Disarming simulation drone...
2026-07-02 12:41:54,340 - Drone1.SimulationBackend - INFO - Disarming simulation drone...
2026-07-02 12:41:55,235 - Drone1.SimulationBackend - INFO - Disarming simulation drone...
2026-07-02 12:42:05,912 - Drone1.SimulationBackend - INFO - Stopping SimulationBackend...
2026-07-02 12:42:05,913 - Drone1.SimulationBackend - INFO - Terminating embedded MAVSDK server subprocess...
2026-07-02 12:42:07,656 - Drone1.SimulationBackend - INFO - Connecting SimulationBackend...
2026-07-02 12:42:07,657 - Drone1.SimulationBackend - INFO - SimulationBackend successfully connected to MAVSDK.
2026-07-02 12:42:07,657 - Drone1.SimulationBackend - INFO - Launching embedded MAVSDK server subprocess: /home/priyanshu/DroneAgent/venv/lib/python3.12/site-packages/mavsdk/bin/mavsdk_server
2026-07-02 12:42:07,659 - Drone1.Telemetry - ERROR - Battery telemetry error: <AioRpcError of RPC that terminated with:
	status = StatusCode.UNAVAILABLE
	details = "Stream removed (Socket closed)"
	debug_error_string = "UNAVAILABLE:Stream removed (Socket closed)"
>
2026-07-02 12:42:07,659 - Drone1.Telemetry - WARNING - MAVSDK Connection lost (<AioRpcError of RPC that terminated with:
	status = StatusCode.UNAVAILABLE
	details = "Stream removed (Socket closed)"
	debug_error_string = "UNAVAILABLE:Stream removed (Socket closed)"
>)! Initiating exponential backoff reconnect...
2026-07-02 12:42:07,659 - Drone1.Telemetry - INFO - Telemetry stopped
2026-07-02 12:42:07,660 - Drone1.Telemetry - ERROR - Home telemetry error: <AioRpcError of RPC that terminated with:
	status = StatusCode.UNAVAILABLE
	details = "Stream removed (Socket closed)"
	debug_error_string = "UNAVAILABLE:Stream removed (Socket closed)"
>
2026-07-02 12:42:07,660 - Drone1.Telemetry - INFO - Reconnect attempt 1/5 after 1 seconds...
2026-07-02 12:42:07,661 - Drone1.Telemetry - ERROR - Attitude telemetry error: <AioRpcError of RPC that terminated with:
	status = StatusCode.UNAVAILABLE
	details = "Stream removed (Socket closed)"
	debug_error_string = "UNAVAILABLE:Stream removed (Socket closed)"
>
2026-07-02 12:42:07,661 - Drone1.Telemetry - ERROR - Position velocity NED telemetry error: <AioRpcError of RPC that terminated with:
	status = StatusCode.UNAVAILABLE
	details = "Stream removed (Socket closed)"
	debug_error_string = "UNAVAILABLE:Stream removed (Socket closed)"
>
2026-07-02 12:42:07,661 - Drone1.Telemetry - ERROR - GPS telemetry error: <AioRpcError of RPC that terminated with:
	status = StatusCode.UNAVAILABLE
	details = "Stream removed (Socket closed)"
	debug_error_string = "UNAVAILABLE:Stream removed (Socket closed)"
>
2026-07-02 12:42:07,661 - Drone1.Telemetry - ERROR - Armed telemetry error: <AioRpcError of RPC that terminated with:
	status = StatusCode.UNAVAILABLE
	details = "Stream removed (Socket closed)"
	debug_error_string = "UNAVAILABLE:Stream removed (Socket closed)"
>
2026-07-02 12:42:07,661 - Drone1.Telemetry - ERROR - In-air telemetry error: <AioRpcError of RPC that terminated with:
	status = StatusCode.UNAVAILABLE
	details = "Stream removed (Socket closed)"
	debug_error_string = "UNAVAILABLE:Stream removed (Socket closed)"
>
2026-07-02 12:42:07,662 - Drone1.Telemetry - ERROR - Health telemetry error: <AioRpcError of RPC that terminated with:
	status = StatusCode.UNAVAILABLE
	details = "Stream removed (Socket closed)"
	debug_error_string = "UNAVAILABLE:Stream removed (Socket closed)"
>
2026-07-02 12:42:08,067 - Drone1.SimulationBackend - INFO - Connecting SimulationBackend...
2026-07-02 12:42:08,067 - Drone1.SimulationBackend - INFO - SimulationBackend successfully connected to MAVSDK.
2026-07-02 12:42:08,255 - Drone1.SimulationBackend - INFO - Connecting SimulationBackend...
2026-07-02 12:42:08,255 - Drone1.SimulationBackend - INFO - SimulationBackend successfully connected to MAVSDK.
2026-07-02 12:42:08,658 - Drone1.SimulationBackend - INFO - Attempting System.connect() to embedded server
2026-07-02 12:42:08,661 - Drone1.SimulationBackend - WARNING - Reconnecting SimulationBackend...
2026-07-02 12:42:08,664 - Drone1.SimulationBackend - INFO - Stopping SimulationBackend...
2026-07-02 12:42:08,665 - Drone1.SimulationBackend - INFO - Waiting connection
2026-07-02 12:42:08,667 - Drone1.SimulationBackend - INFO - Embedded server started successfully and is accepting connections.
2026-07-02 12:42:08,667 - Drone1.SimulationBackend - INFO - Connection established
2026-07-02 12:42:08,667 - Drone1.SimulationBackend - INFO - Health received
2026-07-02 12:42:09,843 - Drone1.SimulationBackend - INFO - GPS OK
2026-07-02 12:42:09,843 - Drone1.SimulationBackend - INFO - Global position OK
2026-07-02 12:42:09,843 - Drone1.SimulationBackend - INFO - Ready
2026-07-02 12:42:09,844 - Drone1.SimulationBackend - INFO - Terminating embedded MAVSDK server subprocess...
2026-07-02 12:42:09,849 - Drone1.SimulationBackend - INFO - Embedded MAVSDK server will be started.
2026-07-02 12:42:09,849 - Drone1.SimulationBackend - INFO - Connecting SimulationBackend...
2026-07-02 12:42:09,850 - Drone1.SimulationBackend - INFO - Launching embedded MAVSDK server subprocess: /home/priyanshu/DroneAgent/venv/lib/python3.12/site-packages/mavsdk/bin/mavsdk_server
2026-07-02 12:42:10,851 - Drone1.SimulationBackend - INFO - Attempting System.connect() to embedded server
2026-07-02 12:42:10,856 - Drone1.SimulationBackend - INFO - Waiting connection
2026-07-02 12:42:10,858 - Drone1.SimulationBackend - INFO - Embedded server started successfully and is accepting connections.
2026-07-02 12:42:10,859 - Drone1.SimulationBackend - INFO - Connection established
2026-07-02 12:42:10,859 - Drone1.SimulationBackend - INFO - Health received
2026-07-02 12:42:11,844 - Drone1.SimulationBackend - INFO - GPS OK
2026-07-02 12:42:11,844 - Drone1.SimulationBackend - INFO - Global position OK
2026-07-02 12:42:11,844 - Drone1.SimulationBackend - INFO - Ready
2026-07-02 12:42:11,852 - Drone1.SimulationBackend - INFO - SimulationBackend successfully connected to MAVSDK.
2026-07-02 12:42:11,852 - Drone1.Telemetry - INFO - Reconnect successful! Restarting telemetry...
2026-07-02 12:42:11,853 - Drone1.Telemetry - INFO - Telemetry background tasks scheduled
2026-07-02 12:42:26,431 - Drone1.SimulationBackend - INFO - Disarming simulation drone...
2026-07-02 12:44:25,176 - Drone1.SimulationBackend - INFO - Stopping SimulationBackend...
2026-07-02 12:44:25,177 - Drone1.SimulationBackend - INFO - Terminating embedded MAVSDK server subprocess...
2026-07-02 12:44:26,020 - Drone1.SimulationBackend - INFO - Connecting SimulationBackend...
2026-07-02 12:44:26,021 - Drone1.SimulationBackend - INFO - SimulationBackend successfully connected to MAVSDK.
2026-07-02 12:44:26,021 - Drone1.SimulationBackend - INFO - Launching embedded MAVSDK server subprocess: /home/priyanshu/DroneAgent/venv/lib/python3.12/site-packages/mavsdk/bin/mavsdk_server
2026-07-02 12:44:26,023 - Drone1.Telemetry - ERROR - In-air telemetry error: <AioRpcError of RPC that terminated with:
	status = StatusCode.UNAVAILABLE
	details = "Stream removed (Socket closed)"
	debug_error_string = "UNAVAILABLE:Stream removed (Socket closed)"
>
2026-07-02 12:44:26,024 - Drone1.Telemetry - WARNING - MAVSDK Connection lost (<AioRpcError of RPC that terminated with:
	status = StatusCode.UNAVAILABLE
	details = "Stream removed (Socket closed)"
	debug_error_string = "UNAVAILABLE:Stream removed (Socket closed)"
>)! Initiating exponential backoff reconnect...
2026-07-02 12:44:26,024 - Drone1.Telemetry - ERROR - Home telemetry error: <AioRpcError of RPC that terminated with:
	status = StatusCode.UNAVAILABLE
	details = "Stream removed (Socket closed)"
	debug_error_string = "UNAVAILABLE:Stream removed (Socket closed)"
>
2026-07-02 12:44:26,024 - Drone1.Telemetry - INFO - Telemetry stopped
2026-07-02 12:44:26,024 - Drone1.Telemetry - INFO - Reconnect attempt 1/5 after 1 seconds...
2026-07-02 12:44:26,025 - Drone1.Telemetry - ERROR - Armed telemetry error: <AioRpcError of RPC that terminated with:
	status = StatusCode.UNAVAILABLE
	details = "Stream removed (Socket closed)"
	debug_error_string = "UNAVAILABLE:Stream removed (Socket closed)"
>
2026-07-02 12:44:26,025 - Drone1.Telemetry - ERROR - GPS telemetry error: <AioRpcError of RPC that terminated with:
	status = StatusCode.UNAVAILABLE
	details = "Stream removed (Socket closed)"
	debug_error_string = "UNAVAILABLE:Stream removed (Socket closed)"
>
2026-07-02 12:44:26,025 - Drone1.Telemetry - ERROR - Position velocity NED telemetry error: <AioRpcError of RPC that terminated with:
	status = StatusCode.UNAVAILABLE
	details = "Stream removed (Socket closed)"
	debug_error_string = "UNAVAILABLE:Stream removed (Socket closed)"
>
2026-07-02 12:44:26,025 - Drone1.Telemetry - ERROR - Attitude telemetry error: <AioRpcError of RPC that terminated with:
	status = StatusCode.UNAVAILABLE
	details = "Stream removed (Socket closed)"
	debug_error_string = "UNAVAILABLE:Stream removed (Socket closed)"
>
2026-07-02 12:44:26,025 - Drone1.Telemetry - ERROR - Health telemetry error: <AioRpcError of RPC that terminated with:
	status = StatusCode.UNAVAILABLE
	details = "Stream removed (Socket closed)"
	debug_error_string = "UNAVAILABLE:Stream removed (Socket closed)"
>
2026-07-02 12:44:26,025 - Drone1.Telemetry - ERROR - Battery telemetry error: <AioRpcError of RPC that terminated with:
	status = StatusCode.UNAVAILABLE
	details = "Stream removed (Socket closed)"
	debug_error_string = "UNAVAILABLE:Stream removed (Socket closed)"
>
2026-07-02 12:44:27,023 - Drone1.SimulationBackend - INFO - Attempting System.connect() to embedded server
2026-07-02 12:44:27,025 - Drone1.SimulationBackend - WARNING - Reconnecting SimulationBackend...
2026-07-02 12:44:27,025 - Drone1.SimulationBackend - INFO - Stopping SimulationBackend...
2026-07-02 12:44:27,027 - Drone1.SimulationBackend - INFO - Waiting connection
2026-07-02 12:44:27,029 - Drone1.SimulationBackend - INFO - Embedded server started successfully and is accepting connections.
2026-07-02 12:44:27,029 - Drone1.SimulationBackend - INFO - Connection established
2026-07-02 12:44:27,029 - Drone1.SimulationBackend - INFO - Health received
2026-07-02 12:44:27,843 - Drone1.SimulationBackend - INFO - GPS OK
2026-07-02 12:44:27,843 - Drone1.SimulationBackend - INFO - Global position OK
2026-07-02 12:44:27,844 - Drone1.SimulationBackend - INFO - Ready
2026-07-02 12:44:27,844 - Drone1.SimulationBackend - INFO - Terminating embedded MAVSDK server subprocess...
2026-07-02 12:44:27,848 - Drone1.SimulationBackend - INFO - Embedded MAVSDK server will be started.
2026-07-02 12:44:27,849 - Drone1.SimulationBackend - INFO - Connecting SimulationBackend...
2026-07-02 12:44:27,849 - Drone1.SimulationBackend - INFO - Launching embedded MAVSDK server subprocess: /home/priyanshu/DroneAgent/venv/lib/python3.12/site-packages/mavsdk/bin/mavsdk_server
2026-07-02 12:44:28,851 - Drone1.SimulationBackend - INFO - Attempting System.connect() to embedded server
2026-07-02 12:44:28,855 - Drone1.SimulationBackend - INFO - Waiting connection
2026-07-02 12:44:28,857 - Drone1.SimulationBackend - INFO - Embedded server started successfully and is accepting connections.
2026-07-02 12:44:28,857 - Drone1.SimulationBackend - INFO - Connection established
2026-07-02 12:44:28,858 - Drone1.SimulationBackend - INFO - Health received
2026-07-02 12:44:29,844 - Drone1.SimulationBackend - INFO - GPS OK
2026-07-02 12:44:29,844 - Drone1.SimulationBackend - INFO - Global position OK
2026-07-02 12:44:29,844 - Drone1.SimulationBackend - INFO - Ready
2026-07-02 12:44:29,851 - Drone1.SimulationBackend - INFO - SimulationBackend successfully connected to MAVSDK.
2026-07-02 12:44:29,852 - Drone1.Telemetry - INFO - Reconnect successful! Restarting telemetry...
2026-07-02 12:44:29,852 - Drone1.Telemetry - INFO - Telemetry background tasks scheduled
2026-07-02 12:48:43,038 - Drone1.SimulationBackend - INFO - Taking off in simulation to 10.0m...
2026-07-02 12:48:43,039 - Drone1.SimulationBackend - INFO - Auto-arming before takeoff...
2026-07-02 13:00:02,006 - Drone1.SimulationBackend - INFO - Taking off in simulation to 10.0m...
2026-07-02 13:00:02,810 - Drone1.SimulationBackend - INFO - Taking off in simulation to 10.0m...
2026-07-02 13:01:59,504 - Drone1.SimulationBackend - INFO - Simulation returning to launch...
2026-07-02 13:03:25,130 - Drone1.SimulationBackend - INFO - Stopping SimulationBackend...
2026-07-02 13:03:25,132 - Drone1.SimulationBackend - INFO - Terminating embedded MAVSDK server subprocess...
2026-07-02 13:07:22,805 - Drone1 - INFO - Received signal 15, initiating shutdown...
2026-07-02 13:07:22,805 - Drone1 - INFO - Shutting down DroneAgent...
2026-07-02 13:07:22,806 - Drone1.Heartbeat - INFO - Heartbeat stopped
2026-07-02 13:07:22,820 - Drone1.MovementController - INFO - Movement controller stopped
2026-07-02 13:07:22,843 - Drone1.Decision - INFO - Decision engine stopped
2026-07-02 13:07:22,844 - Drone1.Telemetry - INFO - Telemetry stopped
2026-07-02 13:07:22,844 - Drone1.Communication - INFO - Communication stopped
2026-07-02 13:07:22,844 - Drone1.SimulationBackend - INFO - Stopping SimulationBackend...
2026-07-02 13:07:22,844 - Drone1 - INFO - DroneAgent shutdown complete
2026-07-02 15:00:00,621 - Drone1 - INFO - Logger initialized for drone 1
2026-07-02 15:00:00,630 - Drone1 - INFO - BackendFactory: Creating SimulationBackend
2026-07-02 15:00:00,631 - Drone1.SimulationBackend - INFO - Embedded MAVSDK server will be started.
2026-07-02 15:00:00,631 - Drone1.Communication - INFO - Communication initialized on 0.0.0.0:14560
2026-07-02 15:00:00,632 - Drone1.StateMachine - INFO - StateMachine initialized
2026-07-02 15:00:00,633 - Drone1 - INFO - DroneAgent initialized
